// This file is auto-generated by emoji_converter.py. Do not edit directly.
#include "builtin_emojis.h"
#include <esp_attr.h>

static const uint8_t emoji_203C[] = {0x00, 0x00, 0x98, 0x01, 0x98, 0x01, 0x98, 0x01, 0x98, 0x01, 0x98, 0x01, 0x98, 0x01, 0x98, 0x01, 0x00, 0x00, 0x90, 0x00, 0x98, 0x01, 0x00, 0x00};
static const uint8_t emoji_2049[] = {0x00, 0x00, 0xEC, 0x03, 0x3C, 0x03, 0x0C, 0x02, 0x0C, 0x03, 0x8C, 0x03, 0x8C, 0x01, 0xCC, 0x00, 0x00, 0x00, 0x84, 0x00, 0xCC, 0x00, 0x00, 0x00};
static const uint8_t emoji_20E3[] = {0x00, 0x00, 0xFE, 0x07, 0x02, 0x04, 0x02, 0x04, 0x02, 0x04, 0x02, 0x04, 0x02, 0x04, 0x02, 0x04, 0x02, 0x04, 0x02, 0x06, 0xFE, 0x07, 0x00, 0x00};
static const uint8_t emoji_2122[] = {0x00, 0x00, 0x00, 0x00, 0x00, 0x00, 0x7E, 0x04, 0xCC, 0x06, 0xCC, 0x06, 0xCC, 0x07, 0xCC, 0x05, 0x4C, 0x05, 0x00, 0x00, 0x00, 0x00, 0x00, 0x00};
static const uint8_t emoji_2139[] = {0x00, 0x00, 0xFE, 0x07, 0x9E, 0x07, 0x9E, 0x07, 0xDE, 0x07, 0x9E, 0x07, 0x9E, 0x07, 0x9E, 0x07, 0x9E, 0x07, 0x9E, 0x07, 0xFE, 0x07, 0x00, 0x00};
static const uint8_t emoji_2194[] = {0x00, 0x00, 0xFE, 0x07, 0xFE, 0x07, 0x6E, 0x07, 0x66, 0x06, 0x02, 0x04, 0x02, 0x04, 0x66, 0x07, 0xFE, 0x07, 0xFE, 0x07, 0xFE, 0x07, 0x00, 0x00};
static const uint8_t emoji_2195[] = {0x00, 0x00, 0xFE, 0x07, 0x9E, 0x07, 0x0E, 0x07, 0x0E, 0x07, 0x9E, 0x07, 0x9E, 0x07, 0x0E, 0x07, 0x8E, 0x07, 0xDE, 0x07, 0xFE, 0x07, 0x00, 0x00};
static const uint8_t emoji_2196[] = {0x00, 0x00, 0xFE, 0x07, 0xFE, 0x07, 0x86, 0x07, 0xC6, 0x07, 0x86, 0x07, 0x36, 0x07, 0x7E, 0x06, 0xFE, 0x06, 0xFE, 0x07, 0xFE, 0x07, 0x00, 0x00};
static const uint8_t emoji_2197[] = {0x00, 0x00, 0xFE, 0x07, 0xFE, 0x07, 0x1E, 0x06, 0x3E, 0x06, 0x1E, 0x06, 0x8E, 0x06, 0xC6, 0x07, 0xEE, 0x07, 0xFE, 0x07, 0xFE, 0x07, 0x00, 0x00};
static const uint8_t emoji_2198[] = {0x00, 0x00, 0xFE, 0x07, 0xFE, 0x07, 0xE6, 0x07, 0xCE, 0x07, 0x9E, 0x06, 0x3E, 0x06, 0x3E, 0x06, 0x1E, 0x06, 0xFE, 0x07, 0xFE, 0x07, 0x00, 0x00};
static const uint8_t emoji_2199[] = {0x00, 0x00, 0xFE, 0x07, 0xFE, 0x07, 0x7E, 0x06, 0x3E, 0x06, 0x16, 0x07, 0x86, 0x07, 0xC6, 0x07, 0x86, 0x07, 0xFE, 0x07, 0xFE, 0x07, 0x00, 0x00};
static const uint8_t emoji_21A9[] = {0x00, 0x00, 0xFE, 0x07, 0x1E, 0x06, 0x1E, 0x04, 0xFE, 0x05, 0xE6, 0x05, 0x02, 0x04, 0x02, 0x06, 0xE6, 0x07, 0xEE, 0x07, 0xFE, 0x07, 0x00, 0x00};
static const uint8_t emoji_21AA[] = {0x00, 0x00, 0xFE, 0x07, 0x86, 0x07, 0x82, 0x07, 0xFA, 0x07, 0x7A, 0x06, 0x02, 0x04, 0x06, 0x04, 0x7E, 0x06, 0x7E, 0x07, 0xFE, 0x07, 0x00, 0x00};
static const uint8_t emoji_231A[] = {0x00, 0x00, 0xF0, 0x00, 0x88, 0x01, 0x08, 0x01, 0x04, 0x02, 0x24, 0x04, 0x04, 0x04, 0x04, 0x02, 0x08, 0x01, 0x98, 0x01, 0xF0, 0x00, 0x00, 0x00};
static const uint8_t emoji_231B[] = {0x00, 0x00, 0xFC, 0x03, 0xF8, 0x01, 0x08, 0x01, 0x90, 0x00, 0x60, 0x00, 0x60, 0x00, 0x90, 0x00, 0x08, 0x01, 0x08, 0x01, 0xFC, 0x03, 0x00, 0x00};
static const uint8_t emoji_2328[] = {0x00, 0x00, 0x00, 0x00, 0x00, 0x00, 0xFE, 0x07, 0x02, 0x04, 0x02, 0x04, 0x02, 0x04, 0x02, 0x04, 0xFE, 0x07, 0x00, 0x00, 0x00, 0x00, 0x00, 0x00};
static const uint8_t emoji_23CF[] = {0x00, 0x00, 0xFE, 0x07, 0xFE, 0x07, 0x9E, 0x07, 0x9E, 0x07, 0x0E, 0x07, 0x06, 0x06, 0xFE, 0x07, 0x06, 0x06, 0xFE, 0x07, 0xFE, 0x07, 0x00, 0x00};
static const uint8_t emoji_23E9[] = {0x00, 0x00, 0xFE, 0x07, 0xFE, 0x07, 0xFE, 0x07, 0x32, 0x07, 0x02, 0x04, 0x02, 0x04, 0x32, 0x07, 0xFE, 0x07, 0xFE, 0x07, 0xFE, 0x07, 0x00, 0x00};
static const uint8_t emoji_23EA[] = {0x00, 0x00, 0xFE, 0x07, 0xFE, 0x07, 0xFE, 0x07, 0xCE, 0x04, 0x06, 0x04, 0x06, 0x04, 0xCE, 0x04, 0xFE, 0x07, 0xFE, 0x07, 0xFE, 0x07, 0x00, 0x00};
static const uint8_t emoji_23EB[] = {0x00, 0x00, 0xFE, 0x07, 0xFE, 0x07, 0x9E, 0x07, 0x0E, 0x07, 0x0E, 0x07, 0x9E, 0x07, 0x9E, 0x07, 0x0E, 0x07, 0x0E, 0x07, 0xFE, 0x07, 0x00, 0x00};
static const uint8_t emoji_23EC[] = {0x00, 0x00, 0xFE, 0x07, 0x0E, 0x07, 0x0E, 0x07, 0x9E, 0x07, 0x9E, 0x07, 0x0E, 0x07, 0x0E, 0x07, 0x9E, 0x07, 0xFE, 0x07, 0xFE, 0x07, 0x00, 0x00};
static const uint8_t emoji_23ED[] = {0x00, 0x00, 0xFE, 0x07, 0xFE, 0x07, 0xFE, 0x05, 0x92, 0x05, 0x02, 0x04, 0x02, 0x04, 0x92, 0x05, 0xFE, 0x05, 0xFE, 0x07, 0xFE, 0x07, 0x00, 0x00};
static const uint8_t emoji_23EE[] = {0x00, 0x00, 0xFE, 0x07, 0xFE, 0x07, 0xFE, 0x07, 0x9A, 0x04, 0x02, 0x04, 0x02, 0x04, 0x9A, 0x04, 0xFE, 0x07, 0xFE, 0x07, 0xFE, 0x07, 0x00, 0x00};
static const uint8_t emoji_23EF[] = {0x00, 0x00, 0xFE, 0x07, 0xFE, 0x07, 0xFE, 0x07, 0x32, 0x04, 0x02, 0x04, 0x02, 0x04, 0x32, 0x04, 0xFE, 0x07, 0xFE, 0x07, 0xFE, 0x07, 0x00, 0x00};
static const uint8_t emoji_23F0[] = {0x00, 0x00, 0x9C, 0x03, 0xFE, 0x07, 0x98, 0x01, 0x04, 0x02, 0x04, 0x02, 0x64, 0x02, 0x04, 0x02, 0x04, 0x02, 0x08, 0x01, 0xF8, 0x01, 0x00, 0x00};
static const uint8_t emoji_23F1[] = {0x00, 0x00, 0x60, 0x00, 0x60, 0x00, 0x98, 0x03, 0x64, 0x02, 0x64, 0x02, 0x64, 0x02, 0x04, 0x02, 0x04, 0x02, 0x0C, 0x03, 0xF0, 0x00, 0x00, 0x00};
static const uint8_t emoji_23F2[] = {0x00, 0x00, 0xF0, 0x00, 0xFC, 0x01, 0xFC, 0x03, 0xFE, 0x03, 0xFE, 0x07, 0xFE, 0x07, 0xFE, 0x07, 0xFE, 0x07, 0xFE, 0x07, 0xFE, 0x07, 0x00, 0x00};
static const uint8_t emoji_23F3[] = {0x00, 0x00, 0xFC, 0x03, 0xF8, 0x01, 0x08, 0x01, 0x90, 0x00, 0x60, 0x00, 0x60, 0x00, 0x90, 0x00, 0x08, 0x01, 0x08, 0x01, 0xFC, 0x03, 0x00, 0x00};
static const uint8_t emoji_23F8[] = {0x00, 0x00, 0xFE, 0x07, 0xFE, 0x07, 0xFE, 0x07, 0x6E, 0x07, 0x6E, 0x07, 0x6E, 0x07, 0x6E, 0x07, 0xFE, 0x07, 0xFE, 0x07, 0xFE, 0x07, 0x00, 0x00};
static const uint8_t emoji_23F9[] = {0x00, 0x00, 0xFE, 0x07, 0xFE, 0x07, 0x0E, 0x07, 0x06, 0x06, 0x06, 0x06, 0x06, 0x06, 0x06, 0x06, 0x0E, 0x07, 0xFE, 0x07, 0xFE, 0x07, 0x00, 0x00};
static const uint8_t emoji_23FA[] = {0x00, 0x00, 0xFE, 0x07, 0xFE, 0x07, 0xFE, 0x07, 0x0E, 0x07, 0x0E, 0x07, 0x0E, 0x07, 0x0E, 0x07, 0xFE, 0x07, 0xFE, 0x07, 0xFE, 0x07, 0x00, 0x00};
static const uint8_t emoji_24C2[] = {0x00, 0x00, 0xF8, 0x01, 0xFC, 0x03, 0x76, 0x06, 0x66, 0x06, 0x26, 0x06, 0x06, 0x06, 0x16, 0x06, 0xD6, 0x06, 0xFC, 0x03, 0xF8, 0x01, 0x00, 0x00};
static const uint8_t emoji_25AA[] = {0x00, 0x00, 0x00, 0x00, 0x00, 0x00, 0x00, 0x00, 0x00, 0x00, 0x60, 0x00, 0x60, 0x00, 0x00, 0x00, 0x00, 0x00, 0x00, 0x00, 0x00, 0x00, 0x00, 0x00};
static const uint8_t emoji_25AB[] = {0x00, 0x00, 0x00, 0x00, 0x00, 0x00, 0x00, 0x00, 0x00, 0x00, 0x60, 0x00, 0x60, 0x00, 0x00, 0x00, 0x00, 0x00, 0x00, 0x00, 0x00, 0x00, 0x00, 0x00};
static const uint8_t emoji_25B6[] = {0x00, 0x00, 0xFE, 0x07, 0xFE, 0x07, 0xFE, 0x07, 0xCE, 0x07, 0x0E, 0x07, 0x0E, 0x07, 0xCE, 0x07, 0xFE, 0x07, 0xFE, 0x07, 0xFE, 0x07, 0x00, 0x00};
static const uint8_t emoji_25C0[] = {0x00, 0x00, 0xFE, 0x07, 0xFE, 0x07, 0xFE, 0x07, 0x1E, 0x07, 0x0E, 0x07, 0x0E, 0x07, 0x3E, 0x07, 0xFE, 0x07, 0xFE, 0x07, 0xFE, 0x07, 0x00, 0x00};
static const uint8_t emoji_25FB[] = {0x00, 0x00, 0x00, 0x00, 0xFC, 0x03, 0xFC, 0x03, 0xFC, 0x03, 0xFC, 0x03, 0xFC, 0x03, 0xFC, 0x03, 0xFC, 0x03, 0xFC, 0x03, 0x00, 0x00, 0x00, 0x00};
static const uint8_t emoji_25FC[] = {0x00, 0x00, 0x00, 0x00, 0xFC, 0x03, 0xFC, 0x03, 0xFC, 0x03, 0xFC, 0x03, 0xFC, 0x03, 0xFC, 0x03, 0xFC, 0x03, 0xFC, 0x03, 0x00, 0x00, 0x00, 0x00};
static const uint8_t emoji_25FD[] = {0x00, 0x00, 0x00, 0x00, 0x00, 0x00, 0x00, 0x00, 0xF8, 0x00, 0xF0, 0x00, 0xF0, 0x00, 0xF8, 0x00, 0x00, 0x00, 0x00, 0x00, 0x00, 0x00, 0x00, 0x00};
static const uint8_t emoji_25FE[] = {0x00, 0x00, 0x00, 0x00, 0x00, 0x00, 0x00, 0x00, 0xF8, 0x00, 0xF0, 0x00, 0xF0, 0x00, 0xF8, 0x00, 0x00, 0x00, 0x00, 0x00, 0x00, 0x00, 0x00, 0x00};
static const uint8_t emoji_2600[] = {0x00, 0x00, 0x40, 0x00, 0x48, 0x00, 0xF0, 0x02, 0xF8, 0x01, 0xFE, 0x01, 0xF8, 0x07, 0xF8, 0x00, 0xE4, 0x00, 0x20, 0x01, 0x20, 0x00, 0x00, 0x00};
static const uint8_t emoji_2601[] = {0x00, 0x00, 0x00, 0x00, 0xC0, 0x01, 0xE0, 0x03, 0xF8, 0x03, 0xFC, 0x03, 0xFE, 0x07, 0xFE, 0x07, 0xFC, 0x03, 0x80, 0x00, 0x00, 0x00, 0x00, 0x00};
static const uint8_t emoji_2602[] = {0x00, 0x00, 0x20, 0x00, 0xD8, 0x01, 0xE4, 0x03, 0xF2, 0x07, 0xFE, 0x07, 0x00, 0x00, 0x00, 0x00, 0x00, 0x00, 0x20, 0x00, 0x30, 0x00, 0x00, 0x00};
static const uint8_t emoji_2603[] = {0x00, 0x00, 0xE0, 0x00, 0xF0, 0x00, 0x90, 0x00, 0x94, 0x00, 0x90, 0x00, 0x94, 0x02, 0x08, 0x01, 0x08, 0x01, 0x08, 0x01, 0xF0, 0x00, 0x00, 0x00};
static const uint8_t emoji_2604[] = {0x00, 0x00, 0x00, 0x00, 0x00, 0x00, 0x00, 0x00, 0x60, 0x00, 0x90, 0x00, 0x88, 0x00, 0x44, 0x00, 0x22, 0x00, 0x12, 0x00, 0x0D, 0x00, 0x02, 0x00};
static const uint8_t emoji_260E[] = {0x00, 0x00, 0x00, 0x00, 0xFC, 0x03, 0xFE, 0x07, 0x06, 0x06, 0x06, 0x06, 0x04, 0x02, 0x04, 0x02, 0xF4, 0x02, 0xFC, 0x03, 0xFC, 0x03, 0x00, 0x00};
static const uint8_t emoji_2611[] = {0x00, 0x00, 0xFE, 0x07, 0xFE, 0x04, 0x7E, 0x06, 0x3A, 0x07, 0x12, 0x07, 0x92, 0x07, 0xC2, 0x07, 0xE6, 0x07, 0xF6, 0x07, 0xFE, 0x07, 0x00, 0x00};
static const uint8_t emoji_2614[] = {0x00, 0x00, 0x98, 0x00, 0xB0, 0x00, 0xCC, 0x03, 0x94, 0x03, 0xF6, 0x07, 0x98, 0x01, 0x00, 0x00, 0x00, 0x00, 0x00, 0x00, 0x30, 0x00, 0x00, 0x00};
static const uint8_t emoji_2615[] = {0x00, 0x00, 0x00, 0x00, 0x00, 0x00, 0xF8, 0x00, 0xFC, 0x03, 0xFC, 0x05, 0x04, 0x05, 0x04, 0x02, 0x02, 0x02, 0x02, 0x02, 0xFC, 0x01, 0x00, 0x00};
static const uint8_t emoji_2618[] = {0x00, 0x00, 0xE0, 0x01, 0xF0, 0x01, 0xFC, 0x01, 0xFE, 0x03, 0xFE, 0x07, 0xFE, 0x07, 0x8E, 0x07, 0x20, 0x03, 0x00, 0x00, 0x40, 0x00, 0x00, 0x00};
static const uint8_t emoji_261D[] = {0x00, 0x00, 0x80, 0x00, 0x80, 0x01, 0x80, 0x01, 0xE0, 0x01, 0xF8, 0x01, 0xF8, 0x01, 0xF8, 0x01, 0xF8, 0x01, 0xF8, 0x01, 0xF0, 0x00, 0x00, 0x00};
static const uint8_t emoji_2620[] = {0x00, 0x00, 0x06, 0x06, 0x66, 0x06, 0x98, 0x01, 0x08, 0x01, 0x98, 0x01, 0x98, 0x01, 0x68, 0x01, 0x08, 0x01, 0xF6, 0x06, 0x06, 0x06, 0x00, 0x00};
static const uint8_t emoji_2622[] = {0x00, 0x00, 0xF8, 0x01, 0x04, 0x02, 0x9A, 0x05, 0x9E, 0x07, 0xFE, 0x07, 0x42, 0x04, 0x62, 0x04, 0xE2, 0x04, 0xF4, 0x02, 0xF8, 0x01, 0x00, 0x00};
static const uint8_t emoji_2623[] = {0x00, 0x00, 0xF8, 0x01, 0x04, 0x02, 0x02, 0x05, 0xF2, 0x04, 0xFA, 0x05, 0xF6, 0x06, 0x62, 0x04, 0x62, 0x04, 0x04, 0x02, 0xF8, 0x01, 0x00, 0x00};
static const uint8_t emoji_2626[] = {0x00, 0x00, 0xFE, 0x07, 0x9E, 0x07, 0x0E, 0x07, 0x06, 0x04, 0x16, 0x06, 0x9E, 0x07, 0x8E, 0x07, 0x1E, 0x07, 0x9E, 0x07, 0xFE, 0x07, 0x00, 0x00};
static const uint8_t emoji_262A[] = {0x00, 0x00, 0xFE, 0x07, 0x0E, 0x07, 0xF6, 0x07, 0xF2, 0x07, 0xFA, 0x04, 0xFA, 0x04, 0xF2, 0x07, 0xF6, 0x07, 0x0E, 0x07, 0xFE, 0x07, 0x00, 0x00};
static const uint8_t emoji_262E[] = {0x00, 0x00, 0xFE, 0x07, 0x06, 0x06, 0x92, 0x04, 0x9A, 0x05, 0x9A, 0x05, 0x9A, 0x05, 0x0A, 0x05, 0xB2, 0x04, 0x06, 0x06, 0xFE, 0x07, 0x00, 0x00};
static const uint8_t emoji_262F[] = {0x00, 0x00, 0xFE, 0x07, 0x0E, 0x07, 0x46, 0x06, 0x02, 0x05, 0x82, 0x07, 0xE2, 0x07, 0xF2, 0x05, 0xF6, 0x07, 0x6E, 0x07, 0xFE, 0x07, 0x00, 0x00};
static const uint8_t emoji_2638[] = {0x00, 0x00, 0xFE, 0x07, 0x8E, 0x07, 0x56, 0x06, 0x0A, 0x06, 0x22, 0x04, 0x0A, 0x04, 0x06, 0x06, 0x06, 0x06, 0x9E, 0x07, 0xFE, 0x07, 0x00, 0x00};
static const uint8_t emoji_2639[] = {0x00, 0x00, 0xF0, 0x00, 0x0C, 0x03, 0x02, 0x04, 0x9A, 0x04, 0x92, 0x04, 0x22, 0x04, 0xF2, 0x04, 0x0C, 0x03, 0x0C, 0x03, 0xF0, 0x00, 0x00, 0x00};
static const uint8_t emoji_263A[] = {0x00, 0x00, 0xF0, 0x00, 0x0C, 0x03, 0x0A, 0x05, 0x02, 0x04, 0x9A, 0x05, 0x02, 0x04, 0x02, 0x04, 0x64, 0x02, 0x0C, 0x03, 0xF0, 0x00, 0x00, 0x00};
static const uint8_t emoji_2640[] = {0x00, 0x00, 0xF0, 0x00, 0x98, 0x01, 0x08, 0x01, 0x08, 0x01, 0x98, 0x01, 0xF8, 0x00, 0x60, 0x00, 0xF0, 0x00, 0xF0, 0x00, 0x60, 0x00, 0x00, 0x00};
static const uint8_t emoji_2642[] = {0x00, 0x00, 0x80, 0x07, 0x00, 0x07, 0x80, 0x07, 0xFC, 0x05, 0xEE, 0x00, 0x86, 0x00, 0x82, 0x00, 0xC6, 0x00, 0xEE, 0x00, 0x7C, 0x00, 0x00, 0x00};
static const uint8_t emoji_2648[] = {0x00, 0x00, 0xF8, 0x01, 0xFC, 0x03, 0x62, 0x06, 0x02, 0x04, 0x9E, 0x05, 0x9E, 0x07, 0x9E, 0x07, 0x9E, 0x07, 0xFC, 0x03, 0xF8, 0x01, 0x00, 0x00};
static const uint8_t emoji_2649[] = {0x00, 0x00, 0xF8, 0x01, 0xF4, 0x03, 0x76, 0x06, 0x0E, 0x07, 0x0E, 0x07, 0x66, 0x06, 0x66, 0x06, 0x0E, 0x07, 0x9C, 0x03, 0xF8, 0x01, 0x00, 0x00};
static const uint8_t emoji_264A[] = {0x00, 0x00, 0xF8, 0x01, 0xF4, 0x03, 0x02, 0x06, 0x0E, 0x07, 0x6E, 0x07, 0x6E, 0x07, 0x0E, 0x07, 0x06, 0x06, 0xFC, 0x03, 0xF8, 0x01, 0x00, 0x00};
static const uint8_t emoji_264B[] = {0x00, 0x00, 0xF8, 0x01, 0x84, 0x03, 0x02, 0x06, 0xD2, 0x07, 0x1A, 0x06, 0x86, 0x05, 0xBE, 0x04, 0x06, 0x06, 0x9C, 0x03, 0xF8, 0x01, 0x00, 0x00};
static const uint8_t emoji_264C[] = {0x00, 0x00, 0xF8, 0x01, 0xFC, 0x03, 0xFE, 0x07, 0xFE, 0x07, 0xFE, 0x07, 0xFE, 0x07, 0xFE, 0x07, 0xFE, 0x07, 0xFC, 0x03, 0xF8, 0x01, 0x00, 0x00};
static const uint8_t emoji_264D[] = {0x00, 0x00, 0xF8, 0x01, 0x84, 0x03, 0x02, 0x06, 0x42, 0x04, 0x02, 0x04, 0x02, 0x06, 0x42, 0x06, 0x1A, 0x06, 0x54, 0x02, 0xF8, 0x01, 0x00, 0x00};
static const uint8_t emoji_264E[] = {0x00, 0x00, 0xF8, 0x01, 0x94, 0x03, 0x0A, 0x07, 0x66, 0x06, 0x66, 0x06, 0x66, 0x06, 0x06, 0x06, 0x06, 0x06, 0xFC, 0x03, 0xF8, 0x01, 0x00, 0x00};
static const uint8_t emoji_264F[] = {0x00, 0x00, 0xF8, 0x01, 0xE4, 0x03, 0x02, 0x07, 0x52, 0x07, 0x56, 0x07, 0x52, 0x05, 0x52, 0x04, 0x5E, 0x06, 0xFC, 0x03, 0xF8, 0x01, 0x00, 0x00};
static const uint8_t emoji_2650[] = {0x00, 0x00, 0xF8, 0x01, 0xF4, 0x03, 0x3A, 0x06, 0x7E, 0x06, 0x2E, 0x06, 0xCE, 0x06, 0x8E, 0x07, 0xE6, 0x07, 0xFC, 0x03, 0xF8, 0x01, 0x00, 0x00};
static const uint8_t emoji_2651[] = {0x00, 0x00, 0xF8, 0x01, 0xEC, 0x03, 0xC6, 0x07, 0x96, 0x07, 0x96, 0x06, 0x16, 0x04, 0x36, 0x05, 0x3E, 0x06, 0x9C, 0x03, 0xF8, 0x01, 0x00, 0x00};
static const uint8_t emoji_2652[] = {0x00, 0x00, 0xF8, 0x01, 0xF4, 0x03, 0xF2, 0x06, 0x06, 0x06, 0x02, 0x04, 0x06, 0x06, 0x02, 0x04, 0xFA, 0x05, 0xFC, 0x03, 0xF8, 0x01, 0x00, 0x00};
static const uint8_t emoji_2653[] = {0x00, 0x00, 0xF8, 0x01, 0xF4, 0x03, 0xF6, 0x06, 0x6E, 0x07, 0x06, 0x06, 0x06, 0x06, 0x6E, 0x07, 0xF6, 0x06, 0xFC, 0x03, 0xF8, 0x01, 0x00, 0x00};
static const uint8_t emoji_265F[] = {0x00, 0x00, 0x60, 0x00, 0x70, 0x00, 0x60, 0x00, 0x60, 0x00, 0x60, 0x00, 0x60, 0x00, 0x90, 0x00, 0xF0, 0x01, 0xF8, 0x01, 0xF8, 0x01, 0x00, 0x00};
static const uint8_t emoji_2660[] = {0x00, 0x00, 0x60, 0x00, 0xF0, 0x00, 0xF8, 0x01, 0xFC, 0x03, 0xFC, 0x03, 0xFE, 0x07, 0xFE, 0x07, 0xFC, 0x03, 0x60, 0x00, 0xF8, 0x00, 0x00, 0x00};
static const uint8_t emoji_2663[] = {0x00, 0x00, 0xF0, 0x00, 0xF0, 0x00, 0xF0, 0x00, 0xF0, 0x00, 0xFE, 0x07, 0xFE, 0x07, 0xFE, 0x07, 0xFC, 0x03, 0x60, 0x00, 0xF0, 0x01, 0x00, 0x00};
static const uint8_t emoji_2665[] = {0x00, 0x00, 0x9C, 0x03, 0xFE, 0x07, 0xFE, 0x07, 0xFE, 0x07, 0xFE, 0x07, 0xFE, 0x07, 0xFC, 0x03, 0xF8, 0x01, 0xF0, 0x00, 0x60, 0x00, 0x00, 0x00};
static const uint8_t emoji_2666[] = {0x00, 0x00, 0x60, 0x00, 0xF0, 0x00, 0xF0, 0x00, 0xF8, 0x01, 0xFC, 0x03, 0xFC, 0x03, 0xF8, 0x01, 0xF0, 0x00, 0xF0, 0x00, 0x60, 0x00, 0x00, 0x00};
static const uint8_t emoji_2668[] = {0x00, 0x00, 0x60, 0x00, 0x2C, 0x01, 0xEC, 0x01, 0xEC, 0x01, 0x68, 0x03, 0x6E, 0x05, 0x26, 0x04, 0x06, 0x0E, 0xFE, 0x07, 0xFC, 0x03, 0x00, 0x00};
static const uint8_t emoji_267B[] = {0x00, 0x00, 0xF0, 0x00, 0x78, 0x01, 0x98, 0x01, 0x04, 0x02, 0x0A, 0x07, 0x0A, 0x07, 0x06, 0x06, 0xDC, 0x03, 0x7C, 0x03, 0x90, 0x00, 0x00, 0x00};
static const uint8_t emoji_267E[] = {0x00, 0x00, 0xFE, 0x07, 0xFE, 0x07, 0xFE, 0x07, 0x62, 0x06, 0x8A, 0x05, 0x9A, 0x05, 0x22, 0x04, 0xFE, 0x07, 0xFE, 0x07, 0xFE, 0x07, 0x00, 0x00};
static const uint8_t emoji_267F[] = {0x00, 0x00, 0xFE, 0x07, 0xCE, 0x06, 0x0E, 0x07, 0x1E, 0x07, 0x0E, 0x06, 0x36, 0x06, 0x72, 0x06, 0x36, 0x06, 0x86, 0x07, 0xFE, 0x07, 0x00, 0x00};
static const uint8_t emoji_2692[] = {0x00, 0x00, 0xD8, 0x01, 0x24, 0x03, 0x92, 0x07, 0x9A, 0x04, 0x76, 0x00, 0x60, 0x00, 0xF8, 0x00, 0x9C, 0x01, 0x0E, 0x03, 0x06, 0x02, 0x00, 0x00};
static const uint8_t emoji_2693[] = {0x00, 0x00, 0x60, 0x00, 0x60, 0x00, 0x60, 0x00, 0x60, 0x00, 0x60, 0x00, 0x60, 0x00, 0x66, 0x04, 0x66, 0x06, 0x98, 0x03, 0xF0, 0x01, 0x00, 0x00};
static const uint8_t emoji_2694[] = {0x00, 0x00, 0x02, 0x04, 0x04, 0x02, 0x08, 0x01, 0x90, 0x00, 0x60, 0x00, 0x60, 0x00, 0x90, 0x00, 0x0C, 0x03, 0x0C, 0x03, 0x02, 0x04, 0x00, 0x00};
static const uint8_t emoji_2695[] = {0x00, 0x00, 0x60, 0x00, 0x4C, 0x00, 0x7C, 0x00, 0xE0, 0x03, 0xF8, 0x01, 0x78, 0x00, 0xE0, 0x01, 0xE0, 0x01, 0x70, 0x00, 0x60, 0x00, 0x00, 0x00};
static const uint8_t emoji_2696[] = {0x00, 0x00, 0x00, 0x00, 0x64, 0x02, 0x6C, 0x03, 0x00, 0x00, 0x00, 0x00, 0x00, 0x00, 0x00, 0x00, 0x6E, 0x07, 0x60, 0x00, 0xF0, 0x00, 0x00, 0x00};
static const uint8_t emoji_2697[] = {0x00, 0x00, 0x78, 0x00, 0x84, 0x03, 0x02, 0x07, 0x82, 0x00, 0xFE, 0x00, 0xFE, 0x00, 0x7C, 0x00, 0x90, 0x00, 0x12, 0x00, 0x00, 0x00, 0x00, 0x00};
static const uint8_t emoji_2699[] = {0x00, 0x00, 0x60, 0x00, 0x6C, 0x03, 0xFC, 0x03, 0xF8, 0x01, 0x9E, 0x07, 0x9E, 0x07, 0xF8, 0x01, 0xFC, 0x03, 0x6C, 0x03, 0x60, 0x00, 0x00, 0x00};
static const uint8_t emoji_269B[] = {0x00, 0x00, 0xFE, 0x07, 0x9E, 0x07, 0x22, 0x06, 0x0A, 0x05, 0x22, 0x06, 0x22, 0x06, 0x0A, 0x05, 0x22, 0x06, 0x9E, 0x07, 0xFE, 0x07, 0x00, 0x00};
static const uint8_t emoji_269C[] = {0x00, 0x00, 0x60, 0x00, 0x60, 0x00, 0xF0, 0x00, 0xF0, 0x00, 0xEE, 0x07, 0xFA, 0x05, 0xF2, 0x04, 0xF8, 0x01, 0x60, 0x00, 0x60, 0x00, 0x00, 0x00};
static const uint8_t emoji_26A0[] = {0x00, 0x00, 0x60, 0x00, 0x60, 0x00, 0xD0, 0x00, 0xF0, 0x00, 0x68, 0x01, 0x68, 0x01, 0x64, 0x02, 0x64, 0x02, 0x62, 0x04, 0xFE, 0x07, 0x00, 0x00};
static const uint8_t emoji_26A1[] = {0x00, 0x00, 0x00, 0x01, 0x80, 0x00, 0xC0, 0x00, 0x70, 0x00, 0xF8, 0x03, 0xFC, 0x01, 0xE0, 0x00, 0x30, 0x00, 0x10, 0x00, 0x08, 0x00, 0x00, 0x00};
static const uint8_t emoji_26A7[] = {0x00, 0x00, 0x06, 0x07, 0x1E, 0x07, 0xFC, 0x01, 0x9C, 0x01, 0x18, 0x01, 0x98, 0x01, 0xF0, 0x00, 0x60, 0x00, 0x60, 0x00, 0x60, 0x00, 0x00, 0x00};
static const uint8_t emoji_26AA[] = {0x00, 0x00, 0xF8, 0x01, 0xFC, 0x03, 0xFE, 0x07, 0xFE, 0x07, 0xFE, 0x07, 0xFE, 0x07, 0xFE, 0x07, 0xFE, 0x07, 0xFC, 0x03, 0xF8, 0x01, 0x00, 0x00};
static const uint8_t emoji_26AB[] = {0x00, 0x00, 0xF8, 0x01, 0xFC, 0x03, 0xFE, 0x07, 0xFE, 0x07, 0xFE, 0x07, 0xFE, 0x07, 0xFE, 0x07, 0xFE, 0x07, 0xFC, 0x03, 0xF8, 0x01, 0x00, 0x00};
static const uint8_t emoji_26B0[] = {0x00, 0x00, 0x08, 0x00, 0x76, 0x00, 0x82, 0x00, 0x02, 0x01, 0x02, 0x02, 0x04, 0x02, 0x1C, 0x04, 0x30, 0x04, 0xC0, 0x07, 0x00, 0x03, 0x00, 0x00};
static const uint8_t emoji_26B1[] = {0x00, 0x00, 0xF0, 0x00, 0xF0, 0x00, 0xF8, 0x01, 0xF8, 0x01, 0xF8, 0x01, 0xF8, 0x01, 0xF8, 0x01, 0xF8, 0x01, 0xF0, 0x00, 0xF0, 0x00, 0x00, 0x00};
static const uint8_t emoji_26BD[] = {0x00, 0x00, 0xF8, 0x01, 0x8C, 0x02, 0xE6, 0x04, 0xE2, 0x05, 0xE2, 0x05, 0x82, 0x04, 0x0E, 0x04, 0x0E, 0x05, 0x8C, 0x03, 0xF8, 0x01, 0x00, 0x00};
static const uint8_t emoji_26BE[] = {0x00, 0x00, 0xF0, 0x00, 0xCC, 0x03, 0x84, 0x03, 0x0E, 0x06, 0x3A, 0x04, 0x32, 0x04, 0x62, 0x04, 0x62, 0x04, 0x4C, 0x02, 0xF0, 0x01, 0x00, 0x00};
static const uint8_t emoji_26C4[] = {0x00, 0x00, 0xE0, 0x00, 0xE0, 0x00, 0x90, 0x00, 0x90, 0x00, 0x90, 0x00, 0x94, 0x02, 0x08, 0x01, 0x08, 0x01, 0x08, 0x01, 0xF0, 0x00, 0x00, 0x00};
static const uint8_t emoji_26C5[] = {0x00, 0x00, 0x00, 0x00, 0x20, 0x00, 0x38, 0x00, 0xF8, 0x00, 0xFE, 0x01, 0xF8, 0x03, 0xFC, 0x03, 0xFC, 0x07, 0xF8, 0x03, 0x00, 0x00, 0x00, 0x00};
static const uint8_t emoji_26C8[] = {0x00, 0x00, 0xE0, 0x01, 0x20, 0x02, 0x18, 0x02, 0x04, 0x02, 0x22, 0x05, 0xFE, 0x07, 0x60, 0x02, 0x64, 0x00, 0x40, 0x00, 0x18, 0x00, 0x00, 0x00};
static const uint8_t emoji_26CE[] = {0x00, 0x00, 0xF8, 0x01, 0xF4, 0x03, 0x66, 0x07, 0x66, 0x06, 0x02, 0x06, 0x66, 0x07, 0x66, 0x07, 0x0E, 0x07, 0x9C, 0x03, 0xF8, 0x01, 0x00, 0x00};
static const uint8_t emoji_26CF[] = {0x00, 0x00, 0x70, 0x00, 0x18, 0x00, 0x1C, 0x00, 0x34, 0x00, 0x62, 0x00, 0xC2, 0x00, 0x80, 0x01, 0x80, 0x02, 0x00, 0x05, 0x00, 0x06, 0x00, 0x00};
static const uint8_t emoji_26D1[] = {0x00, 0x00, 0xF8, 0x01, 0xFC, 0x03, 0x9C, 0x03, 0x0E, 0x07, 0x9E, 0x07, 0xFE, 0x07, 0xF6, 0x06, 0x04, 0x02, 0x04, 0x02, 0xF8, 0x01, 0x00, 0x00};
static const uint8_t emoji_26D3[] = {0x00, 0x00, 0x94, 0x01, 0x9C, 0x03, 0x88, 0x02, 0x9C, 0x03, 0x14, 0x01, 0x14, 0x01, 0x9C, 0x03, 0x88, 0x02, 0x9C, 0x03, 0x94, 0x01, 0x00, 0x00};
static const uint8_t emoji_26D4[] = {0x00, 0x00, 0xF8, 0x01, 0xF4, 0x03, 0xFA, 0x07, 0xFE, 0x07, 0x02, 0x04, 0x02, 0x04, 0xFE, 0x07, 0xFE, 0x07, 0xFC, 0x03, 0xF8, 0x01, 0x00, 0x00};
static const uint8_t emoji_26E9[] = {0x00, 0x00, 0x02, 0x04, 0xFE, 0x07, 0x68, 0x01, 0xFC, 0x03, 0xDC, 0x03, 0x08, 0x01, 0x08, 0x01, 0x08, 0x01, 0x08, 0x01, 0x08, 0x01, 0x00, 0x00};
static const uint8_t emoji_26EA[] = {0x00, 0x00, 0x00, 0x00, 0x00, 0x00, 0x60, 0x00, 0x60, 0x00, 0x60, 0x00, 0xF0, 0x00, 0x08, 0x01, 0x64, 0x02, 0x64, 0x02, 0xFC, 0x03, 0x00, 0x00};
static const uint8_t emoji_26F0[] = {0x00, 0x00, 0x00, 0x00, 0x00, 0x00, 0x60, 0x00, 0x60, 0x00, 0x90, 0x00, 0x10, 0x01, 0x08, 0x01, 0x14, 0x03, 0x8A, 0x07, 0xFE, 0x07, 0x00, 0x00};
static const uint8_t emoji_26F1[] = {0x00, 0x00, 0x70, 0x00, 0xCC, 0x01, 0x62, 0x02, 0x6C, 0x02, 0xF0, 0x07, 0x20, 0x00, 0x00, 0x00, 0x38, 0x00, 0xD6, 0x07, 0xFE, 0x07, 0x00, 0x00};
static const uint8_t emoji_26F2[] = {0x00, 0x00, 0x60, 0x00, 0x00, 0x00, 0x60, 0x00, 0xF8, 0x01, 0x08, 0x01, 0xF0, 0x00, 0x6C, 0x03, 0x62, 0x04, 0x06, 0x02, 0xF8, 0x01, 0x00, 0x00};
static const uint8_t emoji_26F3[] = {0x00, 0x00, 0xC0, 0x00, 0xC0, 0x03, 0xC0, 0x00, 0x00, 0x00, 0x00, 0x00, 0xFE, 0x00, 0xFE, 0x03, 0xF8, 0x07, 0xF0, 0x07, 0xF0, 0x03, 0x00, 0x00};
static const uint8_t emoji_26F4[] = {0x00, 0x00, 0x00, 0x00, 0xF0, 0x00, 0x10, 0x01, 0x08, 0x02, 0x08, 0x04, 0x1C, 0x04, 0xFA, 0x07, 0xFE, 0x07, 0xFE, 0x07, 0xFE, 0x07, 0x00, 0x00};
static const uint8_t emoji_26F5[] = {0x00, 0x00, 0x40, 0x00, 0xA0, 0x00, 0xD0, 0x00, 0xA8, 0x01, 0xA8, 0x01, 0xA4, 0x01, 0xA4, 0x03, 0xEC, 0x03, 0xE2, 0x00, 0xFC, 0x07, 0x00, 0x00};
static const uint8_t emoji_26F7[] = {0x00, 0x00, 0x00, 0x00, 0x1C, 0x00, 0xFC, 0x04, 0xFC, 0x04, 0x70, 0x06, 0xF8, 0x05, 0xE0, 0x04, 0x78, 0x04, 0x06, 0x04, 0xFE, 0x07, 0x00, 0x00};
static const uint8_t emoji_26F8[] = {0x00, 0x00, 0x30, 0x00, 0x48, 0x00, 0x44, 0x00, 0x44, 0x00, 0x84, 0x00, 0x02, 0x01, 0x04, 0x02, 0x3C, 0x04, 0xC4, 0x07, 0xFE, 0x07, 0x00, 0x00};
static const uint8_t emoji_26F9[] = {0x00, 0x00, 0x30, 0x00, 0x30, 0x00, 0x50, 0x00, 0x90, 0x00, 0x58, 0x01, 0x64, 0x00, 0xE6, 0x00, 0x90, 0x07, 0x10, 0x00, 0x10, 0x00, 0x00, 0x00};
static const uint8_t emoji_26FA[] = {0x00, 0x00, 0x00, 0x00, 0x00, 0x00, 0x00, 0x00, 0x38, 0x00, 0xC8, 0x01, 0x88, 0x01, 0x84, 0x03, 0x84, 0x03, 0xC2, 0x07, 0xFC, 0x07, 0x00, 0x00};
static const uint8_t emoji_26FD[] = {0x00, 0x00, 0x7C, 0x00, 0x82, 0x02, 0x82, 0x02, 0x82, 0x02, 0xC6, 0x02, 0xE6, 0x00, 0xD6, 0x03, 0xD6, 0x02, 0xEE, 0x02, 0xFE, 0x02, 0x00, 0x00};
static const uint8_t emoji_2702[] = {0x00, 0x00, 0x0E, 0x07, 0x02, 0x04, 0x9A, 0x05, 0x6C, 0x03, 0x90, 0x00, 0x60, 0x00, 0xF0, 0x00, 0x90, 0x00, 0x98, 0x01, 0x08, 0x01, 0x00, 0x00};
static const uint8_t emoji_2705[] = {0x00, 0x00, 0xFE, 0x07, 0xFE, 0x04, 0xFE, 0x04, 0x7A, 0x06, 0x32, 0x07, 0x92, 0x07, 0x86, 0x07, 0xC6, 0x07, 0xE6, 0x07, 0xFE, 0x07, 0x00, 0x00};
static const uint8_t emoji_2708[] = {0x00, 0x00, 0x46, 0x06, 0x7C, 0x05, 0xF8, 0x02, 0x20, 0x01, 0x20, 0x07, 0xD0, 0x03, 0x2E, 0x03, 0x14, 0x02, 0x18, 0x06, 0x10, 0x04, 0x00, 0x00};
static const uint8_t emoji_2709[] = {0x00, 0x00, 0x00, 0x00, 0xFE, 0x07, 0xFE, 0x07, 0xFE, 0x07, 0xFE, 0x07, 0xFE, 0x07, 0xFE, 0x07, 0xFE, 0x07, 0xFE, 0x07, 0x00, 0x00, 0x00, 0x00};
static const uint8_t emoji_270A[] = {0x00, 0x00, 0xE0, 0x01, 0xF8, 0x03, 0xFC, 0x03, 0xFE, 0x03, 0xFE, 0x07, 0xFE, 0x07, 0xFC, 0x03, 0xFC, 0x03, 0xF8, 0x01, 0xF0, 0x00, 0x00, 0x00};
static const uint8_t emoji_270B[] = {0x00, 0x00, 0x60, 0x00, 0xF0, 0x00, 0xF8, 0x00, 0xF8, 0x00, 0xF8, 0x00, 0xF8, 0x03, 0xF8, 0x03, 0xF8, 0x01, 0xF8, 0x00, 0x70, 0x00, 0x00, 0x00};
static const uint8_t emoji_270C[] = {0x00, 0x00, 0x20, 0x01, 0x60, 0x01, 0x60, 0x01, 0xE0, 0x01, 0xF8, 0x01, 0xF8, 0x01, 0xF8, 0x01, 0xF8, 0x01, 0xF8, 0x01, 0xF0, 0x00, 0x00, 0x00};
static const uint8_t emoji_270D[] = {0x00, 0x00, 0x80, 0x01, 0x80, 0x00, 0x40, 0x00, 0x78, 0x00, 0xFE, 0x00, 0xFE, 0x03, 0xFE, 0x07, 0xFE, 0x07, 0xFC, 0x07, 0x00, 0x00, 0x00, 0x00};
static const uint8_t emoji_270F[] = {0x00, 0x00, 0x0E, 0x00, 0x16, 0x00, 0x26, 0x00, 0x5C, 0x00, 0xB8, 0x00, 0x70, 0x01, 0xE0, 0x02, 0xC0, 0x03, 0x80, 0x05, 0x00, 0x06, 0x00, 0x00};
static const uint8_t emoji_2712[] = {0x00, 0x00, 0x18, 0x00, 0x3C, 0x00, 0x7E, 0x00, 0x5E, 0x00, 0x8C, 0x01, 0x18, 0x02, 0xA0, 0x02, 0x20, 0x03, 0xC0, 0x05, 0x00, 0x06, 0x00, 0x00};
static const uint8_t emoji_2714[] = {0x00, 0x00, 0x00, 0x06, 0x00, 0x07, 0x00, 0x03, 0x86, 0x01, 0xC6, 0x01, 0xE6, 0x00, 0x7C, 0x00, 0x3C, 0x00, 0x1C, 0x00, 0x18, 0x00, 0x00, 0x00};
static const uint8_t emoji_2716[] = {0x00, 0x00, 0x0C, 0x03, 0x9E, 0x07, 0xFE, 0x07, 0xFC, 0x03, 0xF8, 0x01, 0xF8, 0x01, 0xFC, 0x01, 0xFE, 0x03, 0x9E, 0x07, 0x0C, 0x03, 0x00, 0x00};
static const uint8_t emoji_271D[] = {0x00, 0x00, 0xFE, 0x07, 0x9E, 0x07, 0x9E, 0x07, 0x06, 0x07, 0x9E, 0x07, 0x9E, 0x07, 0x9E, 0x07, 0x9E, 0x07, 0x9E, 0x07, 0xFE, 0x07, 0x00, 0x00};
static const uint8_t emoji_2721[] = {0x00, 0x00, 0xFE, 0x07, 0x9E, 0x07, 0x0E, 0x07, 0x02, 0x04, 0xE6, 0x06, 0xE6, 0x06, 0x02, 0x04, 0x0E, 0x07, 0x9E, 0x07, 0xFE, 0x07, 0x00, 0x00};
static const uint8_t emoji_2728[] = {0x00, 0x00, 0x00, 0x00, 0x90, 0x00, 0x90, 0x00, 0x80, 0x01, 0xE0, 0x07, 0xE0, 0x03, 0x84, 0x01, 0x8E, 0x00, 0x84, 0x00, 0x00, 0x00, 0x00, 0x00};
static const uint8_t emoji_2733[] = {0x00, 0x00, 0x60, 0x00, 0x60, 0x00, 0x68, 0x01, 0xF0, 0x00, 0xFE, 0x07, 0xFC, 0x07, 0xF0, 0x00, 0x68, 0x01, 0x60, 0x00, 0x40, 0x00, 0x00, 0x00};
static const uint8_t emoji_2734[] = {0x00, 0x00, 0x00, 0x00, 0x64, 0x02, 0x68, 0x01, 0xF8, 0x01, 0xFC, 0x03, 0xFC, 0x03, 0xF0, 0x00, 0x68, 0x01, 0x64, 0x02, 0x00, 0x00, 0x00, 0x00};
static const uint8_t emoji_2744[] = {0x00, 0x00, 0x60, 0x00, 0x60, 0x00, 0x6E, 0x03, 0x6C, 0x03, 0xF4, 0x00, 0xF0, 0x00, 0x6C, 0x03, 0x6C, 0x03, 0x70, 0x00, 0x60, 0x00, 0x00, 0x00};
static const uint8_t emoji_2747[] = {0x00, 0x00, 0x60, 0x00, 0x64, 0x02, 0x68, 0x01, 0x00, 0x00, 0x4E, 0x07, 0x4E, 0x07, 0x00, 0x00, 0x68, 0x01, 0x64, 0x02, 0x60, 0x00, 0x00, 0x00};
static const uint8_t emoji_274C[] = {0x00, 0x00, 0x06, 0x06, 0x0E, 0x07, 0x9C, 0x03, 0xF8, 0x01, 0xF0, 0x00, 0xF0, 0x00, 0xF8, 0x01, 0x9C, 0x03, 0x0E, 0x07, 0x06, 0x06, 0x00, 0x00};
static const uint8_t emoji_274E[] = {0x00, 0x00, 0xFE, 0x07, 0xF2, 0x04, 0x62, 0x04, 0x06, 0x06, 0x0E, 0x07, 0x0E, 0x07, 0x06, 0x06, 0x62, 0x04, 0xF2, 0x04, 0xFE, 0x07, 0x00, 0x00};
static const uint8_t emoji_2753[] = {0x00, 0x00, 0xF0, 0x00, 0x98, 0x01, 0x80, 0x01, 0x80, 0x01, 0xC0, 0x00, 0x60, 0x00, 0x60, 0x00, 0x00, 0x00, 0x60, 0x00, 0x60, 0x00, 0x00, 0x00};
static const uint8_t emoji_2754[] = {0x00, 0x00, 0xF0, 0x00, 0x98, 0x01, 0x80, 0x01, 0x80, 0x01, 0xC0, 0x00, 0x60, 0x00, 0x60, 0x00, 0x00, 0x00, 0x60, 0x00, 0x60, 0x00, 0x00, 0x00};
static const uint8_t emoji_2755[] = {0x00, 0x00, 0x60, 0x00, 0x60, 0x00, 0x60, 0x00, 0x60, 0x00, 0x60, 0x00, 0x60, 0x00, 0x60, 0x00, 0x00, 0x00, 0x60, 0x00, 0x60, 0x00, 0x00, 0x00};
static const uint8_t emoji_2757[] = {0x00, 0x00, 0x60, 0x00, 0x60, 0x00, 0x60, 0x00, 0x60, 0x00, 0x60, 0x00, 0x60, 0x00, 0x60, 0x00, 0x00, 0x00, 0x60, 0x00, 0x60, 0x00, 0x00, 0x00};
static const uint8_t emoji_2763[] = {0x00, 0x00, 0x9C, 0x03, 0xFC, 0x03, 0xFC, 0x03, 0xFC, 0x03, 0xF8, 0x01, 0xF0, 0x00, 0x60, 0x00, 0x00, 0x00, 0x60, 0x00, 0x60, 0x00, 0x00, 0x00};
static const uint8_t emoji_2764[] = {0x00, 0x00, 0x9C, 0x03, 0xFE, 0x07, 0xFE, 0x07, 0xFE, 0x07, 0xFE, 0x07, 0xFC, 0x03, 0xFC, 0x03, 0xF8, 0x01, 0xF0, 0x00, 0x40, 0x00, 0x00, 0x00};
static const uint8_t emoji_2795[] = {0x00, 0x00, 0x60, 0x00, 0x60, 0x00, 0x60, 0x00, 0xF0, 0x00, 0xFE, 0x07, 0xFE, 0x07, 0xF0, 0x00, 0x60, 0x00, 0x60, 0x00, 0x60, 0x00, 0x00, 0x00};
static const uint8_t emoji_2796[] = {0x00, 0x00, 0x00, 0x00, 0x00, 0x00, 0x00, 0x00, 0x00, 0x00, 0xFE, 0x07, 0xFE, 0x07, 0x00, 0x00, 0x00, 0x00, 0x00, 0x00, 0x00, 0x00, 0x00, 0x00};
static const uint8_t emoji_2797[] = {0x00, 0x00, 0xE0, 0x00, 0xF0, 0x00, 0x60, 0x00, 0x00, 0x00, 0xFE, 0x07, 0xFE, 0x07, 0x00, 0x00, 0x60, 0x00, 0xF0, 0x00, 0x60, 0x00, 0x00, 0x00};
static const uint8_t emoji_27A1[] = {0x00, 0x00, 0xFE, 0x07, 0xFE, 0x07, 0xFE, 0x07, 0x7E, 0x07, 0x02, 0x04, 0x02, 0x04, 0x7E, 0x07, 0xFE, 0x07, 0xFE, 0x07, 0xFE, 0x07, 0x00, 0x00};
static const uint8_t emoji_27B0[] = {0x00, 0x00, 0x00, 0x00, 0x9E, 0x07, 0xFE, 0x07, 0xF0, 0x00, 0x98, 0x01, 0x18, 0x01, 0x18, 0x01, 0xB8, 0x01, 0xF0, 0x00, 0x00, 0x00, 0x00, 0x00};
static const uint8_t emoji_27BF[] = {0x00, 0x00, 0x00, 0x00, 0x00, 0x00, 0xFE, 0x07, 0x9E, 0x03, 0xF6, 0x06, 0x62, 0x04, 0xF6, 0x06, 0x9C, 0x03, 0x00, 0x00, 0x00, 0x00, 0x00, 0x00};
static const uint8_t emoji_2934[] = {0x00, 0x00, 0xFE, 0x07, 0x3E, 0x06, 0x1E, 0x04, 0x3E, 0x07, 0x3E, 0x07, 0x3E, 0x07, 0x32, 0x07, 0x02, 0x07, 0x86, 0x07, 0xFE, 0x07, 0x00, 0x00};
static const uint8_t emoji_2935[] = {0x00, 0x00, 0xFE, 0x07, 0x86, 0x07, 0x32, 0x07, 0x3E, 0x07, 0x3E, 0x07, 0x3E, 0x07, 0x1E, 0x04, 0x1E, 0x06, 0x3E, 0x07, 0xFE, 0x07, 0x00, 0x00};
static const uint8_t emoji_2B05[] = {0x00, 0x00, 0xFE, 0x07, 0xFE, 0x07, 0xFE, 0x07, 0xEE, 0x07, 0x06, 0x04, 0x06, 0x04, 0xEE, 0x07, 0xFE, 0x07, 0xFE, 0x07, 0xFE, 0x07, 0x00, 0x00};
static const uint8_t emoji_2B06[] = {0x00, 0x00, 0xFE, 0x07, 0xFE, 0x07, 0x9E, 0x07, 0x0E, 0x07, 0x9E, 0x07, 0x9E, 0x07, 0x9E, 0x07, 0x9E, 0x07, 0x9E, 0x07, 0xFE, 0x07, 0x00, 0x00};
static const uint8_t emoji_2B07[] = {0x00, 0x00, 0xFE, 0x07, 0x9E, 0x07, 0x9E, 0x07, 0x9E, 0x07, 0x9E, 0x07, 0x9E, 0x07, 0x0E, 0x07, 0x9E, 0x07, 0x9E, 0x07, 0xFE, 0x07, 0x00, 0x00};
static const uint8_t emoji_2B1B[] = {0x00, 0x00, 0xFE, 0x07, 0xFE, 0x07, 0xFE, 0x07, 0xFE, 0x07, 0xFE, 0x07, 0xFE, 0x07, 0xFE, 0x07, 0xFE, 0x07, 0xFE, 0x07, 0xFE, 0x07, 0x00, 0x00};
static const uint8_t emoji_2B1C[] = {0x00, 0x00, 0xFE, 0x07, 0xFE, 0x07, 0xFE, 0x07, 0xFE, 0x07, 0xFE, 0x07, 0xFE, 0x07, 0xFE, 0x07, 0xFE, 0x07, 0xFE, 0x07, 0xFE, 0x07, 0x00, 0x00};
static const uint8_t emoji_2B50[] = {0x00, 0x00, 0x60, 0x00, 0x60, 0x00, 0x60, 0x00, 0xFE, 0x07, 0xFE, 0x07, 0xF8, 0x01, 0xF8, 0x01, 0xF8, 0x01, 0x98, 0x01, 0x08, 0x01, 0x00, 0x00};
static const uint8_t emoji_2B55[] = {0x00, 0x00, 0xF8, 0x01, 0xFC, 0x03, 0x0E, 0x07, 0x06, 0x06, 0x06, 0x06, 0x06, 0x06, 0x06, 0x06, 0x0E, 0x07, 0xFC, 0x03, 0xF8, 0x01, 0x00, 0x00};
static const uint8_t emoji_3030[] = {0x00, 0x00, 0x00, 0x00, 0x00, 0x00, 0x00, 0x00, 0x00, 0x00, 0xF6, 0x06, 0x9C, 0x03, 0x00, 0x01, 0x00, 0x00, 0x00, 0x00, 0x00, 0x00, 0x00, 0x00};
static const uint8_t emoji_303D[] = {0x00, 0x00, 0xDC, 0x00, 0xFE, 0x00, 0xFE, 0x00, 0xF8, 0x00, 0xD0, 0x01, 0x80, 0x01, 0x80, 0x03, 0x80, 0x07, 0x00, 0x07, 0x00, 0x06, 0x00, 0x00};
static const uint8_t emoji_3297[] = {0x00, 0x00, 0xF8, 0x01, 0xF4, 0x03, 0x12, 0x06, 0xC2, 0x06, 0x06, 0x06, 0x02, 0x07, 0x12, 0x07, 0x56, 0x06, 0x74, 0x02, 0xF8, 0x01, 0x00, 0x00};
static const uint8_t emoji_3299[] = {0x00, 0x00, 0xF8, 0x01, 0xA4, 0x03, 0x22, 0x06, 0xA2, 0x06, 0x06, 0x06, 0x06, 0x04, 0x82, 0x07, 0x86, 0x06, 0x34, 0x02, 0xF8, 0x01, 0x00, 0x00};
static const uint8_t emoji_1F004[] = {0x00, 0x00, 0xF8, 0x01, 0x04, 0x02, 0x04, 0x02, 0x64, 0x02, 0xF4, 0x02, 0xF4, 0x02, 0xF4, 0x02, 0x64, 0x02, 0x64, 0x02, 0xF8, 0x03, 0x00, 0x00};
static const uint8_t emoji_1F0CF[] = {0x00, 0x00, 0xFC, 0x03, 0x44, 0x02, 0x44, 0x02, 0xFC, 0x03, 0xE4, 0x02, 0x64, 0x02, 0xE4, 0x02, 0xF4, 0x02, 0x04, 0x02, 0xFC, 0x03, 0x00, 0x00};
static const uint8_t emoji_1F170[] = {0x00, 0x00, 0xFE, 0x07, 0x9E, 0x07, 0x9E, 0x07, 0x8E, 0x07, 0x2E, 0x07, 0x66, 0x07, 0x06, 0x06, 0x76, 0x06, 0xF2, 0x06, 0xFE, 0x07, 0x00, 0x00};
static const uint8_t emoji_1F171[] = {0x00, 0x00, 0xFE, 0x07, 0x06, 0x07, 0x66, 0x06, 0x66, 0x06, 0x06, 0x07, 0x26, 0x06, 0x66, 0x06, 0x66, 0x06, 0x06, 0x07, 0xFE, 0x07, 0x00, 0x00};
static const uint8_t emoji_1F17E[] = {0x00, 0x00, 0xFE, 0x07, 0x0E, 0x07, 0x66, 0x06, 0xF6, 0x06, 0xF6, 0x06, 0xF6, 0x06, 0xF6, 0x06, 0x66, 0x06, 0x0E, 0x07, 0xFE, 0x07, 0x00, 0x00};
static const uint8_t emoji_1F17F[] = {0x00, 0x00, 0xFE, 0x07, 0x06, 0x07, 0x66, 0x06, 0x66, 0x06, 0x66, 0x06, 0x06, 0x07, 0xE6, 0x07, 0xE6, 0x07, 0xE6, 0x07, 0xFE, 0x07, 0x00, 0x00};
static const uint8_t emoji_1F18E[] = {0x00, 0x00, 0xFE, 0x07, 0xFE, 0x07, 0x76, 0x06, 0x26, 0x04, 0x22, 0x04, 0x22, 0x04, 0x0A, 0x04, 0x5E, 0x06, 0xFE, 0x07, 0xFE, 0x07, 0x00, 0x00};
static const uint8_t emoji_1F191[] = {0x00, 0x00, 0xFE, 0x07, 0xFE, 0x07, 0x66, 0x07, 0x42, 0x07, 0x7A, 0x07, 0x7A, 0x07, 0x42, 0x04, 0x66, 0x04, 0xFE, 0x07, 0xFE, 0x07, 0x00, 0x00};
static const uint8_t emoji_1F192[] = {0x00, 0x00, 0xFE, 0x07, 0xFE, 0x07, 0xFE, 0x07, 0x2A, 0x07, 0x06, 0x04, 0x06, 0x04, 0x2A, 0x05, 0xFE, 0x07, 0xFE, 0x07, 0xFE, 0x07, 0x00, 0x00};
static const uint8_t emoji_1F193[] = {0x00, 0x00, 0xFE, 0x07, 0xFA, 0x07, 0xFE, 0x07, 0x22, 0x04, 0x02, 0x04, 0x02, 0x04, 0x1E, 0x04, 0xFE, 0x07, 0xFE, 0x07, 0xFE, 0x07, 0x00, 0x00};
static const uint8_t emoji_1F194[] = {0x00, 0x00, 0xFE, 0x07, 0xFE, 0x07, 0x9E, 0x07, 0x16, 0x06, 0xD6, 0x06, 0xD6, 0x06, 0x16, 0x06, 0x9E, 0x07, 0xFE, 0x07, 0xFE, 0x07, 0x00, 0x00};
static const uint8_t emoji_1F195[] = {0x00, 0x00, 0xFE, 0x07, 0xFE, 0x07, 0xFE, 0x07, 0x8E, 0x07, 0x02, 0x04, 0x42, 0x04, 0x56, 0x05, 0xFE, 0x07, 0xFE, 0x07, 0xFE, 0x07, 0x00, 0x00};
static const uint8_t emoji_1F196[] = {0x00, 0x00, 0xFE, 0x07, 0xFE, 0x07, 0xFE, 0x07, 0x2A, 0x06, 0x82, 0x07, 0x82, 0x04, 0x2A, 0x04, 0xFE, 0x07, 0xFE, 0x07, 0xFE, 0x07, 0x00, 0x00};
static const uint8_t emoji_1F197[] = {0x00, 0x00, 0xFE, 0x07, 0xFE, 0x07, 0xE6, 0x05, 0x02, 0x04, 0x1A, 0x06, 0x1A, 0x06, 0x02, 0x05, 0xE6, 0x05, 0xFE, 0x07, 0xFE, 0x07, 0x00, 0x00};
static const uint8_t emoji_1F198[] = {0x00, 0x00, 0xFE, 0x07, 0xFE, 0x07, 0x92, 0x04, 0x02, 0x04, 0x2A, 0x06, 0x22, 0x05, 0x02, 0x04, 0x9A, 0x04, 0xFE, 0x07, 0xFE, 0x07, 0x00, 0x00};
static const uint8_t emoji_1F199[] = {0x00, 0x00, 0xFE, 0x07, 0xFE, 0x07, 0x3E, 0x05, 0x0E, 0x04, 0x0E, 0x04, 0x0E, 0x05, 0x82, 0x05, 0xF2, 0x05, 0xFE, 0x07, 0xFE, 0x07, 0x00, 0x00};
static const uint8_t emoji_1F19A[] = {0x00, 0x00, 0xFE, 0x07, 0xFE, 0x07, 0x5E, 0x06, 0x0A, 0x04, 0x4A, 0x06, 0xE2, 0x04, 0x26, 0x04, 0x76, 0x06, 0xFE, 0x07, 0xFE, 0x07, 0x00, 0x00};
static const uint8_t emoji_1F1E6[] = {0x00, 0x00, 0x00, 0x00, 0x60, 0x00, 0xF0, 0x00, 0xF0, 0x00, 0xF8, 0x01, 0x98, 0x01, 0xF8, 0x01, 0xFC, 0x03, 0x9C, 0x03, 0x0C, 0x03, 0x00, 0x00};
static const uint8_t emoji_1F1E7[] = {0x00, 0x00, 0x00, 0x00, 0xF8, 0x00, 0xF8, 0x01, 0x98, 0x01, 0xF8, 0x01, 0xF8, 0x01, 0x98, 0x03, 0x98, 0x03, 0xF8, 0x01, 0xF8, 0x01, 0x00, 0x00};
static const uint8_t emoji_1F1E8[] = {0x00, 0x00, 0x00, 0x00, 0xF0, 0x03, 0xF8, 0x03, 0x1C, 0x01, 0x1C, 0x00, 0x0C, 0x00, 0x1C, 0x00, 0x3C, 0x01, 0xF8, 0x03, 0xF0, 0x01, 0x00, 0x00};
static const uint8_t emoji_1F1E9[] = {0x00, 0x00, 0x00, 0x00, 0xFC, 0x01, 0xFC, 0x03, 0x0C, 0x03, 0x0C, 0x07, 0x0C, 0x07, 0x0C, 0x03, 0x9C, 0x03, 0xFC, 0x03, 0xFC, 0x00, 0x00, 0x00};
static const uint8_t emoji_1F1EA[] = {0x00, 0x00, 0x00, 0x00, 0xF8, 0x01, 0xF8, 0x01, 0x18, 0x00, 0xF8, 0x00, 0xF8, 0x00, 0x18, 0x00, 0x18, 0x00, 0xF8, 0x01, 0xF8, 0x01, 0x00, 0x00};
static const uint8_t emoji_1F1EB[] = {0x00, 0x00, 0x00, 0x00, 0xF8, 0x03, 0xF8, 0x01, 0x38, 0x00, 0xF8, 0x01, 0xF8, 0x01, 0x38, 0x00, 0x38, 0x00, 0x38, 0x00, 0x18, 0x00, 0x00, 0x00};
static const uint8_t emoji_1F1EC[] = {0x00, 0x00, 0x00, 0x00, 0xF8, 0x01, 0xFC, 0x01, 0x1C, 0x00, 0x0E, 0x00, 0x8E, 0x07, 0x8E, 0x07, 0x1C, 0x03, 0xFC, 0x03, 0xF0, 0x01, 0x00, 0x00};
static const uint8_t emoji_1F1ED[] = {0x00, 0x00, 0x00, 0x00, 0x0C, 0x03, 0x0C, 0x03, 0x0C, 0x03, 0xFC, 0x03, 0xFC, 0x03, 0x0C, 0x03, 0x0C, 0x03, 0x0C, 0x03, 0x0C, 0x03, 0x00, 0x00};
static const uint8_t emoji_1F1EE[] = {0x00, 0x00, 0x00, 0x00, 0x60, 0x00, 0x60, 0x00, 0x60, 0x00, 0x60, 0x00, 0x60, 0x00, 0x60, 0x00, 0x60, 0x00, 0x60, 0x00, 0x60, 0x00, 0x00, 0x00};
static const uint8_t emoji_1F1EF[] = {0x00, 0x00, 0x00, 0x00, 0x80, 0x01, 0x80, 0x01, 0x80, 0x01, 0x80, 0x01, 0x80, 0x01, 0x80, 0x01, 0xDC, 0x01, 0xFC, 0x01, 0xF8, 0x00, 0x00, 0x00};
static const uint8_t emoji_1F1F0[] = {0x00, 0x00, 0x00, 0x00, 0x98, 0x01, 0xD8, 0x01, 0xF8, 0x00, 0x78, 0x00, 0x78, 0x00, 0xF8, 0x00, 0xD8, 0x01, 0x98, 0x01, 0x98, 0x03, 0x00, 0x00};
static const uint8_t emoji_1F1F1[] = {0x00, 0x00, 0x00, 0x00, 0x18, 0x00, 0x18, 0x00, 0x18, 0x00, 0x18, 0x00, 0x18, 0x00, 0x18, 0x00, 0x18, 0x00, 0xF8, 0x03, 0xF8, 0x03, 0x00, 0x00};
static const uint8_t emoji_1F1F2[] = {0x00, 0x00, 0x00, 0x00, 0x0C, 0x03, 0x9C, 0x03, 0x9C, 0x03, 0x9C, 0x03, 0xFE, 0x07, 0xFE, 0x07, 0xFE, 0x07, 0x66, 0x06, 0x66, 0x06, 0x00, 0x00};
static const uint8_t emoji_1F1F3[] = {0x00, 0x00, 0x00, 0x00, 0x1C, 0x03, 0x1C, 0x03, 0x3C, 0x03, 0x3C, 0x03, 0x6C, 0x03, 0xCC, 0x03, 0xCC, 0x03, 0x8C, 0x03, 0x0C, 0x03, 0x00, 0x00};
static const uint8_t emoji_1F1F4[] = {0x00, 0x00, 0x00, 0x00, 0xF8, 0x01, 0xFC, 0x03, 0x0C, 0x03, 0x0E, 0x07, 0x06, 0x06, 0x0E, 0x07, 0x9C, 0x03, 0xFC, 0x03, 0xF8, 0x01, 0x00, 0x00};
static const uint8_t emoji_1F1F5[] = {0x00, 0x00, 0x00, 0x00, 0xF8, 0x01, 0xF8, 0x03, 0x18, 0x03, 0x18, 0x03, 0xF8, 0x01, 0xF8, 0x00, 0x18, 0x00, 0x18, 0x00, 0x18, 0x00, 0x00, 0x00};
static const uint8_t emoji_1F1F6[] = {0x00, 0x00, 0x00, 0x00, 0xF8, 0x01, 0xFC, 0x03, 0x0E, 0x07, 0x0E, 0x07, 0x06, 0x06, 0xCE, 0x07, 0xDC, 0x03, 0xFC, 0x03, 0xF0, 0x03, 0x00, 0x00};
static const uint8_t emoji_1F1F7[] = {0x00, 0x00, 0x00, 0x00, 0xF8, 0x01, 0xF8, 0x03, 0x18, 0x03, 0x98, 0x03, 0xF8, 0x01, 0xF8, 0x00, 0xD8, 0x00, 0x98, 0x01, 0x18, 0x03, 0x00, 0x00};
static const uint8_t emoji_1F1F8[] = {0x00, 0x00, 0x00, 0x00, 0xF8, 0x01, 0xB8, 0x00, 0x18, 0x00, 0x78, 0x00, 0xF0, 0x01, 0xC0, 0x01, 0x88, 0x03, 0xF8, 0x01, 0xF0, 0x00, 0x00, 0x00};
static const uint8_t emoji_1F1F9[] = {0x00, 0x00, 0x00, 0x00, 0xFC, 0x03, 0xFC, 0x03, 0x60, 0x00, 0x60, 0x00, 0x60, 0x00, 0x60, 0x00, 0x60, 0x00, 0x60, 0x00, 0x60, 0x00, 0x00, 0x00};
static const uint8_t emoji_1F1FA[] = {0x00, 0x00, 0x00, 0x00, 0x0C, 0x03, 0x0C, 0x03, 0x0C, 0x03, 0x0C, 0x03, 0x0C, 0x03, 0x0C, 0x03, 0x9C, 0x03, 0xF8, 0x01, 0xF0, 0x00, 0x00, 0x00};
static const uint8_t emoji_1F1FB[] = {0x00, 0x00, 0x00, 0x00, 0x0C, 0x03, 0x0C, 0x03, 0x9C, 0x03, 0x98, 0x01, 0xF8, 0x01, 0xF0, 0x00, 0xF0, 0x00, 0xF0, 0x00, 0x60, 0x00, 0x00, 0x00};
static const uint8_t emoji_1F1FC[] = {0x00, 0x00, 0x00, 0x00, 0x67, 0x0E, 0x66, 0x06, 0xF6, 0x06, 0xFE, 0x07, 0xFE, 0x07, 0xBC, 0x03, 0x9C, 0x03, 0x9C, 0x03, 0x98, 0x01, 0x00, 0x00};
static const uint8_t emoji_1F1FD[] = {0x00, 0x00, 0x00, 0x00, 0x9C, 0x03, 0x98, 0x01, 0xF8, 0x01, 0xF0, 0x00, 0xF0, 0x00, 0xF0, 0x00, 0xF8, 0x01, 0x9C, 0x03, 0x9C, 0x03, 0x00, 0x00};
static const uint8_t emoji_1F1FE[] = {0x00, 0x00, 0x00, 0x00, 0x0C, 0x03, 0x98, 0x01, 0xF8, 0x01, 0xF0, 0x00, 0xF0, 0x00, 0x60, 0x00, 0x60, 0x00, 0x60, 0x00, 0x60, 0x00, 0x00, 0x00};
static const uint8_t emoji_1F1FF[] = {0x00, 0x00, 0x00, 0x00, 0xFC, 0x03, 0xFC, 0x01, 0xC0, 0x01, 0xE0, 0x00, 0x70, 0x00, 0x70, 0x00, 0x38, 0x00, 0xF8, 0x03, 0xFC, 0x03, 0x00, 0x00};
static const uint8_t emoji_1F201[] = {0x00, 0x00, 0xFE, 0x07, 0xFE, 0x07, 0x02, 0x04, 0x42, 0x04, 0xDE, 0x05, 0xDE, 0x05, 0x02, 0x04, 0x02, 0x04, 0xFE, 0x07, 0xFE, 0x07, 0x00, 0x00};
static const uint8_t emoji_1F202[] = {0x00, 0x00, 0xFE, 0x07, 0x6E, 0x07, 0x6E, 0x07, 0x02, 0x04, 0x6E, 0x07, 0x6E, 0x07, 0x7E, 0x07, 0x3E, 0x07, 0x9E, 0x07, 0xFE, 0x07, 0x00, 0x00};
static const uint8_t emoji_1F21A[] = {0x00, 0x00, 0xFE, 0x07, 0xEE, 0x07, 0x06, 0x06, 0x06, 0x06, 0x06, 0x06, 0x06, 0x06, 0x06, 0x06, 0x96, 0x06, 0xFE, 0x07, 0xFE, 0x07, 0x00, 0x00};
static const uint8_t emoji_1F22F[] = {0x00, 0x00, 0xFE, 0x07, 0xF6, 0x07, 0x06, 0x06, 0x86, 0x05, 0x26, 0x06, 0x02, 0x06, 0x16, 0x04, 0x16, 0x04, 0x36, 0x06, 0xFE, 0x07, 0x00, 0x00};
static const uint8_t emoji_1F232[] = {0x00, 0x00, 0xFE, 0x07, 0x6E, 0x07, 0x26, 0x06, 0x26, 0x06, 0x06, 0x06, 0x06, 0x07, 0x06, 0x06, 0x56, 0x06, 0xDE, 0x06, 0xFE, 0x07, 0x00, 0x00};
static const uint8_t emoji_1F233[] = {0x00, 0x00, 0xFE, 0x07, 0x02, 0x06, 0x02, 0x04, 0x2E, 0x05, 0x26, 0x06, 0x06, 0x06, 0x9E, 0x07, 0x02, 0x04, 0x06, 0x04, 0xFE, 0x07, 0x00, 0x00};
static const uint8_t emoji_1F234[] = {0x00, 0x00, 0xFE, 0x07, 0x9E, 0x07, 0x0E, 0x07, 0x06, 0x04, 0x9A, 0x05, 0x0E, 0x06, 0x66, 0x06, 0x06, 0x06, 0x0E, 0x07, 0xFE, 0x07, 0x00, 0x00};
static const uint8_t emoji_1F235[] = {0x00, 0x00, 0xFE, 0x07, 0x52, 0x06, 0x06, 0x06, 0x0E, 0x06, 0x02, 0x06, 0x0E, 0x04, 0x06, 0x04, 0x02, 0x04, 0xEA, 0x04, 0xFE, 0x07, 0x00, 0x00};
static const uint8_t emoji_1F236[] = {0x00, 0x00, 0xFE, 0x07, 0xDE, 0x07, 0x02, 0x04, 0x0E, 0x07, 0x06, 0x06, 0x02, 0x06, 0x0E, 0x06, 0x6E, 0x06, 0x6E, 0x07, 0xFE, 0x07, 0x00, 0x00};
static const uint8_t emoji_1F237[] = {0x00, 0x00, 0xFE, 0x07, 0xFE, 0x07, 0xFE, 0x07, 0xFE, 0x07, 0xFE, 0x07, 0xFE, 0x07, 0xFE, 0x07, 0xFE, 0x07, 0xFE, 0x07, 0xFE, 0x07, 0x00, 0x00};
static const uint8_t emoji_1F238[] = {0x00, 0x00, 0xFE, 0x07, 0x9E, 0x07, 0x06, 0x06, 0x92, 0x04, 0x02, 0x04, 0x92, 0x04, 0x06, 0x06, 0x9E, 0x07, 0x9E, 0x07, 0xFE, 0x07, 0x00, 0x00};
static const uint8_t emoji_1F239[] = {0x00, 0x00, 0xFE, 0x07, 0xEA, 0x05, 0x02, 0x04, 0x46, 0x04, 0x46, 0x04, 0x06, 0x04, 0xC6, 0x04, 0xC6, 0x04, 0xFE, 0x06, 0xFE, 0x07, 0x00, 0x00};
static const uint8_t emoji_1F23A[] = {0x00, 0x00, 0xFE, 0x07, 0xFE, 0x07, 0xFE, 0x07, 0xFE, 0x07, 0xFE, 0x07, 0xFE, 0x07, 0xFE, 0x07, 0xFE, 0x07, 0xFE, 0x07, 0xFE, 0x07, 0x00, 0x00};
static const uint8_t emoji_1F250[] = {0x00, 0x00, 0xF8, 0x01, 0x04, 0x02, 0x12, 0x06, 0x06, 0x06, 0x16, 0x06, 0x02, 0x06, 0x06, 0x06, 0x16, 0x06, 0x74, 0x03, 0xF8, 0x01, 0x00, 0x00};
static const uint8_t emoji_1F251[] = {0x00, 0x00, 0xF8, 0x01, 0xE4, 0x03, 0x02, 0x04, 0xCE, 0x06, 0x86, 0x06, 0x96, 0x06, 0xC6, 0x06, 0x7E, 0x06, 0x3C, 0x02, 0xF8, 0x01, 0x00, 0x00};
static const uint8_t emoji_1F300[] = {0x00, 0x00, 0xF8, 0x01, 0x0C, 0x06, 0xE4, 0x05, 0x36, 0x03, 0x52, 0x02, 0x92, 0x06, 0xF6, 0x06, 0x46, 0x02, 0x9C, 0x03, 0xF8, 0x01, 0x00, 0x00};
static const uint8_t emoji_1F301[] = {0x00, 0x00, 0xFE, 0x07, 0xDE, 0x07, 0xE2, 0x05, 0xE2, 0x07, 0xCA, 0x07, 0x82, 0x05, 0x82, 0x04, 0x02, 0x04, 0x02, 0x04, 0xFE, 0x07, 0x00, 0x00};
static const uint8_t emoji_1F302[] = {0x00, 0x00, 0x06, 0x00, 0x6A, 0x00, 0x78, 0x00, 0xFC, 0x00, 0xF8, 0x00, 0xF0, 0x01, 0xC0, 0x01, 0x80, 0x03, 0x00, 0x02, 0x00, 0x04, 0x00, 0x00};
static const uint8_t emoji_1F303[] = {0x00, 0x00, 0xFE, 0x07, 0x82, 0x04, 0x22, 0x04, 0x32, 0x04, 0xB2, 0x05, 0xB2, 0x05, 0xBE, 0x05, 0xFE, 0x07, 0xFE, 0x07, 0xFE, 0x07, 0x00, 0x00};
static const uint8_t emoji_1F304[] = {0x00, 0x00, 0xFE, 0x07, 0x02, 0x04, 0x02, 0x04, 0x02, 0x04, 0x02, 0x04, 0x06, 0x04, 0x0E, 0x06, 0x9E, 0x07, 0xFE, 0x07, 0xFE, 0x07, 0x00, 0x00};
static const uint8_t emoji_1F305[] = {0x00, 0x00, 0xFE, 0x07, 0xFE, 0x07, 0x0E, 0x07, 0x06, 0x06, 0x02, 0x04, 0x02, 0x04, 0x06, 0x06, 0x06, 0x06, 0x9E, 0x07, 0xFE, 0x07, 0x00, 0x00};
static const uint8_t emoji_1F306[] = {0x00, 0x00, 0xFE, 0x07, 0x06, 0x07, 0x22, 0x04, 0x32, 0x04, 0x32, 0x04, 0x22, 0x05, 0xFE, 0x05, 0xF6, 0x07, 0xFE, 0x07, 0xFE, 0x07, 0x00, 0x00};
static const uint8_t emoji_1F307[] = {0x00, 0x00, 0xFE, 0x07, 0x02, 0x04, 0x22, 0x04, 0x22, 0x04, 0x32, 0x04, 0x32, 0x04, 0xBE, 0x05, 0xBE, 0x05, 0xFE, 0x07, 0xFE, 0x07, 0x00, 0x00};
static const uint8_t emoji_1F308[] = {0x00, 0x00, 0x80, 0x07, 0xE0, 0x05, 0x70, 0x04, 0x38, 0x04, 0x1C, 0x07, 0x8C, 0x07, 0xCC, 0x01, 0xC6, 0x00, 0xE6, 0x00, 0xFE, 0x00, 0x00, 0x00};
static const uint8_t emoji_1F309[] = {0x00, 0x00, 0xFE, 0x07, 0x9E, 0x07, 0x9E, 0x07, 0x1E, 0x07, 0x0E, 0x06, 0x02, 0x04, 0x02, 0x04, 0x02, 0x04, 0x96, 0x07, 0xFE, 0x07, 0x00, 0x00};
static const uint8_t emoji_1F30A[] = {0x00, 0x00, 0xF0, 0x00, 0x08, 0x01, 0x64, 0x01, 0xB2, 0x01, 0x22, 0x00, 0x22, 0x00, 0x7E, 0x00, 0xFE, 0x00, 0xFE, 0x03, 0xC0, 0x07, 0x00, 0x00};
static const uint8_t emoji_1F30B[] = {0x00, 0x00, 0xF0, 0x03, 0x08, 0x02, 0x90, 0x01, 0x60, 0x00, 0xE0, 0x00, 0xF0, 0x00, 0xF8, 0x01, 0xFC, 0x03, 0xFC, 0x03, 0xFC, 0x03, 0x00, 0x00};
static const uint8_t emoji_1F30C[] = {0x00, 0x00, 0xFE, 0x07, 0xFE, 0x04, 0x6E, 0x04, 0x0E, 0x06, 0x06, 0x06, 0x02, 0x07, 0x82, 0x07, 0xC6, 0x07, 0xFE, 0x07, 0xFE, 0x07, 0x00, 0x00};
static const uint8_t emoji_1F30D[] = {0x00, 0x00, 0xF8, 0x01, 0x04, 0x02, 0x26, 0x04, 0x02, 0x04, 0x02, 0x06, 0x02, 0x07, 0x0E, 0x07, 0x8E, 0x07, 0x9C, 0x03, 0xF8, 0x01, 0x00, 0x00};
static const uint8_t emoji_1F30E[] = {0x00, 0x00, 0xF8, 0x01, 0x84, 0x03, 0xC2, 0x07, 0xF2, 0x07, 0xE6, 0x07, 0x1E, 0x07, 0x1E, 0x06, 0x1E, 0x06, 0x3C, 0x03, 0xF8, 0x01, 0x00, 0x00};
static const uint8_t emoji_1F30F[] = {0x00, 0x00, 0xF8, 0x01, 0x84, 0x03, 0x82, 0x07, 0xC2, 0x07, 0xE2, 0x07, 0xD6, 0x07, 0x2E, 0x07, 0x1E, 0x07, 0x1C, 0x03, 0xF8, 0x01, 0x00, 0x00};
static const uint8_t emoji_1F310[] = {0x00, 0x00, 0xF8, 0x01, 0x0C, 0x03, 0xFE, 0x07, 0x00, 0x00, 0x6E, 0x07, 0xEE, 0x07, 0x00, 0x00, 0xFE, 0x07, 0x0C, 0x03, 0xF8, 0x01, 0x00, 0x00};
static const uint8_t emoji_1F311[] = {0x00, 0x00, 0xF8, 0x01, 0xFC, 0x03, 0xFE, 0x07, 0xFE, 0x07, 0xFE, 0x07, 0xFE, 0x07, 0xFE, 0x07, 0xFE, 0x07, 0xFC, 0x03, 0xF8, 0x01, 0x00, 0x00};
static const uint8_t emoji_1F312[] = {0x00, 0x00, 0xF8, 0x01, 0xFC, 0x02, 0xFE, 0x05, 0xFE, 0x05, 0xFE, 0x05, 0xFE, 0x05, 0xFE, 0x05, 0xFE, 0x05, 0xFC, 0x02, 0xF8, 0x01, 0x00, 0x00};
static const uint8_t emoji_1F313[] = {0x00, 0x00, 0xF8, 0x01, 0x3C, 0x02, 0x3E, 0x04, 0x3E, 0x04, 0x3E, 0x04, 0x3E, 0x04, 0x3E, 0x04, 0x3E, 0x04, 0x3C, 0x02, 0xF8, 0x01, 0x00, 0x00};
static const uint8_t emoji_1F314[] = {0x00, 0x00, 0xF8, 0x01, 0x0C, 0x02, 0x0E, 0x04, 0x06, 0x04, 0x06, 0x04, 0x06, 0x04, 0x06, 0x04, 0x06, 0x04, 0x0C, 0x02, 0xF8, 0x01, 0x00, 0x00};
static const uint8_t emoji_1F315[] = {0x00, 0x00, 0xF8, 0x01, 0xFC, 0x03, 0xFE, 0x07, 0xFE, 0x07, 0xFE, 0x07, 0xFE, 0x07, 0xFE, 0x07, 0xFE, 0x07, 0xFC, 0x03, 0xF8, 0x01, 0x00, 0x00};
static const uint8_t emoji_1F316[] = {0x00, 0x00, 0xF8, 0x01, 0x04, 0x03, 0x02, 0x07, 0x02, 0x06, 0x02, 0x06, 0x02, 0x06, 0x02, 0x06, 0x02, 0x06, 0x04, 0x03, 0xF8, 0x01, 0x00, 0x00};
static const uint8_t emoji_1F317[] = {0x00, 0x00, 0xF8, 0x01, 0xC4, 0x03, 0xC2, 0x07, 0xC2, 0x07, 0xC2, 0x07, 0xC2, 0x07, 0xC2, 0x07, 0xC2, 0x07, 0xC4, 0x03, 0xF8, 0x01, 0x00, 0x00};
static const uint8_t emoji_1F318[] = {0x00, 0x00, 0xF8, 0x01, 0xF4, 0x03, 0xFA, 0x07, 0xFA, 0x07, 0xFA, 0x07, 0xFA, 0x07, 0xFA, 0x07, 0xF2, 0x07, 0xF4, 0x03, 0xF8, 0x01, 0x00, 0x00};
static const uint8_t emoji_1F319[] = {0x00, 0x00, 0x00, 0x00, 0x00, 0x02, 0x00, 0x06, 0x00, 0x06, 0x00, 0x06, 0x00, 0x07, 0x00, 0x07, 0xC2, 0x07, 0xFC, 0x03, 0xF8, 0x01, 0x00, 0x00};
static const uint8_t emoji_1F31A[] = {0x00, 0x00, 0xF8, 0x01, 0xFC, 0x03, 0xFE, 0x07, 0xFE, 0x07, 0xFE, 0x07, 0xFE, 0x07, 0xFE, 0x07, 0xFE, 0x07, 0xFC, 0x03, 0xF8, 0x01, 0x00, 0x00};
static const uint8_t emoji_1F31B[] = {0x00, 0x00, 0xC0, 0x00, 0x80, 0x03, 0x80, 0x02, 0x80, 0x04, 0x80, 0x05, 0xE0, 0x05, 0x40, 0x04, 0x70, 0x02, 0x0C, 0x03, 0xF8, 0x00, 0x00, 0x00};
static const uint8_t emoji_1F31C[] = {0x00, 0x00, 0x30, 0x00, 0x1C, 0x00, 0x14, 0x00, 0x12, 0x00, 0x1A, 0x00, 0x7A, 0x00, 0x22, 0x00, 0xE4, 0x00, 0x0C, 0x03, 0xF0, 0x01, 0x00, 0x00};
static const uint8_t emoji_1F31D[] = {0x00, 0x00, 0xF8, 0x01, 0x04, 0x02, 0x02, 0x04, 0x9A, 0x04, 0x9A, 0x04, 0x02, 0x04, 0x62, 0x04, 0x02, 0x04, 0x04, 0x02, 0xF8, 0x01, 0x00, 0x00};
static const uint8_t emoji_1F31E[] = {0x00, 0x00, 0x90, 0x00, 0x6C, 0x03, 0x04, 0x02, 0x92, 0x04, 0xD4, 0x02, 0x44, 0x02, 0x62, 0x04, 0x04, 0x02, 0x6C, 0x03, 0x90, 0x00, 0x00, 0x00};
static const uint8_t emoji_1F31F[] = {0x00, 0x00, 0x60, 0x00, 0x64, 0x02, 0x60, 0x00, 0xFE, 0x07, 0xFE, 0x07, 0xF8, 0x01, 0xFA, 0x05, 0xF8, 0x01, 0x98, 0x01, 0x08, 0x01, 0x00, 0x00};
static const uint8_t emoji_1F320[] = {0x00, 0x00, 0xFE, 0x07, 0x7E, 0x04, 0x3E, 0x06, 0x1E, 0x06, 0x06, 0x07, 0x86, 0x07, 0x82, 0x07, 0x82, 0x07, 0xEE, 0x07, 0xFE, 0x07, 0x00, 0x00};
static const uint8_t emoji_1F321[] = {0x00, 0x00, 0x60, 0x00, 0x60, 0x00, 0x60, 0x00, 0x60, 0x00, 0x60, 0x00, 0x60, 0x00, 0x60, 0x00, 0xD0, 0x00, 0xF0, 0x00, 0xF0, 0x00, 0x00, 0x00};
static const uint8_t emoji_1F324[] = {0x00, 0x00, 0x00, 0x00, 0x68, 0x00, 0x28, 0x01, 0xF8, 0x03, 0xFE, 0x03, 0xF8, 0x07, 0xFC, 0x07, 0xF0, 0x00, 0x90, 0x00, 0x00, 0x00, 0x00, 0x00};
static const uint8_t emoji_1F325[] = {0x00, 0x00, 0x00, 0x00, 0x00, 0x00, 0x18, 0x00, 0xFC, 0x01, 0xF8, 0x03, 0xFC, 0x03, 0xFE, 0x07, 0xFE, 0x07, 0xFC, 0x03, 0x00, 0x00, 0x00, 0x00};
static const uint8_t emoji_1F326[] = {0x00, 0x00, 0x00, 0x00, 0x30, 0x00, 0xFC, 0x00, 0x18, 0x01, 0x08, 0x01, 0x04, 0x02, 0xFC, 0x03, 0x00, 0x00, 0x10, 0x00, 0x20, 0x00, 0x00, 0x00};
static const uint8_t emoji_1F327[] = {0x00, 0x00, 0xE0, 0x01, 0x20, 0x01, 0x18, 0x02, 0x04, 0x02, 0x02, 0x05, 0xFE, 0x07, 0x00, 0x00, 0x48, 0x03, 0x00, 0x00, 0x90, 0x00, 0x00, 0x00};
static const uint8_t emoji_1F328[] = {0x00, 0x00, 0xE0, 0x01, 0xE0, 0x03, 0xF8, 0x03, 0xFC, 0x03, 0xFE, 0x07, 0xFE, 0x07, 0x04, 0x02, 0x64, 0x02, 0x10, 0x00, 0x10, 0x01, 0x00, 0x00};
static const uint8_t emoji_1F329[] = {0x00, 0x00, 0xC0, 0x00, 0xE0, 0x01, 0xF8, 0x03, 0xFC, 0x03, 0xFE, 0x07, 0xFE, 0x07, 0x60, 0x00, 0xE0, 0x00, 0x40, 0x00, 0x00, 0x00, 0x00, 0x00};
static const uint8_t emoji_1F32A[] = {0x00, 0x00, 0xF0, 0x01, 0xFC, 0x03, 0xFE, 0x03, 0xFC, 0x03, 0xFC, 0x01, 0xF8, 0x01, 0xF0, 0x01, 0xC0, 0x01, 0xC0, 0x00, 0xE0, 0x00, 0x00, 0x00};
static const uint8_t emoji_1F32B[] = {0x00, 0x00, 0xFE, 0x07, 0xFE, 0x07, 0xFE, 0x07, 0xFE, 0x07, 0xFE, 0x07, 0xFE, 0x07, 0xFE, 0x07, 0xFE, 0x07, 0xFE, 0x07, 0xFE, 0x07, 0x00, 0x00};
static const uint8_t emoji_1F32C[] = {0x00, 0x00, 0x1E, 0x00, 0x22, 0x00, 0x12, 0x00, 0x1A, 0x07, 0x3A, 0x07, 0xF2, 0x07, 0x22, 0x03, 0x2A, 0x03, 0x16, 0x00, 0x00, 0x00, 0x00, 0x00};
static const uint8_t emoji_1F32D[] = {0x00, 0x00, 0x04, 0x00, 0x1A, 0x00, 0x26, 0x00, 0x4A, 0x00, 0x9A, 0x00, 0x32, 0x03, 0x64, 0x04, 0x08, 0x07, 0xF0, 0x07, 0x00, 0x00, 0x00, 0x00};
static const uint8_t emoji_1F32E[] = {0x00, 0x00, 0x00, 0x00, 0xF8, 0x03, 0x54, 0x04, 0x0A, 0x04, 0x1E, 0x04, 0x12, 0x07, 0x9A, 0x00, 0x6E, 0x00, 0x1E, 0x00, 0x00, 0x00, 0x00, 0x00};
static const uint8_t emoji_1F32F[] = {0x00, 0x00, 0x3C, 0x00, 0x7E, 0x00, 0xBA, 0x00, 0x3E, 0x01, 0xBE, 0x01, 0x84, 0x02, 0xE8, 0x04, 0xF0, 0x05, 0xE0, 0x07, 0x80, 0x03, 0x00, 0x00};
static const uint8_t emoji_1F330[] = {0x00, 0x00, 0x00, 0x00, 0x60, 0x00, 0xF8, 0x01, 0xFC, 0x03, 0xFA, 0x07, 0xFE, 0x07, 0xFE, 0x07, 0xFE, 0x07, 0xFC, 0x03, 0xF8, 0x01, 0x00, 0x00};
static const uint8_t emoji_1F331[] = {0x00, 0x00, 0x00, 0x06, 0x80, 0x07, 0x9E, 0x07, 0xFE, 0x03, 0xFC, 0x01, 0x50, 0x00, 0x40, 0x00, 0xC0, 0x00, 0xC0, 0x00, 0x40, 0x00, 0x00, 0x00};
static const uint8_t emoji_1F332[] = {0x00, 0x00, 0x60, 0x00, 0x70, 0x00, 0xF0, 0x00, 0xF8, 0x01, 0xF8, 0x01, 0xFC, 0x03, 0xF8, 0x01, 0xFC, 0x03, 0xF8, 0x01, 0x60, 0x00, 0x00, 0x00};
static const uint8_t emoji_1F333[] = {0x00, 0x00, 0xF0, 0x00, 0x08, 0x01, 0x04, 0x02, 0x02, 0x05, 0xF2, 0x04, 0xFC, 0x03, 0xFC, 0x01, 0xE0, 0x00, 0x60, 0x00, 0x60, 0x00, 0x00, 0x00};
static const uint8_t emoji_1F334[] = {0x00, 0x00, 0x20, 0x00, 0xA0, 0x01, 0xFC, 0x00, 0xFC, 0x03, 0xF8, 0x03, 0xFC, 0x00, 0x94, 0x00, 0x90, 0x00, 0x80, 0x00, 0x80, 0x00, 0x00, 0x00};
static const uint8_t emoji_1F335[] = {0x00, 0x00, 0x60, 0x00, 0x60, 0x00, 0xF8, 0x01, 0xFC, 0x03, 0x6C, 0x03, 0xEC, 0x01, 0xF8, 0x00, 0x78, 0x00, 0x60, 0x00, 0x60, 0x00, 0x00, 0x00};
static const uint8_t emoji_1F336[] = {0x00, 0x00, 0x00, 0x00, 0x00, 0x00, 0x80, 0x03, 0x80, 0x04, 0x40, 0x04, 0x40, 0x04, 0x40, 0x06, 0x22, 0x02, 0x1E, 0x01, 0xFC, 0x00, 0x00, 0x00};
static const uint8_t emoji_1F337[] = {0x00, 0x00, 0xF0, 0x00, 0xF8, 0x01, 0xF8, 0x01, 0xF8, 0x01, 0xF8, 0x01, 0xF0, 0x00, 0x58, 0x00, 0xF8, 0x01, 0xF0, 0x00, 0xE0, 0x00, 0x00, 0x00};
static const uint8_t emoji_1F338[] = {0x00, 0x00, 0xF0, 0x00, 0x90, 0x00, 0x0C, 0x03, 0x62, 0x04, 0x62, 0x04, 0xF2, 0x04, 0x64, 0x02, 0x04, 0x02, 0x44, 0x02, 0xB8, 0x01, 0x00, 0x00};
static const uint8_t emoji_1F339[] = {0x00, 0x00, 0xF8, 0x01, 0xF8, 0x03, 0xF8, 0x01, 0xF8, 0x01, 0xF8, 0x01, 0xF8, 0x01, 0xF0, 0x00, 0xF0, 0x00, 0x60, 0x00, 0x60, 0x00, 0x00, 0x00};
static const uint8_t emoji_1F33A[] = {0x00, 0x00, 0xCC, 0x01, 0x34, 0x02, 0x44, 0x01, 0xD4, 0x02, 0xDA, 0x05, 0xFA, 0x04, 0x62, 0x04, 0x04, 0x07, 0x9C, 0x07, 0x6E, 0x06, 0x00, 0x00};
static const uint8_t emoji_1F33B[] = {0x00, 0x00, 0x60, 0x00, 0x98, 0x01, 0xF4, 0x02, 0xF8, 0x01, 0xF4, 0x02, 0xF8, 0x01, 0xB0, 0x00, 0x40, 0x00, 0xF0, 0x00, 0x20, 0x00, 0x00, 0x00};
static const uint8_t emoji_1F33C[] = {0x00, 0x00, 0xF8, 0x01, 0xF8, 0x01, 0xFE, 0x03, 0xFE, 0x07, 0xFE, 0x07, 0xFE, 0x07, 0xFE, 0x07, 0xFE, 0x07, 0xF8, 0x01, 0xB8, 0x00, 0x00, 0x00};
static const uint8_t emoji_1F33D[] = {0x00, 0x00, 0xE0, 0x07, 0x20, 0x04, 0x10, 0x04, 0x08, 0x04, 0x0C, 0x03, 0x84, 0x07, 0xE2, 0x01, 0xF4, 0x00, 0x7E, 0x00, 0x1E, 0x00, 0x00, 0x00};
static const uint8_t emoji_1F33E[] = {0x00, 0x00, 0x00, 0x00, 0x20, 0x07, 0xF0, 0x07, 0x34, 0x00, 0x9C, 0x01, 0x98, 0x03, 0xE8, 0x02, 0x30, 0x00, 0x30, 0x00, 0x20, 0x00, 0x00, 0x00};
static const uint8_t emoji_1F33F[] = {0x00, 0x00, 0x20, 0x07, 0xB0, 0x07, 0xB6, 0x03, 0xBE, 0x01, 0xAE, 0x07, 0xAC, 0x03, 0x1C, 0x00, 0xF0, 0x07, 0xC8, 0x07, 0x04, 0x00, 0x00, 0x00};
static const uint8_t emoji_1F340[] = {0x00, 0x00, 0x98, 0x01, 0xFC, 0x03, 0xFC, 0x03, 0xF8, 0x01, 0xFC, 0x01, 0xFC, 0x03, 0xFC, 0x01, 0x98, 0x01, 0x40, 0x00, 0x80, 0x00, 0x00, 0x00};
static const uint8_t emoji_1F341[] = {0x00, 0x00, 0x60, 0x00, 0x60, 0x00, 0xF0, 0x00, 0xF6, 0x06, 0xFC, 0x03, 0xFC, 0x03, 0xFC, 0x01, 0xFC, 0x03, 0x00, 0x00, 0x00, 0x00, 0x00, 0x00};
static const uint8_t emoji_1F342[] = {0x00, 0x00, 0x40, 0x00, 0x20, 0x00, 0x78, 0x07, 0xF8, 0x06, 0xFC, 0x00, 0xFC, 0x02, 0x7C, 0x07, 0x3E, 0x07, 0x04, 0x07, 0x00, 0x06, 0x00, 0x00};
static const uint8_t emoji_1F343[] = {0x00, 0x00, 0x00, 0x00, 0x00, 0x00, 0xC0, 0x01, 0xC0, 0x03, 0xE0, 0x01, 0xC0, 0x00, 0xE0, 0x01, 0xF0, 0x01, 0xF0, 0x00, 0xF0, 0x00, 0x00, 0x00};
static const uint8_t emoji_1F344[] = {0x00, 0x00, 0xF8, 0x01, 0x94, 0x02, 0xFE, 0x04, 0xB2, 0x07, 0x12, 0x05, 0x3E, 0x03, 0xF8, 0x00, 0x90, 0x00, 0x88, 0x00, 0xF0, 0x00, 0x00, 0x00};
static const uint8_t emoji_1F345[] = {0x00, 0x00, 0x20, 0x00, 0x60, 0x00, 0xB8, 0x03, 0x0E, 0x07, 0xBA, 0x07, 0xFA, 0x07, 0xFA, 0x07, 0xFE, 0x07, 0xFC, 0x03, 0xF8, 0x01, 0x00, 0x00};
static const uint8_t emoji_1F346[] = {0x00, 0x00, 0x02, 0x00, 0x0E, 0x00, 0x1E, 0x00, 0x3E, 0x00, 0x7C, 0x00, 0xFC, 0x01, 0xF8, 0x07, 0xF0, 0x07, 0xE0, 0x07, 0xC0, 0x03, 0x00, 0x00};
static const uint8_t emoji_1F347[] = {0x00, 0x00, 0x0C, 0x00, 0x04, 0x00, 0xEC, 0x01, 0xD8, 0x01, 0x74, 0x01, 0x54, 0x01, 0xDE, 0x03, 0x7C, 0x03, 0xF0, 0x03, 0xC0, 0x03, 0x00, 0x00};
static const uint8_t emoji_1F348[] = {0x00, 0x00, 0x70, 0x00, 0xF0, 0x00, 0x08, 0x01, 0x04, 0x02, 0x02, 0x04, 0x02, 0x04, 0x02, 0x04, 0x04, 0x02, 0x04, 0x02, 0xF8, 0x01, 0x00, 0x00};
static const uint8_t emoji_1F349[] = {0x00, 0x00, 0x00, 0x00, 0x0E, 0x00, 0x3E, 0x00, 0xFE, 0x01, 0xFE, 0x07, 0xFE, 0x05, 0xFA, 0x04, 0x04, 0x06, 0xF8, 0x03, 0x00, 0x00, 0x00, 0x00};
static const uint8_t emoji_1F34A[] = {0x00, 0x00, 0xC0, 0x03, 0xE0, 0x03, 0x78, 0x01, 0x04, 0x02, 0x02, 0x04, 0x02, 0x04, 0x02, 0x04, 0x02, 0x04, 0x04, 0x02, 0xF8, 0x01, 0x00, 0x00};
static const uint8_t emoji_1F34B[] = {0x00, 0x00, 0x00, 0x00, 0x64, 0x00, 0x9C, 0x01, 0x06, 0x02, 0x06, 0x04, 0x06, 0x04, 0x0E, 0x04, 0x16, 0x04, 0xE0, 0x07, 0x00, 0x00, 0x00, 0x00};
static const uint8_t emoji_1F34C[] = {0x00, 0x00, 0x70, 0x00, 0x50, 0x00, 0xA0, 0x00, 0xA0, 0x00, 0xA0, 0x00, 0xFC, 0x03, 0xE4, 0x02, 0xF4, 0x05, 0x70, 0x02, 0x38, 0x00, 0x00, 0x00};
static const uint8_t emoji_1F34D[] = {0x00, 0x00, 0xF0, 0x00, 0xF8, 0x01, 0xF8, 0x01, 0xF8, 0x01, 0xF0, 0x00, 0x90, 0x00, 0x08, 0x01, 0x08, 0x01, 0x08, 0x01, 0xF0, 0x00, 0x00, 0x00};
static const uint8_t emoji_1F34E[] = {0x00, 0x00, 0x80, 0x01, 0x60, 0x01, 0xFC, 0x03, 0x24, 0x04, 0x02, 0x04, 0x02, 0x04, 0x02, 0x04, 0x02, 0x02, 0x04, 0x03, 0xF8, 0x01, 0x00, 0x00};
static const uint8_t emoji_1F34F[] = {0x00, 0x00, 0x80, 0x03, 0xE0, 0x01, 0xFC, 0x02, 0x04, 0x04, 0x02, 0x04, 0x02, 0x04, 0x02, 0x04, 0x02, 0x02, 0x04, 0x02, 0xF8, 0x01, 0x00, 0x00};
static const uint8_t emoji_1F350[] = {0x00, 0x00, 0x20, 0x00, 0x60, 0x00, 0x60, 0x00, 0x90, 0x00, 0x10, 0x01, 0x08, 0x01, 0x04, 0x02, 0x04, 0x02, 0x08, 0x01, 0xF0, 0x00, 0x00, 0x00};
static const uint8_t emoji_1F351[] = {0x00, 0x00, 0x9C, 0x03, 0x64, 0x02, 0x02, 0x04, 0x02, 0x04, 0x02, 0x05, 0x02, 0x05, 0x82, 0x05, 0xFC, 0x03, 0xF8, 0x01, 0xF0, 0x00, 0x00, 0x00};
static const uint8_t emoji_1F352[] = {0x00, 0x00, 0xF8, 0x01, 0x7C, 0x00, 0x28, 0x00, 0x40, 0x00, 0x00, 0x00, 0x90, 0x01, 0xF8, 0x03, 0xFC, 0x03, 0xFC, 0x03, 0xFC, 0x01, 0x00, 0x00};
static const uint8_t emoji_1F353[] = {0x00, 0x00, 0x64, 0x00, 0xDC, 0x01, 0x84, 0x02, 0xC4, 0x03, 0x42, 0x03, 0xF6, 0x03, 0x54, 0x03, 0xF4, 0x05, 0x58, 0x07, 0xE0, 0x03, 0x00, 0x00};
static const uint8_t emoji_1F354[] = {0x00, 0x00, 0xF8, 0x01, 0x14, 0x02, 0x5A, 0x05, 0x02, 0x04, 0x02, 0x04, 0x02, 0x04, 0xD2, 0x06, 0x1C, 0x07, 0x94, 0x02, 0xF8, 0x01, 0x00, 0x00};
static const uint8_t emoji_1F355[] = {0x00, 0x00, 0xE0, 0x01, 0xD0, 0x01, 0x9C, 0x01, 0x9C, 0x01, 0xBC, 0x01, 0xDC, 0x02, 0x90, 0x02, 0x60, 0x02, 0x40, 0x02, 0x80, 0x03, 0x00, 0x00};
static const uint8_t emoji_1F356[] = {0x00, 0x00, 0x04, 0x00, 0x7E, 0x00, 0xF8, 0x00, 0xFC, 0x01, 0x7C, 0x02, 0xDC, 0x03, 0x7C, 0x03, 0x48, 0x02, 0x70, 0x04, 0xE0, 0x03, 0x00, 0x00};
static const uint8_t emoji_1F357[] = {0x00, 0x00, 0x04, 0x00, 0x0A, 0x00, 0x0C, 0x00, 0x38, 0x00, 0xF0, 0x01, 0xF0, 0x03, 0xE0, 0x07, 0xE0, 0x07, 0xE0, 0x07, 0xC0, 0x03, 0x00, 0x00};
static const uint8_t emoji_1F358[] = {0x00, 0x00, 0xF8, 0x01, 0x04, 0x02, 0x02, 0x04, 0xEA, 0x05, 0xE2, 0x05, 0xF2, 0x05, 0xFA, 0x05, 0xF2, 0x05, 0xFC, 0x03, 0xF8, 0x01, 0x00, 0x00};
static const uint8_t emoji_1F359[] = {0x00, 0x00, 0x60, 0x00, 0x98, 0x01, 0x04, 0x01, 0x04, 0x02, 0x02, 0x04, 0xFA, 0x05, 0xFA, 0x05, 0xFA, 0x05, 0xFE, 0x07, 0xF8, 0x01, 0x00, 0x00};
static const uint8_t emoji_1F35A[] = {0x00, 0x00, 0xF0, 0x00, 0x0C, 0x03, 0x04, 0x04, 0x02, 0x04, 0x02, 0x04, 0xFE, 0x07, 0xFE, 0x07, 0xFC, 0x03, 0xF8, 0x01, 0xF0, 0x00, 0x00, 0x00};
static const uint8_t emoji_1F35B[] = {0x00, 0x00, 0x00, 0x00, 0x70, 0x00, 0x88, 0x01, 0x04, 0x03, 0x02, 0x07, 0x86, 0x07, 0xFA, 0x07, 0xFE, 0x03, 0xF8, 0x01, 0x00, 0x00, 0x00, 0x00};
static const uint8_t emoji_1F35C[] = {0x00, 0x00, 0x00, 0x06, 0xE0, 0x03, 0x20, 0x00, 0xD8, 0x00, 0x06, 0x07, 0x1A, 0x07, 0x02, 0x04, 0x04, 0x02, 0x08, 0x01, 0xF0, 0x00, 0x00, 0x00};
static const uint8_t emoji_1F35D[] = {0x00, 0x00, 0x00, 0x00, 0xE0, 0x00, 0x60, 0x00, 0x00, 0x00, 0xF8, 0x01, 0xFC, 0x03, 0xF2, 0x04, 0x02, 0x04, 0x02, 0x04, 0xFC, 0x03, 0x00, 0x00};
static const uint8_t emoji_1F35E[] = {0x00, 0x00, 0xF8, 0x01, 0xFE, 0x07, 0xF2, 0x07, 0xC2, 0x07, 0x82, 0x07, 0x82, 0x03, 0xC2, 0x07, 0xC4, 0x07, 0xD8, 0x03, 0xE0, 0x00, 0x00, 0x00};
static const uint8_t emoji_1F35F[] = {0x00, 0x00, 0x60, 0x00, 0x9C, 0x03, 0x04, 0x02, 0x04, 0x02, 0x08, 0x01, 0x18, 0x01, 0xF8, 0x01, 0xF8, 0x01, 0xF8, 0x01, 0xF0, 0x00, 0x00, 0x00};
static const uint8_t emoji_1F360[] = {0x00, 0x00, 0x00, 0x00, 0x38, 0x00, 0xC4, 0x00, 0xE2, 0x00, 0xF2, 0x01, 0xFA, 0x03, 0xFE, 0x03, 0xFC, 0x03, 0xF8, 0x07, 0xE0, 0x07, 0x00, 0x00};
static const uint8_t emoji_1F361[] = {0x00, 0x00, 0x0E, 0x00, 0x12, 0x00, 0x22, 0x00, 0x44, 0x00, 0x88, 0x00, 0x90, 0x01, 0xA0, 0x03, 0xC0, 0x03, 0x80, 0x03, 0x00, 0x04, 0x00, 0x00};
static const uint8_t emoji_1F362[] = {0x00, 0x00, 0x3E, 0x00, 0x1E, 0x00, 0x1E, 0x00, 0x66, 0x00, 0x4A, 0x03, 0xB0, 0x04, 0x40, 0x02, 0x20, 0x01, 0x90, 0x02, 0x60, 0x04, 0x00, 0x00};
static const uint8_t emoji_1F363[] = {0x00, 0x00, 0xF8, 0x01, 0xE4, 0x03, 0x84, 0x07, 0x08, 0x07, 0x7E, 0x04, 0xFE, 0x03, 0xFE, 0x03, 0xF6, 0x03, 0x98, 0x01, 0xE0, 0x01, 0x00, 0x00};
static const uint8_t emoji_1F364[] = {0x00, 0x00, 0xC0, 0x00, 0x20, 0x03, 0x2E, 0x02, 0x2E, 0x04, 0x6E, 0x04, 0x8C, 0x04, 0x7C, 0x04, 0x08, 0x02, 0xF0, 0x01, 0x00, 0x00, 0x00, 0x00};
static const uint8_t emoji_1F365[] = {0x00, 0x00, 0xF8, 0x01, 0x08, 0x01, 0x36, 0x06, 0xEA, 0x04, 0x3A, 0x05, 0x6A, 0x05, 0x9A, 0x05, 0xF2, 0x04, 0x04, 0x02, 0xF8, 0x01, 0x00, 0x00};
static const uint8_t emoji_1F366[] = {0x00, 0x00, 0x40, 0x00, 0xA0, 0x00, 0x90, 0x00, 0x90, 0x00, 0x10, 0x01, 0x08, 0x01, 0xF0, 0x00, 0xF0, 0x00, 0xF0, 0x00, 0x60, 0x00, 0x00, 0x00};
static const uint8_t emoji_1F367[] = {0x00, 0x00, 0xF0, 0x04, 0xF8, 0x03, 0xFC, 0x03, 0xFC, 0x03, 0x04, 0x02, 0x04, 0x02, 0x04, 0x02, 0x08, 0x01, 0x08, 0x01, 0xF8, 0x01, 0x00, 0x00};
static const uint8_t emoji_1F368[] = {0x00, 0x00, 0xE0, 0x00, 0x90, 0x00, 0x38, 0x01, 0x7C, 0x02, 0x7C, 0x02, 0x34, 0x02, 0x98, 0x01, 0x60, 0x00, 0x90, 0x00, 0xF0, 0x00, 0x00, 0x00};
static const uint8_t emoji_1F369[] = {0x00, 0x00, 0x00, 0x00, 0xF8, 0x01, 0xFC, 0x03, 0xFE, 0x07, 0xFE, 0x07, 0xFE, 0x07, 0xFE, 0x07, 0xF4, 0x02, 0xF8, 0x01, 0x00, 0x00, 0x00, 0x00};
static const uint8_t emoji_1F36A[] = {0x00, 0x00, 0xF0, 0x00, 0x1C, 0x03, 0x82, 0x03, 0x22, 0x04, 0x1A, 0x06, 0x06, 0x06, 0xB2, 0x05, 0x86, 0x07, 0x8C, 0x03, 0xF0, 0x00, 0x00, 0x00};
static const uint8_t emoji_1F36B[] = {0x00, 0x00, 0x10, 0x00, 0x38, 0x00, 0xFC, 0x00, 0x3E, 0x01, 0x1E, 0x01, 0x8C, 0x03, 0xF8, 0x07, 0xE0, 0x03, 0xC0, 0x01, 0x80, 0x00, 0x00, 0x00};
static const uint8_t emoji_1F36C[] = {0x00, 0x00, 0x08, 0x00, 0x0C, 0x00, 0x32, 0x00, 0xC6, 0x00, 0xF8, 0x00, 0xF8, 0x00, 0xF0, 0x03, 0x60, 0x04, 0x80, 0x02, 0x00, 0x01, 0x00, 0x00};
static const uint8_t emoji_1F36D[] = {0x00, 0x00, 0xF8, 0x00, 0xB4, 0x01, 0xFA, 0x01, 0xFA, 0x01, 0xAA, 0x01, 0xDA, 0x01, 0xB4, 0x00, 0x78, 0x01, 0x00, 0x02, 0x00, 0x04, 0x00, 0x00};
static const uint8_t emoji_1F36E[] = {0x00, 0x00, 0x00, 0x00, 0xF8, 0x01, 0xF8, 0x01, 0xFC, 0x03, 0x82, 0x05, 0x86, 0x07, 0x8E, 0x07, 0xF6, 0x06, 0xF8, 0x01, 0x00, 0x00, 0x00, 0x00};
static const uint8_t emoji_1F36F[] = {0x00, 0x00, 0x00, 0x03, 0xF8, 0x01, 0xE4, 0x02, 0x04, 0x02, 0x64, 0x02, 0xE4, 0x02, 0xF4, 0x02, 0xFC, 0x02, 0xF8, 0x01, 0xF0, 0x00, 0x00, 0x00};
static const uint8_t emoji_1F370[] = {0x00, 0x00, 0xE0, 0x00, 0xF0, 0x01, 0xE8, 0x06, 0x48, 0x04, 0x04, 0x03, 0xFA, 0x07, 0xFE, 0x07, 0xFE, 0x07, 0xFE, 0x07, 0x7C, 0x00, 0x00, 0x00};
static const uint8_t emoji_1F371[] = {0x00, 0x00, 0x00, 0x00, 0xFE, 0x07, 0xE2, 0x07, 0xE2, 0x05, 0xA2, 0x07, 0xA2, 0x04, 0xE2, 0x05, 0xFE, 0x07, 0xFE, 0x07, 0x00, 0x00, 0x00, 0x00};
static const uint8_t emoji_1F372[] = {0x00, 0x00, 0x00, 0x00, 0xC0, 0x00, 0x60, 0x00, 0xD8, 0x01, 0x0E, 0x07, 0x02, 0x04, 0x0C, 0x02, 0xFC, 0x03, 0xF8, 0x01, 0x60, 0x00, 0x00, 0x00};
static const uint8_t emoji_1F373[] = {0x00, 0x00, 0xF8, 0x00, 0x8C, 0x01, 0x0C, 0x01, 0x04, 0x03, 0x04, 0x01, 0x84, 0x01, 0xF8, 0x00, 0xB0, 0x01, 0x00, 0x03, 0x00, 0x02, 0x00, 0x00};
static const uint8_t emoji_1F374[] = {0x00, 0x00, 0x80, 0x00, 0x90, 0x00, 0x90, 0x00, 0x98, 0x00, 0x98, 0x00, 0x90, 0x00, 0x90, 0x00, 0x90, 0x00, 0x90, 0x00, 0x98, 0x00, 0x00, 0x00};
static const uint8_t emoji_1F375[] = {0x00, 0x00, 0x80, 0x00, 0x40, 0x00, 0xB0, 0x00, 0x08, 0x01, 0xF8, 0x01, 0xF8, 0x01, 0xF8, 0x01, 0xF8, 0x01, 0x68, 0x01, 0xF0, 0x00, 0x00, 0x00};
static const uint8_t emoji_1F376[] = {0x00, 0x00, 0xC0, 0x01, 0x40, 0x01, 0x40, 0x01, 0x40, 0x01, 0x40, 0x01, 0x20, 0x02, 0xE0, 0x03, 0xFC, 0x03, 0xFC, 0x03, 0xF8, 0x01, 0x00, 0x00};
static const uint8_t emoji_1F377[] = {0x00, 0x00, 0xF0, 0x00, 0x90, 0x00, 0x90, 0x00, 0xF8, 0x01, 0xF0, 0x00, 0xF0, 0x00, 0x60, 0x00, 0x00, 0x00, 0xF0, 0x00, 0xF0, 0x00, 0x00, 0x00};
static const uint8_t emoji_1F378[] = {0x00, 0x00, 0xFC, 0x03, 0x04, 0x02, 0x48, 0x01, 0xF0, 0x00, 0x60, 0x00, 0x60, 0x00, 0x60, 0x00, 0x60, 0x00, 0x60, 0x00, 0xF0, 0x00, 0x00, 0x00};
static const uint8_t emoji_1F379[] = {0x00, 0x00, 0x18, 0x00, 0xA8, 0x00, 0xD0, 0x00, 0x90, 0x00, 0x90, 0x00, 0xE8, 0x00, 0xF0, 0x00, 0xF0, 0x00, 0x60, 0x00, 0x70, 0x00, 0x00, 0x00};
static const uint8_t emoji_1F37A[] = {0x00, 0x00, 0x70, 0x00, 0x88, 0x01, 0x08, 0x01, 0xE8, 0x02, 0xF8, 0x07, 0xF8, 0x04, 0xF8, 0x03, 0xF8, 0x02, 0x78, 0x01, 0xF8, 0x00, 0x00, 0x00};
static const uint8_t emoji_1F37B[] = {0x00, 0x00, 0x00, 0x00, 0xC0, 0x01, 0x38, 0x02, 0x04, 0x07, 0xDA, 0x03, 0xFC, 0x07, 0xFA, 0x07, 0xBC, 0x03, 0xBC, 0x00, 0x00, 0x00, 0x00, 0x00};
static const uint8_t emoji_1F37C[] = {0x00, 0x00, 0x00, 0x04, 0xC0, 0x07, 0xF0, 0x03, 0xC8, 0x03, 0x84, 0x03, 0x02, 0x01, 0x82, 0x00, 0x42, 0x00, 0x24, 0x00, 0x18, 0x00, 0x00, 0x00};
static const uint8_t emoji_1F37D[] = {0x00, 0x00, 0x00, 0x00, 0x60, 0x04, 0x92, 0x05, 0x0A, 0x05, 0x06, 0x06, 0x06, 0x02, 0x0A, 0x01, 0x1A, 0x05, 0xE2, 0x04, 0x00, 0x00, 0x00, 0x00};
static const uint8_t emoji_1F37E[] = {0x00, 0x00, 0x00, 0x00, 0x04, 0x00, 0x08, 0x00, 0x18, 0x00, 0x70, 0x00, 0xA0, 0x00, 0xE0, 0x01, 0xC0, 0x02, 0xC0, 0x04, 0x80, 0x03, 0x00, 0x00};
static const uint8_t emoji_1F37F[] = {0x00, 0x00, 0xE0, 0x00, 0xF8, 0x01, 0xFC, 0x03, 0xFC, 0x03, 0xFC, 0x03, 0xFC, 0x03, 0xF8, 0x03, 0xF8, 0x01, 0xF8, 0x01, 0xF0, 0x00, 0x00, 0x00};
static const uint8_t emoji_1F380[] = {0x00, 0x00, 0x00, 0x00, 0x0E, 0x07, 0xFA, 0x07, 0x92, 0x04, 0xFE, 0x07, 0x98, 0x03, 0x94, 0x02, 0x94, 0x04, 0x08, 0x03, 0x08, 0x01, 0x00, 0x00};
static const uint8_t emoji_1F381[] = {0x00, 0x00, 0xFC, 0x03, 0xD4, 0x03, 0xFA, 0x07, 0x1A, 0x07, 0x0A, 0x07, 0x0A, 0x07, 0x0A, 0x07, 0x0A, 0x07, 0x0C, 0x03, 0xF0, 0x00, 0x00, 0x00};
static const uint8_t emoji_1F382[] = {0x00, 0x00, 0x00, 0x00, 0xF0, 0x00, 0xF0, 0x00, 0xF0, 0x00, 0x0C, 0x03, 0xFC, 0x03, 0x64, 0x02, 0x04, 0x02, 0xDC, 0x02, 0xF8, 0x01, 0x60, 0x00};
static const uint8_t emoji_1F383[] = {0x00, 0x00, 0x20, 0x00, 0x60, 0x00, 0x9C, 0x03, 0x02, 0x04, 0x0A, 0x05, 0x9A, 0x05, 0x62, 0x04, 0xFA, 0x05, 0xF4, 0x02, 0xF8, 0x01, 0x00, 0x00};
static const uint8_t emoji_1F384[] = {0x00, 0x00, 0x60, 0x00, 0x60, 0x00, 0xF0, 0x00, 0xF0, 0x00, 0x78, 0x01, 0xE8, 0x01, 0xB8, 0x01, 0x7C, 0x03, 0xFC, 0x01, 0x60, 0x00, 0x00, 0x00};
static const uint8_t emoji_1F385[] = {0x00, 0x00, 0xF0, 0x00, 0x98, 0x01, 0x08, 0x02, 0x08, 0x02, 0x98, 0x02, 0x08, 0x02, 0x04, 0x01, 0x08, 0x01, 0x04, 0x02, 0xFC, 0x03, 0x00, 0x00};
static const uint8_t emoji_1F386[] = {0x00, 0x00, 0xFE, 0x07, 0x02, 0x04, 0x02, 0x04, 0x02, 0x04, 0x02, 0x04, 0x02, 0x04, 0x02, 0x04, 0x02, 0x04, 0x46, 0x04, 0xFE, 0x07, 0x00, 0x00};
static const uint8_t emoji_1F387[] = {0x00, 0x00, 0xFE, 0x07, 0x8E, 0x04, 0x02, 0x06, 0x02, 0x06, 0x02, 0x04, 0x02, 0x04, 0x02, 0x06, 0x26, 0x06, 0xF2, 0x04, 0xFE, 0x07, 0x00, 0x00};
static const uint8_t emoji_1F388[] = {0x00, 0x00, 0xF0, 0x00, 0xF8, 0x01, 0xF8, 0x01, 0xF8, 0x01, 0xF8, 0x01, 0xF8, 0x01, 0xF0, 0x00, 0xC0, 0x00, 0x00, 0x00, 0x00, 0x00, 0x00, 0x00};
static const uint8_t emoji_1F389[] = {0x00, 0x00, 0x30, 0x04, 0x10, 0x04, 0xF0, 0x07, 0xB0, 0x02, 0xF8, 0x00, 0x7C, 0x06, 0xF4, 0x02, 0x64, 0x03, 0x3A, 0x00, 0x06, 0x00, 0x00, 0x00};
static const uint8_t emoji_1F38A[] = {0x00, 0x00, 0x9C, 0x03, 0xD4, 0x04, 0x9C, 0x07, 0xAC, 0x01, 0x6C, 0x01, 0x24, 0x03, 0x2A, 0x05, 0x28, 0x01, 0x44, 0x02, 0x82, 0x02, 0x00, 0x00};
static const uint8_t emoji_1F38B[] = {0x00, 0x00, 0x18, 0x00, 0xD0, 0x01, 0x78, 0x02, 0xAC, 0x01, 0x3C, 0x03, 0x70, 0x03, 0x80, 0x02, 0x88, 0x00, 0x08, 0x00, 0x08, 0x00, 0x00, 0x00};
static const uint8_t emoji_1F38C[] = {0x00, 0x00, 0x00, 0x00, 0x9C, 0x03, 0x5E, 0x07, 0xFE, 0x07, 0x2E, 0x03, 0x20, 0x02, 0x00, 0x00, 0x00, 0x00, 0x10, 0x00, 0x00, 0x00, 0x00, 0x00};
static const uint8_t emoji_1F38D[] = {0x00, 0x00, 0x20, 0x00, 0x60, 0x00, 0xA0, 0x00, 0x60, 0x00, 0x90, 0x00, 0x98, 0x01, 0xF8, 0x01, 0xF0, 0x00, 0x90, 0x00, 0xF0, 0x01, 0x00, 0x00};
static const uint8_t emoji_1F38E[] = {0x00, 0x00, 0x08, 0x01, 0x98, 0x02, 0x94, 0x02, 0x54, 0x04, 0x98, 0x02, 0x9C, 0x02, 0x74, 0x02, 0x3E, 0x05, 0x3E, 0x05, 0xFE, 0x07, 0x00, 0x00};
static const uint8_t emoji_1F38F[] = {0x00, 0x00, 0xC2, 0x07, 0xF2, 0x03, 0xC8, 0x07, 0xE6, 0x01, 0x1A, 0x00, 0xF0, 0x03, 0x08, 0x04, 0xFC, 0x03, 0x04, 0x00, 0x04, 0x00, 0x00, 0x00};
static const uint8_t emoji_1F390[] = {0x00, 0x00, 0xE0, 0x00, 0x50, 0x01, 0x68, 0x02, 0x48, 0x02, 0xC8, 0x01, 0xF0, 0x01, 0x40, 0x00, 0xA0, 0x00, 0x78, 0x00, 0x1C, 0x00, 0x00, 0x00};
static const uint8_t emoji_1F391[] = {0x00, 0x00, 0xFE, 0x07, 0x06, 0x06, 0x06, 0x04, 0x02, 0x04, 0x02, 0x04, 0x02, 0x04, 0x06, 0x04, 0xCE, 0x07, 0xFE, 0x07, 0xFE, 0x07, 0x00, 0x00};
static const uint8_t emoji_1F392[] = {0x00, 0x00, 0xBC, 0x03, 0x44, 0x03, 0x9C, 0x06, 0xA6, 0x06, 0xE6, 0x07, 0xFE, 0x07, 0xC2, 0x05, 0xC2, 0x07, 0xC2, 0x03, 0xFE, 0x00, 0x00, 0x00};
static const uint8_t emoji_1F393[] = {0x00, 0x00, 0x00, 0x00, 0xF0, 0x00, 0xF8, 0x01, 0xCE, 0x07, 0xE4, 0x03, 0xFC, 0x01, 0xFC, 0x01, 0xFC, 0x01, 0x64, 0x00, 0x04, 0x00, 0x00, 0x00};
static const uint8_t emoji_1F396[] = {0x00, 0x00, 0xF8, 0x01, 0xF0, 0x00, 0xF0, 0x00, 0x60, 0x00, 0x00, 0x00, 0x60, 0x00, 0x98, 0x01, 0x90, 0x00, 0xF0, 0x00, 0x90, 0x00, 0x00, 0x00};
static const uint8_t emoji_1F397[] = {0x00, 0x00, 0xF0, 0x00, 0xF8, 0x01, 0x98, 0x01, 0x98, 0x01, 0xF0, 0x00, 0xF0, 0x00, 0xF0, 0x00, 0xF0, 0x01, 0xFC, 0x03, 0x1C, 0x01, 0x00, 0x00};
static const uint8_t emoji_1F399[] = {0x00, 0x00, 0xF8, 0x00, 0xB8, 0x00, 0x38, 0x01, 0x78, 0x01, 0x78, 0x01, 0x78, 0x01, 0xB0, 0x01, 0xD0, 0x01, 0xA0, 0x00, 0xC0, 0x00, 0x00, 0x00};
static const uint8_t emoji_1F39A[] = {0x00, 0x00, 0xFC, 0x03, 0x64, 0x02, 0xF4, 0x02, 0xF4, 0x02, 0x64, 0x02, 0x64, 0x02, 0x64, 0x02, 0x64, 0x02, 0x64, 0x02, 0xFC, 0x03, 0x00, 0x00};
static const uint8_t emoji_1F39B[] = {0x00, 0x00, 0xFE, 0x07, 0x0E, 0x07, 0x9E, 0x07, 0x9E, 0x07, 0x02, 0x04, 0x02, 0x04, 0x9E, 0x05, 0x9E, 0x07, 0x9E, 0x07, 0xFE, 0x07, 0x00, 0x00};
static const uint8_t emoji_1F39E[] = {0x00, 0x00, 0x00, 0x00, 0xFE, 0x07, 0x86, 0x07, 0x02, 0x04, 0x02, 0x04, 0x02, 0x04, 0x02, 0x04, 0x06, 0x06, 0xFE, 0x07, 0x00, 0x00, 0x00, 0x00};
static const uint8_t emoji_1F39F[] = {0x00, 0x00, 0x00, 0x00, 0x00, 0x00, 0xFE, 0x07, 0xFE, 0x07, 0xFE, 0x07, 0xFE, 0x07, 0xFE, 0x07, 0xFE, 0x07, 0x00, 0x00, 0x00, 0x00, 0x00, 0x00};
static const uint8_t emoji_1F3A0[] = {0x00, 0x00, 0x16, 0x00, 0x1A, 0x00, 0x16, 0x00, 0xE6, 0x00, 0x78, 0x03, 0x68, 0x06, 0xEC, 0x06, 0x16, 0x03, 0x12, 0x06, 0x10, 0x00, 0x00, 0x00};
static const uint8_t emoji_1F3A1[] = {0x00, 0x00, 0x60, 0x00, 0x6C, 0x03, 0x9C, 0x03, 0x60, 0x00, 0x66, 0x06, 0x66, 0x06, 0xF0, 0x03, 0xFC, 0x02, 0xF8, 0x01, 0xF8, 0x01, 0x00, 0x00};
static const uint8_t emoji_1F3A2[] = {0x00, 0x00, 0x00, 0x05, 0xC0, 0x06, 0xA0, 0x07, 0xF0, 0x07, 0xE8, 0x06, 0xF8, 0x02, 0x58, 0x02, 0x48, 0x02, 0x4C, 0x02, 0x4E, 0x02, 0x00, 0x00};
static const uint8_t emoji_1F3A3[] = {0x00, 0x00, 0x00, 0x02, 0x00, 0x04, 0x00, 0x04, 0x00, 0x04, 0x18, 0x04, 0x1C, 0x02, 0x1C, 0x02, 0x9C, 0x03, 0xC4, 0x01, 0x80, 0x01, 0x00, 0x00};
static const uint8_t emoji_1F3A4[] = {0x00, 0x00, 0x80, 0x07, 0x80, 0x04, 0x40, 0x04, 0x20, 0x06, 0x60, 0x01, 0xF0, 0x00, 0x38, 0x00, 0x1C, 0x00, 0x0E, 0x00, 0x06, 0x00, 0x00, 0x00};
static const uint8_t emoji_1F3A5[] = {0x00, 0x00, 0xC0, 0x01, 0xE4, 0x03, 0xFE, 0x03, 0xFE, 0x03, 0xFE, 0x01, 0xFC, 0x04, 0xFE, 0x07, 0xFC, 0x07, 0xFC, 0x07, 0xFC, 0x06, 0x00, 0x00};
static const uint8_t emoji_1F3A6[] = {0x00, 0x00, 0xFE, 0x07, 0xDE, 0x07, 0x8E, 0x06, 0x0E, 0x04, 0x8E, 0x04, 0x02, 0x04, 0x02, 0x04, 0x02, 0x04, 0x1A, 0x06, 0xFE, 0x07, 0x00, 0x00};
static const uint8_t emoji_1F3A7[] = {0x00, 0x00, 0xF8, 0x01, 0x9C, 0x03, 0x04, 0x02, 0x06, 0x06, 0x02, 0x04, 0x02, 0x04, 0x9C, 0x03, 0x9E, 0x07, 0x9E, 0x07, 0x9C, 0x03, 0x00, 0x00};
static const uint8_t emoji_1F3A8[] = {0x00, 0x00, 0x78, 0x00, 0x84, 0x00, 0x1E, 0x03, 0x82, 0x03, 0x4E, 0x05, 0x5E, 0x05, 0x84, 0x07, 0x44, 0x00, 0x98, 0x01, 0xE0, 0x01, 0x00, 0x00};
static const uint8_t emoji_1F3A9[] = {0x00, 0x00, 0x00, 0x00, 0xF8, 0x01, 0xE8, 0x01, 0xE8, 0x01, 0xE8, 0x01, 0xE8, 0x01, 0x06, 0x06, 0xC6, 0x07, 0xFC, 0x03, 0x60, 0x00, 0x00, 0x00};
static const uint8_t emoji_1F3AA[] = {0x00, 0x00, 0xC0, 0x00, 0x00, 0x00, 0x60, 0x00, 0x98, 0x01, 0x04, 0x02, 0x44, 0x03, 0x7C, 0x03, 0x6C, 0x03, 0xF6, 0x04, 0xFE, 0x07, 0x00, 0x00};
static const uint8_t emoji_1F3AB[] = {0x00, 0x00, 0x00, 0x00, 0x00, 0x00, 0xFE, 0x07, 0xFE, 0x07, 0xFE, 0x07, 0xFE, 0x07, 0xFE, 0x07, 0xFE, 0x07, 0x00, 0x00, 0x00, 0x00, 0x00, 0x00};
static const uint8_t emoji_1F3AC[] = {0x00, 0x00, 0xE0, 0x07, 0xFE, 0x00, 0x16, 0x00, 0xEE, 0x07, 0xFE, 0x07, 0xFE, 0x07, 0xFE, 0x07, 0xFE, 0x07, 0xFE, 0x07, 0xFE, 0x07, 0x00, 0x00};
static const uint8_t emoji_1F3AD[] = {0x00, 0x00, 0x00, 0x00, 0x78, 0x00, 0x7C, 0x00, 0xFE, 0x01, 0x3E, 0x02, 0x3C, 0x04, 0x1E, 0x04, 0x20, 0x05, 0xF0, 0x02, 0x00, 0x03, 0x00, 0x00};
static const uint8_t emoji_1F3AE[] = {0x00, 0x00, 0x00, 0x00, 0x08, 0x01, 0xFC, 0x02, 0xF2, 0x07, 0x2E, 0x07, 0xFE, 0x07, 0x0E, 0x07, 0x06, 0x06, 0x06, 0x04, 0x00, 0x00, 0x00, 0x00};
static const uint8_t emoji_1F3AF[] = {0x00, 0x00, 0xF0, 0x00, 0x0C, 0x03, 0x64, 0x06, 0x92, 0x07, 0x6A, 0x05, 0x6A, 0x05, 0x92, 0x04, 0x64, 0x02, 0x08, 0x03, 0xF0, 0x00, 0x00, 0x00};
static const uint8_t emoji_1F3B0[] = {0x00, 0x00, 0x30, 0x00, 0xCC, 0x00, 0x04, 0x01, 0x02, 0x02, 0x7E, 0x03, 0xAE, 0x07, 0x02, 0x02, 0xFE, 0x03, 0xFE, 0x03, 0xFE, 0x03, 0x00, 0x00};
static const uint8_t emoji_1F3B1[] = {0x00, 0x00, 0xF8, 0x01, 0x84, 0x03, 0x92, 0x07, 0x92, 0x07, 0xC6, 0x07, 0xFE, 0x07, 0xFE, 0x07, 0xFE, 0x07, 0xFC, 0x03, 0xF8, 0x01, 0x00, 0x00};
static const uint8_t emoji_1F3B2[] = {0x00, 0x00, 0xF0, 0x00, 0x6C, 0x03, 0x62, 0x04, 0x02, 0x06, 0x06, 0x06, 0x02, 0x07, 0x02, 0x07, 0x92, 0x05, 0xDC, 0x03, 0xF0, 0x00, 0x00, 0x00};
static const uint8_t emoji_1F3B3[] = {0x00, 0x00, 0x58, 0x03, 0x58, 0x03, 0x50, 0x03, 0x50, 0x03, 0xB8, 0x02, 0x7C, 0x04, 0x7E, 0x04, 0x7E, 0x04, 0x7C, 0x03, 0xFC, 0x00, 0x00, 0x00};
static const uint8_t emoji_1F3B4[] = {0x00, 0x00, 0xFC, 0x03, 0xCC, 0x03, 0x84, 0x03, 0x84, 0x03, 0xCC, 0x03, 0xFC, 0x03, 0xFC, 0x03, 0xFC, 0x03, 0xFC, 0x03, 0xFC, 0x03, 0x00, 0x00};
static const uint8_t emoji_1F3B5[] = {0x00, 0x00, 0x80, 0x03, 0xF8, 0x03, 0xF8, 0x02, 0x08, 0x02, 0x08, 0x02, 0x08, 0x02, 0x08, 0x02, 0x88, 0x03, 0x8C, 0x01, 0x04, 0x00, 0x00, 0x00};
static const uint8_t emoji_1F3B6[] = {0x00, 0x00, 0x00, 0x00, 0x0C, 0x02, 0x00, 0x06, 0x64, 0x02, 0x66, 0x02, 0x26, 0x03, 0x32, 0x03, 0x38, 0x00, 0x18, 0x00, 0x00, 0x00, 0x00, 0x00};
static const uint8_t emoji_1F3B7[] = {0x00, 0x00, 0x00, 0x01, 0x80, 0x07, 0xC0, 0x04, 0xDE, 0x00, 0x72, 0x00, 0x6A, 0x00, 0x32, 0x00, 0x22, 0x00, 0x12, 0x00, 0x1C, 0x00, 0x00, 0x00};
static const uint8_t emoji_1F3B8[] = {0x00, 0x00, 0x00, 0x06, 0x00, 0x03, 0xB0, 0x01, 0xD0, 0x00, 0x78, 0x00, 0x44, 0x00, 0x86, 0x00, 0x4E, 0x00, 0x2E, 0x00, 0x3C, 0x00, 0x00, 0x00};
static const uint8_t emoji_1F3B9[] = {0x00, 0x00, 0xFE, 0x07, 0xFE, 0x07, 0x6A, 0x05, 0x6A, 0x05, 0x6A, 0x05, 0x6A, 0x05, 0x0A, 0x05, 0x02, 0x04, 0x02, 0x04, 0xFE, 0x07, 0x00, 0x00};
static const uint8_t emoji_1F3BA[] = {0x00, 0x00, 0x00, 0x04, 0x00, 0x02, 0x80, 0x03, 0x40, 0x05, 0x40, 0x02, 0xA0, 0x02, 0xBE, 0x01, 0x16, 0x00, 0x14, 0x00, 0x18, 0x00, 0x00, 0x00};
static const uint8_t emoji_1F3BB[] = {0x00, 0x00, 0x20, 0x04, 0x20, 0x07, 0xC0, 0x01, 0xE0, 0x00, 0xF0, 0x00, 0xFC, 0x00, 0x7E, 0x00, 0x3E, 0x02, 0x3E, 0x00, 0x1C, 0x00, 0x00, 0x00};
static const uint8_t emoji_1F3BC[] = {0x00, 0x00, 0x40, 0x00, 0x22, 0x00, 0xC2, 0x00, 0x62, 0x00, 0x62, 0x00, 0xF2, 0x00, 0x12, 0x00, 0xD2, 0x00, 0x20, 0x00, 0x20, 0x00, 0x00, 0x00};
static const uint8_t emoji_1F3BD[] = {0x00, 0x00, 0x98, 0x01, 0xF8, 0x01, 0x68, 0x01, 0x04, 0x02, 0x04, 0x02, 0x04, 0x02, 0x04, 0x02, 0x04, 0x02, 0x04, 0x02, 0xFC, 0x03, 0x00, 0x00};
static const uint8_t emoji_1F3BE[] = {0x04, 0x00, 0x8A, 0x03, 0xCA, 0x06, 0x26, 0x05, 0xE0, 0x07, 0x30, 0x06, 0xF0, 0x03, 0xF0, 0x00, 0x08, 0x00, 0x04, 0x00, 0x06, 0x00, 0x00, 0x00};
static const uint8_t emoji_1F3BF[] = {0x00, 0x00, 0x20, 0x00, 0x70, 0x00, 0xD0, 0x00, 0x10, 0x03, 0x20, 0x07, 0xE0, 0x07, 0xF0, 0x01, 0xF0, 0x00, 0x30, 0x00, 0x1C, 0x00, 0x00, 0x00};
static const uint8_t emoji_1F3C0[] = {0x00, 0x00, 0xF8, 0x01, 0xFC, 0x03, 0xFE, 0x07, 0xFE, 0x07, 0xFE, 0x07, 0xFE, 0x07, 0xFE, 0x07, 0xFE, 0x07, 0xFC, 0x03, 0xF8, 0x01, 0x00, 0x00};
static const uint8_t emoji_1F3C1[] = {0x00, 0x00, 0x1E, 0x02, 0xE2, 0x03, 0x16, 0x05, 0xC2, 0x04, 0x26, 0x05, 0xFA, 0x07, 0x06, 0x00, 0x00, 0x00, 0x04, 0x00, 0x04, 0x00, 0x00, 0x00};
static const uint8_t emoji_1F3C2[] = {0x00, 0x00, 0x70, 0x00, 0xF0, 0x00, 0x70, 0x00, 0xF8, 0x07, 0x7C, 0x06, 0xF4, 0x05, 0xA0, 0x07, 0xF8, 0x07, 0x76, 0x04, 0xFE, 0x07, 0x00, 0x00};
static const uint8_t emoji_1F3C3[] = {0x00, 0x00, 0x70, 0x00, 0x60, 0x00, 0x60, 0x00, 0x98, 0x00, 0xA0, 0x00, 0x60, 0x00, 0x60, 0x00, 0x90, 0x01, 0x10, 0x00, 0x08, 0x00, 0x00, 0x00};
static const uint8_t emoji_1F3C4[] = {0x00, 0x00, 0x30, 0x00, 0x30, 0x00, 0x78, 0x00, 0x38, 0x07, 0xF4, 0x05, 0xF0, 0x06, 0xB8, 0x03, 0x44, 0x03, 0x22, 0x01, 0x1E, 0x00, 0x00, 0x00};
static const uint8_t emoji_1F3C5[] = {0x00, 0x00, 0xF8, 0x01, 0xF0, 0x00, 0xF0, 0x00, 0x50, 0x00, 0x60, 0x00, 0x90, 0x00, 0x08, 0x01, 0x08, 0x01, 0x08, 0x01, 0xF0, 0x00, 0x00, 0x00};
static const uint8_t emoji_1F3C6[] = {0x00, 0x00, 0xF8, 0x01, 0x06, 0x06, 0x08, 0x05, 0x04, 0x03, 0x08, 0x01, 0x90, 0x00, 0x60, 0x00, 0x60, 0x00, 0xF0, 0x00, 0xF0, 0x00, 0x00, 0x00};
static const uint8_t emoji_1F3C7[] = {0x00, 0x00, 0x18, 0x00, 0x68, 0x00, 0x9C, 0x00, 0x8E, 0x00, 0xCE, 0x03, 0xD0, 0x04, 0xC8, 0x02, 0xB4, 0x01, 0xB4, 0x00, 0x40, 0x00, 0x00, 0x00};
static const uint8_t emoji_1F3C8[] = {0x00, 0x00, 0xE0, 0x07, 0x90, 0x05, 0xC8, 0x07, 0xE4, 0x07, 0xF2, 0x07, 0xFE, 0x07, 0xFA, 0x03, 0xF2, 0x01, 0xE6, 0x00, 0x7E, 0x00, 0x00, 0x00};
static const uint8_t emoji_1F3C9[] = {0x00, 0x00, 0xE0, 0x03, 0xF0, 0x07, 0xF8, 0x07, 0xFC, 0x07, 0xFE, 0x07, 0xFE, 0x07, 0xFE, 0x03, 0xFE, 0x01, 0xFE, 0x00, 0x7C, 0x00, 0x00, 0x00};
static const uint8_t emoji_1F3CA[] = {0x00, 0x00, 0x00, 0x00, 0x80, 0x00, 0x40, 0x05, 0x74, 0x02, 0xEE, 0x03, 0x9E, 0x03, 0xFC, 0x01, 0x00, 0x02, 0xC0, 0x01, 0x00, 0x00, 0x00, 0x00};
static const uint8_t emoji_1F3CB[] = {0x00, 0x00, 0x06, 0x06, 0x6E, 0x07, 0x90, 0x00, 0x90, 0x00, 0x60, 0x00, 0x60, 0x00, 0xF0, 0x00, 0x90, 0x00, 0x90, 0x00, 0x90, 0x00, 0x00, 0x00};
static const uint8_t emoji_1F3CC[] = {0x00, 0x00, 0x60, 0x00, 0x68, 0x00, 0x78, 0x00, 0x30, 0x00, 0x30, 0x00, 0x30, 0x00, 0x30, 0x00, 0x38, 0x00, 0xD0, 0x00, 0x18, 0x00, 0x00, 0x00};
static const uint8_t emoji_1F3CD[] = {0x00, 0x00, 0x00, 0x00, 0x00, 0x00, 0x00, 0x00, 0x00, 0x00, 0x0C, 0x00, 0x7C, 0x06, 0xFC, 0x01, 0xFA, 0x07, 0xFA, 0x04, 0x0E, 0x07, 0x00, 0x00};
static const uint8_t emoji_1F3CE[] = {0x00, 0x00, 0x00, 0x00, 0x00, 0x00, 0x00, 0x00, 0x00, 0x00, 0x00, 0x00, 0x00, 0x04, 0x80, 0x05, 0xE0, 0x07, 0xFC, 0x07, 0xFE, 0x07, 0x00, 0x00};
static const uint8_t emoji_1F3CF[] = {0x00, 0x00, 0x00, 0x04, 0x00, 0x02, 0x06, 0x01, 0xC6, 0x01, 0xA0, 0x00, 0x90, 0x00, 0x48, 0x00, 0x24, 0x00, 0x12, 0x00, 0x0C, 0x00, 0x00, 0x00};
static const uint8_t emoji_1F3D0[] = {0x00, 0x00, 0xF8, 0x01, 0xFC, 0x03, 0xFE, 0x07, 0xFE, 0x07, 0xFE, 0x07, 0xFE, 0x07, 0xFE, 0x07, 0xFE, 0x07, 0xFC, 0x03, 0xF8, 0x01, 0x00, 0x00};
static const uint8_t emoji_1F3D1[] = {0x00, 0x00, 0x00, 0x04, 0x00, 0x02, 0x00, 0x01, 0x80, 0x01, 0x80, 0x00, 0x40, 0x00, 0x20, 0x00, 0xB2, 0x01, 0x9E, 0x02, 0x8E, 0x01, 0x00, 0x00};
static const uint8_t emoji_1F3D2[] = {0x00, 0x00, 0x00, 0x04, 0x00, 0x04, 0x00, 0x02, 0x00, 0x01, 0x80, 0x01, 0x80, 0x00, 0x40, 0x00, 0x60, 0x00, 0x3E, 0x03, 0x1E, 0x07, 0x00, 0x00};
static const uint8_t emoji_1F3D3[] = {0x00, 0x00, 0xF0, 0x01, 0xC8, 0x03, 0xE8, 0x03, 0xF8, 0x03, 0xF8, 0x03, 0xF8, 0x03, 0xF0, 0x01, 0xF8, 0x00, 0x0C, 0x00, 0x0C, 0x00, 0x00, 0x00};
static const uint8_t emoji_1F3D4[] = {0x00, 0x00, 0x00, 0x00, 0x00, 0x00, 0x60, 0x00, 0x60, 0x00, 0x90, 0x00, 0x10, 0x01, 0x08, 0x01, 0x1C, 0x02, 0x9A, 0x07, 0xFE, 0x07, 0x00, 0x00};
static const uint8_t emoji_1F3D5[] = {0x00, 0x00, 0x00, 0x01, 0x80, 0x01, 0xE0, 0x03, 0xA0, 0x03, 0x98, 0x03, 0xC4, 0x03, 0xC2, 0x07, 0xA2, 0x05, 0xB2, 0x04, 0xFC, 0x03, 0x00, 0x00};
static const uint8_t emoji_1F3D6[] = {0x00, 0x00, 0xE0, 0x00, 0x38, 0x03, 0x64, 0x06, 0xE6, 0x03, 0x7C, 0x00, 0x00, 0x00, 0xF8, 0x01, 0x5C, 0x02, 0x12, 0x04, 0xFC, 0x03, 0x00, 0x00};
static const uint8_t emoji_1F3D7[] = {0x00, 0x00, 0x00, 0x00, 0xDC, 0x00, 0xB6, 0x02, 0x4A, 0x03, 0x26, 0x00, 0x18, 0x00, 0x18, 0x01, 0x18, 0x01, 0x98, 0x07, 0x18, 0x00, 0x00, 0x00};
static const uint8_t emoji_1F3D8[] = {0x00, 0x00, 0x00, 0x00, 0x40, 0x00, 0x70, 0x00, 0x90, 0x00, 0x0C, 0x01, 0x82, 0x06, 0x62, 0x04, 0x9A, 0x05, 0x9E, 0x07, 0x00, 0x00, 0x00, 0x00};
static const uint8_t emoji_1F3D9[] = {0x00, 0x00, 0xFE, 0x07, 0x02, 0x04, 0x22, 0x04, 0x32, 0x04, 0x32, 0x04, 0xBE, 0x05, 0xFE, 0x05, 0xFE, 0x07, 0xFE, 0x07, 0xFE, 0x07, 0x00, 0x00};
static const uint8_t emoji_1F3DA[] = {0x00, 0x00, 0x00, 0x00, 0x60, 0x00, 0x9C, 0x00, 0x1C, 0x01, 0x04, 0x02, 0x02, 0x04, 0xFC, 0x03, 0xFC, 0x03, 0x64, 0x02, 0xFC, 0x03, 0x00, 0x00};
static const uint8_t emoji_1F3DB[] = {0x00, 0x00, 0x60, 0x00, 0xF8, 0x01, 0x06, 0x06, 0xFE, 0x07, 0x6C, 0x03, 0x6C, 0x03, 0x6C, 0x03, 0x6C, 0x03, 0x6C, 0x03, 0xFE, 0x07, 0x00, 0x00};
static const uint8_t emoji_1F3DC[] = {0x00, 0x00, 0xFE, 0x07, 0x02, 0x04, 0x06, 0x05, 0x02, 0x07, 0xC2, 0x07, 0xDE, 0x07, 0xFE, 0x07, 0xFE, 0x07, 0xFE, 0x07, 0xFE, 0x07, 0x00, 0x00};
static const uint8_t emoji_1F3DD[] = {0x00, 0x00, 0x40, 0x00, 0xF0, 0x00, 0xF0, 0x01, 0xF0, 0x01, 0xA0, 0x00, 0x80, 0x00, 0xE0, 0x00, 0x1C, 0x03, 0x04, 0x02, 0xFC, 0x03, 0x00, 0x00};
static const uint8_t emoji_1F3DE[] = {0x00, 0x00, 0xFE, 0x07, 0x02, 0x07, 0x02, 0x07, 0x82, 0x05, 0xC2, 0x05, 0xFA, 0x07, 0x06, 0x07, 0x06, 0x06, 0x06, 0x07, 0xFE, 0x07, 0x00, 0x00};
static const uint8_t emoji_1F3DF[] = {0x00, 0x00, 0xF0, 0x00, 0xF8, 0x01, 0xFC, 0x03, 0xFE, 0x07, 0x0E, 0x07, 0x06, 0x06, 0x02, 0x04, 0x6A, 0x05, 0x6E, 0x07, 0xF8, 0x01, 0x00, 0x00};
static const uint8_t emoji_1F3E0[] = {0x00, 0x00, 0x60, 0x00, 0xF4, 0x00, 0x9C, 0x01, 0x0C, 0x03, 0x06, 0x06, 0x64, 0x02, 0x64, 0x02, 0x64, 0x02, 0x6C, 0x03, 0xFC, 0x03, 0x00, 0x00};
static const uint8_t emoji_1F3E1[] = {0x00, 0x00, 0x04, 0x00, 0x0A, 0x00, 0x72, 0x00, 0x92, 0x00, 0x0A, 0x01, 0x06, 0x02, 0x62, 0x01, 0x64, 0x02, 0x7E, 0x07, 0xFE, 0x07, 0x00, 0x00};
static const uint8_t emoji_1F3E2[] = {0x00, 0x00, 0x00, 0x00, 0xFE, 0x07, 0xFE, 0x07, 0xFE, 0x07, 0xFE, 0x07, 0xFE, 0x07, 0xFE, 0x07, 0xFE, 0x07, 0xFE, 0x07, 0xFE, 0x07, 0x00, 0x00};
static const uint8_t emoji_1F3E3[] = {0x00, 0x00, 0x00, 0x00, 0x06, 0x00, 0x06, 0x00, 0x06, 0x00, 0xFE, 0x07, 0x02, 0x04, 0xA2, 0x06, 0xFE, 0x07, 0xFE, 0x07, 0xFE, 0x07, 0x00, 0x00};
static const uint8_t emoji_1F3E4[] = {0x00, 0x00, 0x00, 0x00, 0x40, 0x00, 0xB0, 0x00, 0x08, 0x01, 0x06, 0x06, 0x02, 0x04, 0x62, 0x04, 0x66, 0x06, 0x62, 0x04, 0xFE, 0x07, 0x00, 0x00};
static const uint8_t emoji_1F3E5[] = {0x00, 0x00, 0xF0, 0x00, 0xF0, 0x00, 0x6E, 0x07, 0x6E, 0x07, 0x6E, 0x07, 0x06, 0x06, 0x6E, 0x07, 0x02, 0x04, 0x92, 0x06, 0xFE, 0x07, 0x00, 0x00};
static const uint8_t emoji_1F3E6[] = {0x00, 0x00, 0x60, 0x00, 0xF8, 0x01, 0x6C, 0x02, 0x6A, 0x04, 0x04, 0x02, 0x6C, 0x03, 0x6C, 0x03, 0x6C, 0x03, 0x6C, 0x03, 0xFE, 0x07, 0x00, 0x00};
static const uint8_t emoji_1F3E7[] = {0x00, 0x00, 0xFE, 0x07, 0xFE, 0x07, 0xFE, 0x07, 0x4A, 0x05, 0x5A, 0x05, 0x52, 0x04, 0xFE, 0x07, 0xFE, 0x07, 0xFE, 0x07, 0xFE, 0x07, 0x00, 0x00};
static const uint8_t emoji_1F3E8[] = {0x00, 0x00, 0x60, 0x00, 0x90, 0x00, 0x9C, 0x03, 0xF6, 0x06, 0xF6, 0x06, 0xF6, 0x06, 0x92, 0x04, 0xFE, 0x07, 0xFE, 0x07, 0xFE, 0x07, 0x00, 0x00};
static const uint8_t emoji_1F3E9[] = {0x00, 0x00, 0x60, 0x00, 0x90, 0x00, 0x9C, 0x03, 0xF6, 0x06, 0xF6, 0x06, 0x66, 0x06, 0x06, 0x06, 0xFE, 0x07, 0xFE, 0x07, 0xFE, 0x07, 0x00, 0x00};
static const uint8_t emoji_1F3EA[] = {0x00, 0x00, 0x7E, 0x00, 0x42, 0x00, 0x42, 0x00, 0x3E, 0x00, 0xFE, 0x07, 0xFE, 0x07, 0xF2, 0x04, 0xF2, 0x04, 0xF2, 0x04, 0xFE, 0x07, 0x00, 0x00};
static const uint8_t emoji_1F3EB[] = {0x00, 0x00, 0x00, 0x00, 0x60, 0x00, 0x90, 0x00, 0x0E, 0x07, 0x06, 0x06, 0x02, 0x04, 0x02, 0x04, 0x82, 0x04, 0x02, 0x04, 0xFE, 0x07, 0x00, 0x00};
static const uint8_t emoji_1F3EC[] = {0x00, 0x00, 0x00, 0x00, 0xFE, 0x00, 0x02, 0x07, 0x02, 0x04, 0x02, 0x04, 0x02, 0x04, 0x02, 0x04, 0x02, 0x04, 0xFE, 0x07, 0xFE, 0x07, 0x00, 0x00};
static const uint8_t emoji_1F3ED[] = {0x00, 0x00, 0x00, 0x00, 0xEC, 0x07, 0x24, 0x05, 0x64, 0x05, 0x66, 0x05, 0x5A, 0x05, 0xFE, 0x04, 0x7E, 0x07, 0xDA, 0x07, 0xFE, 0x07, 0x00, 0x00};
static const uint8_t emoji_1F3EE[] = {0x00, 0x00, 0xF0, 0x00, 0xF8, 0x01, 0xF8, 0x01, 0x08, 0x01, 0x08, 0x01, 0x08, 0x01, 0x08, 0x01, 0xF8, 0x01, 0xF8, 0x01, 0xF0, 0x00, 0x00, 0x00};
static const uint8_t emoji_1F3EF[] = {0x00, 0x00, 0xF0, 0x00, 0x98, 0x01, 0x90, 0x00, 0xFC, 0x03, 0x08, 0x01, 0xFC, 0x03, 0x02, 0x04, 0x04, 0x02, 0x04, 0x02, 0xFE, 0x07, 0x00, 0x00};
static const uint8_t emoji_1F3F0[] = {0x00, 0x00, 0x60, 0x00, 0x60, 0x00, 0xF4, 0x00, 0xF4, 0x02, 0x96, 0x06, 0x96, 0x06, 0x0A, 0x05, 0x02, 0x04, 0x62, 0x04, 0xFE, 0x07, 0x00, 0x00};
static const uint8_t emoji_1F3F3[] = {0x00, 0x00, 0xC0, 0x03, 0x3E, 0x02, 0x02, 0x02, 0x04, 0x04, 0x84, 0x07, 0x74, 0x00, 0x0C, 0x00, 0x04, 0x00, 0x04, 0x00, 0x04, 0x00, 0x00, 0x00};
static const uint8_t emoji_1F3F4[] = {0x00, 0x00, 0xC0, 0x03, 0x3E, 0x03, 0x36, 0x03, 0x3C, 0x07, 0xBC, 0x07, 0x7C, 0x00, 0x0C, 0x00, 0x04, 0x00, 0x04, 0x00, 0x04, 0x00, 0x00, 0x00};
static const uint8_t emoji_1F3F5[] = {0x00, 0x00, 0xF8, 0x01, 0xFC, 0x03, 0x9E, 0x07, 0x06, 0x06, 0x06, 0x06, 0x0E, 0x07, 0x0E, 0x07, 0x6C, 0x03, 0xFC, 0x03, 0xF0, 0x00, 0x00, 0x00};
static const uint8_t emoji_1F3F7[] = {0x00, 0x00, 0x00, 0x00, 0x30, 0x00, 0x78, 0x00, 0xFC, 0x00, 0xFC, 0x01, 0xF8, 0x03, 0xF0, 0x07, 0xE0, 0x07, 0xC0, 0x03, 0x80, 0x01, 0x00, 0x00};
static const uint8_t emoji_1F3F8[] = {0x00, 0x00, 0x80, 0x07, 0x4E, 0x04, 0x46, 0x04, 0x40, 0x04, 0xC0, 0x03, 0x20, 0x00, 0x10, 0x00, 0x08, 0x00, 0x04, 0x00, 0x02, 0x00, 0x00, 0x00};
static const uint8_t emoji_1F3F9[] = {0x00, 0x00, 0x72, 0x04, 0x8E, 0x03, 0x00, 0x03, 0x80, 0x06, 0x40, 0x04, 0x20, 0x04, 0x18, 0x04, 0x18, 0x04, 0x00, 0x04, 0x00, 0x04, 0x00, 0x00};
static const uint8_t emoji_1F3FA[] = {0x00, 0x00, 0xF0, 0x00, 0xF0, 0x00, 0xF0, 0x00, 0x08, 0x01, 0xF8, 0x01, 0xF8, 0x01, 0xF8, 0x01, 0x90, 0x00, 0x90, 0x00, 0x60, 0x00, 0x00, 0x00};
static const uint8_t emoji_1F3FB[] = {0x00, 0x00, 0xFE, 0x07, 0xFE, 0x07, 0xFE, 0x07, 0xFE, 0x07, 0xFE, 0x07, 0xFE, 0x07, 0xFE, 0x07, 0xFE, 0x07, 0xFE, 0x07, 0xFE, 0x07, 0x00, 0x00};
static const uint8_t emoji_1F3FC[] = {0x00, 0x00, 0xFE, 0x07, 0xFE, 0x07, 0xFE, 0x07, 0xFE, 0x07, 0xFE, 0x07, 0xFE, 0x07, 0xFE, 0x07, 0xFE, 0x07, 0xFE, 0x07, 0xFE, 0x07, 0x00, 0x00};
static const uint8_t emoji_1F3FD[] = {0x00, 0x00, 0xFE, 0x07, 0xFE, 0x07, 0xFE, 0x07, 0xFE, 0x07, 0xFE, 0x07, 0xFE, 0x07, 0xFE, 0x07, 0xFE, 0x07, 0xFE, 0x07, 0xFE, 0x07, 0x00, 0x00};
static const uint8_t emoji_1F3FE[] = {0x00, 0x00, 0xFE, 0x07, 0xFE, 0x07, 0xFE, 0x07, 0xFE, 0x07, 0xFE, 0x07, 0xFE, 0x07, 0xFE, 0x07, 0xFE, 0x07, 0xFE, 0x07, 0xFE, 0x07, 0x00, 0x00};
static const uint8_t emoji_1F3FF[] = {0x00, 0x00, 0xFE, 0x07, 0xFE, 0x07, 0xFE, 0x07, 0xFE, 0x07, 0xFE, 0x07, 0xFE, 0x07, 0xFE, 0x07, 0xFE, 0x07, 0xFE, 0x07, 0xFE, 0x07, 0x00, 0x00};
static const uint8_t emoji_1F400[] = {0x00, 0x00, 0x00, 0x00, 0x00, 0x00, 0x38, 0x00, 0x3C, 0x00, 0xFE, 0x01, 0xF8, 0x03, 0xF0, 0x03, 0xF0, 0x07, 0x10, 0x08, 0x80, 0x04, 0x00, 0x00};
static const uint8_t emoji_1F401[] = {0x00, 0x00, 0x00, 0x00, 0x10, 0x00, 0x78, 0x00, 0x68, 0x00, 0x94, 0x00, 0x2C, 0x01, 0x90, 0x01, 0x70, 0x03, 0x80, 0x02, 0x00, 0x01, 0x00, 0x00};
static const uint8_t emoji_1F402[] = {0x00, 0x00, 0x00, 0x00, 0x0E, 0x00, 0x3E, 0x00, 0xFE, 0x03, 0xFC, 0x03, 0xF8, 0x03, 0xF8, 0x03, 0x30, 0x03, 0x30, 0x03, 0x20, 0x02, 0x00, 0x00};
static const uint8_t emoji_1F403[] = {0x00, 0x00, 0x00, 0x00, 0x68, 0x00, 0xB6, 0x00, 0xF6, 0x03, 0x14, 0x04, 0x04, 0x04, 0x08, 0x04, 0xB0, 0x07, 0x50, 0x00, 0x40, 0x00, 0x00, 0x00};
static const uint8_t emoji_1F404[] = {0x00, 0x00, 0x00, 0x00, 0x18, 0x00, 0x14, 0x00, 0xF2, 0x07, 0x8C, 0x05, 0x10, 0x04, 0x30, 0x04, 0xA0, 0x02, 0x60, 0x03, 0x40, 0x00, 0x00, 0x00};
static const uint8_t emoji_1F405[] = {0x00, 0x00, 0x00, 0x00, 0x00, 0x00, 0x0C, 0x00, 0x16, 0x00, 0xED, 0x00, 0xEE, 0x01, 0xF8, 0x03, 0xFC, 0x07, 0x94, 0x01, 0x90, 0x01, 0x00, 0x00};
static const uint8_t emoji_1F406[] = {0x00, 0x00, 0x00, 0x00, 0x00, 0x00, 0x0C, 0x00, 0x0E, 0x00, 0xF2, 0x00, 0xFC, 0x01, 0xF8, 0x03, 0xA8, 0x06, 0xB4, 0x01, 0x90, 0x01, 0x00, 0x00};
static const uint8_t emoji_1F407[] = {0x00, 0x00, 0x20, 0x00, 0xB0, 0x01, 0x60, 0x01, 0x90, 0x00, 0x68, 0x00, 0x88, 0x00, 0x08, 0x03, 0x10, 0x02, 0x50, 0x01, 0xF0, 0x01, 0x00, 0x00};
static const uint8_t emoji_1F408[] = {0x00, 0x00, 0x68, 0x00, 0x78, 0x00, 0x7C, 0x00, 0x7C, 0x04, 0x78, 0x06, 0xF0, 0x03, 0xF0, 0x01, 0xF0, 0x01, 0xB0, 0x01, 0xB0, 0x01, 0x00, 0x00};
static const uint8_t emoji_1F409[] = {0x00, 0x00, 0x50, 0x00, 0xFC, 0x00, 0xF4, 0x02, 0xE8, 0x02, 0x50, 0x02, 0x6C, 0x02, 0xD4, 0x03, 0xD8, 0x03, 0x7C, 0x01, 0x70, 0x00, 0x00, 0x00};
static const uint8_t emoji_1F40A[] = {0x00, 0x00, 0xF0, 0x00, 0xD8, 0x01, 0xC8, 0x01, 0xE0, 0x03, 0xE0, 0x03, 0xE0, 0x03, 0xF8, 0x03, 0xF8, 0x03, 0x7C, 0x03, 0x3C, 0x00, 0x00, 0x00};
static const uint8_t emoji_1F40B[] = {0x00, 0x00, 0x00, 0x00, 0x00, 0x03, 0x00, 0x03, 0x00, 0x06, 0x7E, 0x06, 0xE2, 0x07, 0xC4, 0x07, 0x88, 0x03, 0x1C, 0x07, 0xE0, 0x00, 0x00, 0x00};
static const uint8_t emoji_1F40C[] = {0x00, 0x00, 0x14, 0x00, 0xEC, 0x00, 0xE4, 0x01, 0xF4, 0x03, 0xE4, 0x03, 0xE2, 0x03, 0xE4, 0x07, 0xE4, 0x03, 0xC4, 0x01, 0x38, 0x00, 0x00, 0x00};
static const uint8_t emoji_1F40D[] = {0x00, 0x00, 0x38, 0x00, 0x7C, 0x00, 0x7C, 0x00, 0x70, 0x00, 0x38, 0x00, 0x38, 0x00, 0xFC, 0x01, 0xFC, 0x01, 0xF8, 0x07, 0xF0, 0x01, 0x00, 0x00};
static const uint8_t emoji_1F40E[] = {0x00, 0x00, 0x00, 0x00, 0x1E, 0x00, 0x22, 0x00, 0xC6, 0x01, 0x0A, 0x02, 0x08, 0x02, 0x34, 0x07, 0xCA, 0x00, 0xE8, 0x00, 0x40, 0x00, 0x00, 0x00};
static const uint8_t emoji_1F40F[] = {0x00, 0x00, 0x00, 0x00, 0xFE, 0x00, 0xC2, 0x01, 0xDE, 0x03, 0xFE, 0x05, 0xDC, 0x04, 0x0C, 0x04, 0x04, 0x02, 0xD8, 0x03, 0x28, 0x00, 0x00, 0x00};
static const uint8_t emoji_1F410[] = {0x00, 0x00, 0x70, 0x00, 0x30, 0x00, 0x78, 0x01, 0xC4, 0x01, 0x24, 0x01, 0x18, 0x02, 0x18, 0x02, 0xA0, 0x03, 0x60, 0x01, 0x60, 0x00, 0x00, 0x00};
static const uint8_t emoji_1F411[] = {0x00, 0x00, 0x38, 0x00, 0xC6, 0x00, 0x06, 0x03, 0x7E, 0x02, 0x1E, 0x04, 0x1E, 0x04, 0x02, 0x04, 0x04, 0x02, 0xD8, 0x03, 0x28, 0x00, 0x00, 0x00};
static const uint8_t emoji_1F412[] = {0x00, 0x00, 0x00, 0x06, 0x7C, 0x01, 0x84, 0x03, 0xBA, 0x02, 0x52, 0x02, 0x4C, 0x02, 0x70, 0x06, 0xE8, 0x02, 0xF8, 0x03, 0xF8, 0x00, 0x00, 0x00};
static const uint8_t emoji_1F413[] = {0x00, 0x00, 0x38, 0x00, 0x28, 0x00, 0x2C, 0x03, 0xA4, 0x07, 0xC4, 0x03, 0x0C, 0x03, 0x88, 0x00, 0x70, 0x00, 0x58, 0x00, 0x60, 0x00, 0x00, 0x00};
static const uint8_t emoji_1F414[] = {0x00, 0x00, 0xE0, 0x00, 0xF0, 0x00, 0x8C, 0x00, 0x38, 0x01, 0x3E, 0x02, 0x18, 0x02, 0x08, 0x02, 0x08, 0x04, 0x58, 0x07, 0xA0, 0x00, 0x00, 0x00};
static const uint8_t emoji_1F415[] = {0x00, 0x00, 0xFE, 0x00, 0x86, 0x01, 0xEE, 0x00, 0xB6, 0x00, 0xB8, 0x01, 0x88, 0x02, 0x98, 0x01, 0x48, 0x01, 0x58, 0x01, 0x68, 0x00, 0x00, 0x00};
static const uint8_t emoji_1F416[] = {0x00, 0x00, 0x00, 0x00, 0xE0, 0x07, 0x1C, 0x02, 0x02, 0x04, 0x66, 0x04, 0x36, 0x02, 0x0E, 0x02, 0xC4, 0x03, 0x3C, 0x02, 0x24, 0x00, 0x00, 0x00};
static const uint8_t emoji_1F417[] = {0x00, 0x00, 0x00, 0x01, 0x80, 0x07, 0xF0, 0x07, 0xF8, 0x07, 0xFE, 0x07, 0xEE, 0x07, 0xE6, 0x07, 0xFC, 0x07, 0xE0, 0x01, 0x40, 0x00, 0x00, 0x00};
static const uint8_t emoji_1F418[] = {0x00, 0x00, 0x04, 0x00, 0xFA, 0x00, 0x82, 0x00, 0x9A, 0x01, 0xF2, 0x01, 0x3E, 0x02, 0x12, 0x01, 0xF6, 0x01, 0x50, 0x03, 0x10, 0x00, 0x00, 0x00};
static const uint8_t emoji_1F419[] = {0x00, 0x00, 0x00, 0x00, 0x04, 0x00, 0xE4, 0x07, 0xD4, 0x05, 0xF8, 0x05, 0xFA, 0x03, 0xF4, 0x02, 0x58, 0x01, 0xAC, 0x03, 0x60, 0x00, 0x00, 0x00};
static const uint8_t emoji_1F41A[] = {0x00, 0x00, 0x0E, 0x00, 0x3E, 0x00, 0xFE, 0x01, 0xFE, 0x03, 0xFE, 0x07, 0xFC, 0x07, 0xFC, 0x03, 0xF8, 0x03, 0xF8, 0x03, 0x00, 0x02, 0x00, 0x00};
static const uint8_t emoji_1F41B[] = {0x00, 0x00, 0x18, 0x00, 0x14, 0x00, 0x12, 0x00, 0x14, 0x00, 0x14, 0x00, 0x14, 0x00, 0x34, 0x00, 0xE8, 0x03, 0x30, 0x07, 0xC0, 0x07, 0x00, 0x00};
static const uint8_t emoji_1F41C[] = {0x00, 0x00, 0x00, 0x00, 0x00, 0x00, 0x00, 0x00, 0x0E, 0x00, 0x96, 0x03, 0x66, 0x04, 0x78, 0x04, 0x80, 0x05, 0x00, 0x06, 0x00, 0x00, 0x00, 0x00};
static const uint8_t emoji_1F41D[] = {0x00, 0x00, 0xC0, 0x00, 0xC0, 0x00, 0x4C, 0x02, 0x72, 0x03, 0x8E, 0x03, 0x0A, 0x06, 0x84, 0x06, 0x88, 0x02, 0xF8, 0x01, 0x00, 0x00, 0x00, 0x00};
static const uint8_t emoji_1F41E[] = {0x00, 0x00, 0x00, 0x00, 0x20, 0x00, 0xF0, 0x00, 0x78, 0x03, 0x84, 0x03, 0xBC, 0x02, 0x24, 0x03, 0x28, 0x02, 0xF8, 0x01, 0x00, 0x00, 0x00, 0x00};
static const uint8_t emoji_1F41F[] = {0x00, 0x00, 0x00, 0x00, 0x00, 0x00, 0x60, 0x00, 0xF8, 0x00, 0xFC, 0x01, 0x0E, 0x06, 0x22, 0x06, 0x4C, 0x01, 0xF0, 0x00, 0x00, 0x00, 0x00, 0x00};
static const uint8_t emoji_1F420[] = {0x00, 0x00, 0x00, 0x00, 0xF0, 0x01, 0xA8, 0x01, 0xD4, 0x05, 0x0E, 0x07, 0x0E, 0x06, 0x06, 0x05, 0x88, 0x00, 0xF0, 0x00, 0x00, 0x00, 0x00, 0x00};
static const uint8_t emoji_1F421[] = {0x00, 0x00, 0x00, 0x00, 0x68, 0x00, 0xFC, 0x01, 0xFC, 0x07, 0x24, 0x07, 0x02, 0x02, 0x04, 0x01, 0xC4, 0x01, 0x38, 0x00, 0x00, 0x00, 0x00, 0x00};
static const uint8_t emoji_1F422[] = {0x00, 0x00, 0x00, 0x00, 0x00, 0x00, 0xF0, 0x01, 0xF8, 0x03, 0xE6, 0x07, 0xEE, 0x07, 0xC2, 0x03, 0x14, 0x03, 0xAC, 0x00, 0x40, 0x00, 0x00, 0x00};
static const uint8_t emoji_1F423[] = {0x00, 0x00, 0xE0, 0x00, 0xF0, 0x01, 0xF0, 0x01, 0xF8, 0x01, 0xFC, 0x03, 0xFE, 0x07, 0x04, 0x02, 0x04, 0x02, 0x08, 0x01, 0xF0, 0x00, 0x00, 0x00};
static const uint8_t emoji_1F424[] = {0x00, 0x00, 0x10, 0x00, 0x6C, 0x00, 0x8C, 0x00, 0x0A, 0x03, 0x04, 0x04, 0x04, 0x05, 0x08, 0x02, 0xD0, 0x01, 0x20, 0x00, 0x40, 0x00, 0x00, 0x00};
static const uint8_t emoji_1F425[] = {0x00, 0x00, 0xF0, 0x00, 0xF8, 0x01, 0xF8, 0x01, 0xF8, 0x01, 0xF8, 0x03, 0xFE, 0x07, 0xFE, 0x07, 0xF8, 0x01, 0xF0, 0x00, 0x90, 0x00, 0x00, 0x00};
static const uint8_t emoji_1F426[] = {0x00, 0x00, 0x00, 0x00, 0x0C, 0x00, 0x1C, 0x00, 0xBE, 0x07, 0xFC, 0x03, 0xFC, 0x01, 0xFC, 0x00, 0x78, 0x00, 0x30, 0x00, 0x00, 0x00, 0x00, 0x00};
static const uint8_t emoji_1F427[] = {0x00, 0x00, 0x70, 0x00, 0xF8, 0x00, 0xB0, 0x00, 0xC8, 0x00, 0xC8, 0x01, 0xC8, 0x01, 0xC8, 0x01, 0x88, 0x01, 0x10, 0x01, 0xF0, 0x00, 0x00, 0x00};
static const uint8_t emoji_1F428[] = {0x00, 0x00, 0x00, 0x00, 0xE8, 0x03, 0x16, 0x04, 0x02, 0x04, 0x02, 0x04, 0xF2, 0x02, 0x64, 0x02, 0x68, 0x02, 0xF8, 0x01, 0x00, 0x00, 0x00, 0x00};
static const uint8_t emoji_1F429[] = {0x00, 0x00, 0x38, 0x02, 0x38, 0x06, 0x3E, 0x02, 0xF8, 0x01, 0x28, 0x02, 0x08, 0x01, 0x88, 0x03, 0x58, 0x02, 0x78, 0x02, 0x78, 0x00, 0x00, 0x00};
static const uint8_t emoji_1F42A[] = {0x00, 0x00, 0x18, 0x00, 0x9E, 0x01, 0x9E, 0x03, 0xD8, 0x03, 0xF8, 0x07, 0xF8, 0x07, 0xF0, 0x07, 0xE0, 0x03, 0x60, 0x03, 0x60, 0x02, 0x00, 0x00};
static const uint8_t emoji_1F42B[] = {0x00, 0x00, 0x1C, 0x00, 0xDE, 0x03, 0xDE, 0x03, 0xDC, 0x03, 0xFC, 0x07, 0xFC, 0x07, 0xF8, 0x07, 0xF8, 0x03, 0x60, 0x03, 0x60, 0x02, 0x00, 0x00};
static const uint8_t emoji_1F42C[] = {0x00, 0x00, 0xF8, 0x00, 0xFC, 0x07, 0xFE, 0x03, 0x9C, 0x03, 0x6E, 0x03, 0x80, 0x03, 0x80, 0x01, 0xE0, 0x00, 0x60, 0x00, 0x20, 0x00, 0x00, 0x00};
static const uint8_t emoji_1F42D[] = {0x00, 0x00, 0x00, 0x00, 0x0C, 0x03, 0x92, 0x04, 0x62, 0x04, 0x06, 0x06, 0x98, 0x01, 0xF8, 0x01, 0x68, 0x01, 0xF0, 0x00, 0x00, 0x00, 0x00, 0x00};
static const uint8_t emoji_1F42E[] = {0x00, 0x00, 0x00, 0x00, 0xF6, 0x07, 0x3A, 0x04, 0x3C, 0x02, 0xB8, 0x01, 0x18, 0x01, 0x08, 0x02, 0xB4, 0x02, 0x08, 0x02, 0xF0, 0x01, 0x00, 0x00};
static const uint8_t emoji_1F42F[] = {0x00, 0x00, 0xFE, 0x03, 0xF6, 0x06, 0xFE, 0x07, 0x9E, 0x07, 0xF6, 0x06, 0x66, 0x06, 0x66, 0x06, 0xF6, 0x06, 0x08, 0x01, 0xF0, 0x00, 0x00, 0x00};
static const uint8_t emoji_1F430[] = {0x00, 0x00, 0x98, 0x01, 0x98, 0x01, 0x98, 0x01, 0xA8, 0x01, 0xF0, 0x00, 0xB0, 0x00, 0x98, 0x01, 0x68, 0x01, 0x68, 0x01, 0xF0, 0x00, 0x00, 0x00};
static const uint8_t emoji_1F431[] = {0x00, 0x00, 0x04, 0x02, 0x0C, 0x03, 0xF4, 0x02, 0x04, 0x02, 0x0C, 0x03, 0x9A, 0x05, 0x62, 0x04, 0xF4, 0x02, 0x98, 0x01, 0x60, 0x00, 0x00, 0x00};
static const uint8_t emoji_1F432[] = {0x00, 0x00, 0x08, 0x01, 0xF8, 0x01, 0x64, 0x02, 0xEE, 0x03, 0xFC, 0x03, 0x0E, 0x07, 0x9C, 0x03, 0xF8, 0x01, 0x90, 0x00, 0xF0, 0x00, 0x00, 0x00};
static const uint8_t emoji_1F433[] = {0x00, 0x00, 0x00, 0x00, 0x30, 0x04, 0x00, 0x06, 0x20, 0x04, 0xFE, 0x07, 0xF2, 0x07, 0xE4, 0x07, 0xD8, 0x02, 0xA0, 0x01, 0x00, 0x00, 0x00, 0x00};
static const uint8_t emoji_1F434[] = {0x00, 0x00, 0x60, 0x00, 0xB8, 0x01, 0x18, 0x03, 0x08, 0x03, 0x24, 0x06, 0x02, 0x02, 0x1E, 0x04, 0x20, 0x04, 0x20, 0x04, 0xE0, 0x07, 0x00, 0x00};
static const uint8_t emoji_1F435[] = {0x00, 0x00, 0x00, 0x00, 0xF0, 0x00, 0xF8, 0x01, 0x04, 0x02, 0x96, 0x06, 0x66, 0x06, 0x66, 0x06, 0x04, 0x02, 0xF8, 0x01, 0x00, 0x00, 0x00, 0x00};
static const uint8_t emoji_1F436[] = {0x00, 0x00, 0x00, 0x00, 0xFC, 0x03, 0x0E, 0x06, 0x0E, 0x06, 0x86, 0x07, 0x96, 0x07, 0x68, 0x01, 0x68, 0x01, 0xF0, 0x00, 0x00, 0x00, 0x00, 0x00};
static const uint8_t emoji_1F437[] = {0x00, 0x00, 0x00, 0x00, 0xFE, 0x07, 0x02, 0x04, 0x02, 0x04, 0x02, 0x04, 0x0A, 0x05, 0x62, 0x04, 0xF2, 0x04, 0x04, 0x02, 0xF8, 0x01, 0x00, 0x00};
static const uint8_t emoji_1F438[] = {0x00, 0x00, 0x00, 0x00, 0x9C, 0x03, 0x6A, 0x03, 0x0C, 0x03, 0x02, 0x04, 0x02, 0x04, 0x0A, 0x05, 0x02, 0x04, 0x04, 0x03, 0xF8, 0x00, 0x00, 0x00};
static const uint8_t emoji_1F439[] = {0x00, 0x00, 0x00, 0x00, 0x0C, 0x03, 0xF2, 0x04, 0x04, 0x02, 0x04, 0x01, 0x9C, 0x03, 0x04, 0x02, 0x62, 0x02, 0x24, 0x02, 0xD8, 0x01, 0x00, 0x00};
static const uint8_t emoji_1F43A[] = {0x00, 0x00, 0x0E, 0x07, 0xF2, 0x04, 0x04, 0x02, 0x04, 0x02, 0x9C, 0x03, 0x92, 0x04, 0x02, 0x04, 0x6C, 0x03, 0xF0, 0x00, 0xE0, 0x00, 0x00, 0x00};
static const uint8_t emoji_1F43B[] = {0x00, 0x00, 0xFC, 0x03, 0xFA, 0x05, 0xFE, 0x07, 0xFE, 0x07, 0x9E, 0x07, 0x6E, 0x07, 0x6E, 0x07, 0x0E, 0x07, 0x9C, 0x03, 0xF0, 0x00, 0x00, 0x00};
static const uint8_t emoji_1F43C[] = {0x00, 0x00, 0x04, 0x00, 0xFE, 0x07, 0x06, 0x06, 0x02, 0x04, 0x9A, 0x05, 0x9E, 0x07, 0x0E, 0x07, 0x62, 0x04, 0x64, 0x06, 0xF8, 0x01, 0x00, 0x00};
static const uint8_t emoji_1F43D[] = {0x00, 0x00, 0x00, 0x00, 0x60, 0x00, 0xF8, 0x01, 0xFC, 0x03, 0xFE, 0x07, 0xFE, 0x07, 0xFE, 0x07, 0xFE, 0x07, 0xFC, 0x03, 0x98, 0x01, 0x00, 0x00};
static const uint8_t emoji_1F43E[] = {0x00, 0x00, 0x00, 0x00, 0x3C, 0x00, 0x26, 0x00, 0x3A, 0x00, 0x3C, 0x00, 0x00, 0x03, 0x80, 0x05, 0x40, 0x00, 0x40, 0x07, 0x80, 0x01, 0x00, 0x00};
static const uint8_t emoji_1F43F[] = {0x00, 0x00, 0x00, 0x00, 0x1C, 0x00, 0x14, 0x00, 0x12, 0x06, 0x62, 0x02, 0x82, 0x06, 0x84, 0x06, 0x8E, 0x06, 0x90, 0x03, 0x78, 0x00, 0x00, 0x00};
static const uint8_t emoji_1F440[] = {0x00, 0x00, 0x00, 0x00, 0x9C, 0x03, 0x92, 0x04, 0x62, 0x04, 0xC6, 0x04, 0xCE, 0x05, 0xE6, 0x04, 0x92, 0x04, 0x8C, 0x03, 0x00, 0x00, 0x00, 0x00};
static const uint8_t emoji_1F441[] = {0x00, 0x00, 0x00, 0x00, 0x60, 0x00, 0xF8, 0x01, 0xFC, 0x03, 0xFA, 0x04, 0xFA, 0x05, 0xF4, 0x02, 0x98, 0x01, 0x60, 0x00, 0x00, 0x00, 0x00, 0x00};
static const uint8_t emoji_1F442[] = {0x00, 0x00, 0x60, 0x00, 0xF0, 0x01, 0xB8, 0x01, 0x38, 0x01, 0x68, 0x01, 0xD8, 0x01, 0xF8, 0x00, 0x98, 0x00, 0x48, 0x00, 0x30, 0x00, 0x00, 0x00};
static const uint8_t emoji_1F443[] = {0x00, 0x00, 0x60, 0x00, 0x60, 0x00, 0xF0, 0x00, 0xF0, 0x00, 0xF0, 0x00, 0xF0, 0x00, 0xF8, 0x01, 0xF8, 0x01, 0xF8, 0x01, 0x60, 0x00, 0x00, 0x00};
static const uint8_t emoji_1F444[] = {0x00, 0x00, 0x00, 0x00, 0x00, 0x00, 0xF8, 0x01, 0x04, 0x02, 0x0A, 0x05, 0xFE, 0x07, 0x04, 0x02, 0xF8, 0x01, 0x00, 0x00, 0x00, 0x00, 0x00, 0x00};
static const uint8_t emoji_1F445[] = {0x00, 0x00, 0x00, 0x00, 0xFE, 0x07, 0xF4, 0x02, 0x68, 0x02, 0x04, 0x02, 0x04, 0x02, 0x04, 0x02, 0x04, 0x02, 0x18, 0x01, 0xE0, 0x00, 0x00, 0x00};
static const uint8_t emoji_1F446[] = {0x00, 0x00, 0x30, 0x00, 0x30, 0x00, 0x30, 0x00, 0x70, 0x00, 0xF0, 0x03, 0xFC, 0x03, 0xFC, 0x03, 0xF0, 0x03, 0xF0, 0x01, 0xE0, 0x01, 0x00, 0x00};
static const uint8_t emoji_1F447[] = {0x00, 0x00, 0x78, 0x00, 0xF8, 0x00, 0xFC, 0x00, 0xFC, 0x01, 0xFC, 0x03, 0xFC, 0x00, 0xF0, 0x00, 0xC0, 0x00, 0xC0, 0x00, 0xC0, 0x00, 0x00, 0x00};
static const uint8_t emoji_1F448[] = {0x00, 0x00, 0x00, 0x00, 0xC0, 0x00, 0xC0, 0x01, 0xFE, 0x03, 0xFC, 0x07, 0xF0, 0x07, 0xE0, 0x07, 0xE0, 0x07, 0xC0, 0x01, 0x00, 0x00, 0x00, 0x00};
static const uint8_t emoji_1F449[] = {0x00, 0x00, 0x20, 0x00, 0x20, 0x00, 0x30, 0x00, 0xFC, 0x07, 0xFE, 0x03, 0xFE, 0x00, 0xFE, 0x00, 0x7E, 0x00, 0x30, 0x00, 0x00, 0x00, 0x00, 0x00};
static const uint8_t emoji_1F44A[] = {0x00, 0x00, 0x00, 0x00, 0xF8, 0x03, 0x06, 0x02, 0xA2, 0x02, 0xA2, 0x04, 0xAA, 0x04, 0xA4, 0x05, 0xFC, 0x07, 0xC0, 0x07, 0x00, 0x00, 0x00, 0x00};
static const uint8_t emoji_1F44B[] = {0x00, 0x00, 0x00, 0x00, 0x50, 0x01, 0x74, 0x00, 0xE8, 0x02, 0xF8, 0x03, 0xFC, 0x03, 0xF8, 0x03, 0xF0, 0x03, 0xE0, 0x03, 0xC0, 0x00, 0x00, 0x00};
static const uint8_t emoji_1F44C[] = {0x00, 0x00, 0x60, 0x00, 0x60, 0x00, 0xE0, 0x00, 0xE0, 0x01, 0xF0, 0x01, 0xD8, 0x01, 0x88, 0x01, 0xD8, 0x01, 0xF0, 0x01, 0xE0, 0x00, 0x00, 0x00};
static const uint8_t emoji_1F44D[] = {0x00, 0x00, 0x40, 0x00, 0xC0, 0x00, 0xC0, 0x00, 0xE0, 0x00, 0xF0, 0x03, 0xF8, 0x03, 0xFC, 0x07, 0xFC, 0x03, 0xFC, 0x03, 0xF0, 0x03, 0x00, 0x00};
static const uint8_t emoji_1F44E[] = {0x00, 0x00, 0xE0, 0x03, 0xFC, 0x03, 0xFC, 0x03, 0xFC, 0x07, 0xFC, 0x03, 0xF0, 0x03, 0xE0, 0x00, 0x60, 0x00, 0xC0, 0x00, 0x40, 0x00, 0x00, 0x00};
static const uint8_t emoji_1F44F[] = {0x00, 0x00, 0x00, 0x00, 0x30, 0x00, 0x7C, 0x01, 0xFC, 0x03, 0xFC, 0x03, 0xFC, 0x03, 0xF8, 0x03, 0xF8, 0x03, 0xF0, 0x01, 0x40, 0x00, 0x00, 0x00};
static const uint8_t emoji_1F450[] = {0x00, 0x00, 0x00, 0x00, 0x00, 0x00, 0x04, 0x02, 0x6E, 0x07, 0xFE, 0x07, 0xFE, 0x07, 0xFC, 0x03, 0x98, 0x01, 0x00, 0x00, 0x00, 0x00, 0x00, 0x00};
static const uint8_t emoji_1F451[] = {0x00, 0x00, 0x08, 0x01, 0x6A, 0x05, 0x6A, 0x05, 0x9A, 0x05, 0x9E, 0x07, 0x02, 0x04, 0x6A, 0x05, 0x6C, 0x03, 0x04, 0x02, 0xFC, 0x03, 0x00, 0x00};
static const uint8_t emoji_1F452[] = {0x00, 0x00, 0x00, 0x00, 0x40, 0x00, 0xBE, 0x00, 0x12, 0x01, 0xF2, 0x03, 0xE4, 0x07, 0x88, 0x07, 0x70, 0x07, 0x80, 0x01, 0x00, 0x00, 0x00, 0x00};
static const uint8_t emoji_1F453[] = {0x00, 0x00, 0x00, 0x00, 0x00, 0x00, 0x00, 0x00, 0x9E, 0x07, 0x62, 0x04, 0x92, 0x04, 0x9C, 0x03, 0x00, 0x00, 0x00, 0x00, 0x00, 0x00, 0x00, 0x00};
static const uint8_t emoji_1F454[] = {0x00, 0x00, 0xF8, 0x01, 0x64, 0x02, 0x02, 0x04, 0x62, 0x04, 0x62, 0x04, 0x62, 0x04, 0x62, 0x04, 0x62, 0x04, 0xF2, 0x04, 0xFE, 0x07, 0x00, 0x00};
static const uint8_t emoji_1F455[] = {0x00, 0x00, 0xF0, 0x00, 0x6C, 0x03, 0x02, 0x04, 0x06, 0x06, 0x08, 0x01, 0x08, 0x01, 0x08, 0x01, 0x08, 0x01, 0x08, 0x01, 0xF0, 0x00, 0x00, 0x00};
static const uint8_t emoji_1F456[] = {0x00, 0x00, 0xF8, 0x01, 0xF8, 0x01, 0xF8, 0x01, 0xF8, 0x01, 0xF8, 0x01, 0x98, 0x01, 0x98, 0x01, 0x98, 0x01, 0x98, 0x01, 0x98, 0x01, 0x00, 0x00};
static const uint8_t emoji_1F457[] = {0x00, 0x00, 0x90, 0x00, 0xF0, 0x00, 0x70, 0x00, 0x70, 0x00, 0xF0, 0x00, 0xF8, 0x00, 0xF8, 0x01, 0xF8, 0x03, 0xFC, 0x03, 0xF8, 0x01, 0x00, 0x00};
static const uint8_t emoji_1F458[] = {0x00, 0x00, 0xF0, 0x00, 0x2E, 0x07, 0xF2, 0x04, 0xFA, 0x05, 0xFA, 0x05, 0x96, 0x06, 0x96, 0x06, 0x96, 0x06, 0x90, 0x00, 0xF0, 0x00, 0x00, 0x00};
static const uint8_t emoji_1F459[] = {0x00, 0x00, 0x40, 0x00, 0x40, 0x00, 0x18, 0x01, 0x98, 0x01, 0xFC, 0x03, 0xF0, 0x03, 0x00, 0x00, 0xF8, 0x03, 0xF8, 0x01, 0xF0, 0x00, 0x00, 0x00};
static const uint8_t emoji_1F45A[] = {0x00, 0x00, 0xF0, 0x00, 0xFC, 0x03, 0xFE, 0x07, 0xFE, 0x07, 0xFC, 0x03, 0xF8, 0x01, 0xF8, 0x01, 0xF8, 0x01, 0xF8, 0x01, 0xF0, 0x00, 0x00, 0x00};
static const uint8_t emoji_1F45B[] = {0x00, 0x00, 0x60, 0x00, 0x60, 0x00, 0x9C, 0x03, 0xFA, 0x05, 0xFC, 0x03, 0xFE, 0x07, 0xFE, 0x07, 0xFE, 0x07, 0xFE, 0x07, 0xFC, 0x03, 0x00, 0x00};
static const uint8_t emoji_1F45C[] = {0x00, 0x00, 0x40, 0x00, 0x90, 0x00, 0x98, 0x01, 0x64, 0x02, 0xF6, 0x06, 0xD6, 0x06, 0xFE, 0x07, 0xFE, 0x07, 0xFA, 0x05, 0xFE, 0x07, 0x00, 0x00};
static const uint8_t emoji_1F45D[] = {0x00, 0x00, 0x00, 0x00, 0x00, 0x00, 0x00, 0x00, 0x00, 0x00, 0xF8, 0x01, 0xFC, 0x03, 0xFC, 0x07, 0xFE, 0x07, 0xFE, 0x07, 0xFE, 0x03, 0x00, 0x00};
static const uint8_t emoji_1F45E[] = {0x00, 0x00, 0x00, 0x00, 0x00, 0x00, 0x00, 0x00, 0x00, 0x00, 0x00, 0x00, 0x3E, 0x00, 0x7E, 0x00, 0xFE, 0x01, 0xFE, 0x07, 0xE0, 0x07, 0x00, 0x00};
static const uint8_t emoji_1F45F[] = {0x00, 0x00, 0x00, 0x00, 0x00, 0x00, 0x00, 0x00, 0x10, 0x00, 0x3E, 0x00, 0xFE, 0x00, 0xFE, 0x01, 0xFE, 0x07, 0xEE, 0x07, 0xF0, 0x03, 0x00, 0x00};
static const uint8_t emoji_1F460[] = {0x00, 0x00, 0x0C, 0x00, 0x1A, 0x00, 0x32, 0x00, 0x32, 0x00, 0x74, 0x00, 0x6C, 0x00, 0xF4, 0x00, 0xD4, 0x01, 0x14, 0x02, 0xE0, 0x07, 0x00, 0x00};
static const uint8_t emoji_1F461[] = {0x00, 0x00, 0x00, 0x00, 0x00, 0x00, 0x00, 0x00, 0x00, 0x00, 0x00, 0x00, 0x06, 0x00, 0x3A, 0x00, 0xDE, 0x03, 0x24, 0x04, 0xC0, 0x07, 0x00, 0x00};
static const uint8_t emoji_1F462[] = {0x00, 0x00, 0x78, 0x00, 0x78, 0x00, 0x78, 0x00, 0x78, 0x00, 0x78, 0x00, 0x78, 0x00, 0x78, 0x00, 0xF8, 0x00, 0xF8, 0x03, 0xC0, 0x03, 0x00, 0x00};
static const uint8_t emoji_1F463[] = {0x00, 0x00, 0x3C, 0x00, 0x1C, 0x00, 0xDC, 0x03, 0xDE, 0x03, 0x9E, 0x03, 0x8C, 0x07, 0x9C, 0x03, 0x98, 0x03, 0x80, 0x03, 0x80, 0x01, 0x00, 0x00};
static const uint8_t emoji_1F464[] = {0x00, 0x00, 0xF0, 0x00, 0xF8, 0x01, 0xF8, 0x01, 0xF8, 0x01, 0xF8, 0x01, 0xF8, 0x01, 0xF0, 0x00, 0x60, 0x00, 0xFC, 0x01, 0xFC, 0x03, 0x00, 0x00};
static const uint8_t emoji_1F465[] = {0x00, 0x00, 0x00, 0x00, 0x00, 0x00, 0x9C, 0x07, 0xFE, 0x07, 0xFE, 0x07, 0xFE, 0x07, 0x9E, 0x07, 0x9C, 0x03, 0x9E, 0x07, 0xFE, 0x07, 0x00, 0x00};
static const uint8_t emoji_1F466[] = {0x00, 0x00, 0xF8, 0x01, 0xFC, 0x03, 0xFC, 0x03, 0xFE, 0x07, 0x22, 0x04, 0x04, 0x02, 0x04, 0x02, 0x04, 0x02, 0x08, 0x01, 0xF0, 0x00, 0x00, 0x00};
static const uint8_t emoji_1F467[] = {0x00, 0x00, 0xF8, 0x01, 0xFC, 0x03, 0xFC, 0x03, 0xFE, 0x07, 0x0E, 0x07, 0x04, 0x02, 0x94, 0x02, 0x04, 0x02, 0x06, 0x06, 0xFE, 0x07, 0x00, 0x00};
static const uint8_t emoji_1F468[] = {0x00, 0x00, 0xF8, 0x01, 0xF8, 0x01, 0xFC, 0x03, 0x04, 0x02, 0x04, 0x02, 0x94, 0x02, 0x04, 0x02, 0x04, 0x02, 0x08, 0x01, 0xF0, 0x00, 0x00, 0x00};
static const uint8_t emoji_1F469[] = {0x00, 0x00, 0xF8, 0x01, 0xFC, 0x03, 0xFC, 0x03, 0x3E, 0x07, 0x06, 0x06, 0x92, 0x04, 0x02, 0x04, 0x04, 0x02, 0x04, 0x02, 0xFC, 0x03, 0x00, 0x00};
static const uint8_t emoji_1F46A[] = {0x00, 0x00, 0xFE, 0x07, 0x9A, 0x05, 0x9E, 0x07, 0x9A, 0x05, 0x9A, 0x05, 0xFE, 0x07, 0xFE, 0x07, 0xFE, 0x07, 0x62, 0x04, 0xFE, 0x07, 0x00, 0x00};
static const uint8_t emoji_1F46B[] = {0x00, 0x00, 0x9C, 0x03, 0x94, 0x02, 0x94, 0x01, 0x9C, 0x02, 0x9C, 0x03, 0xFE, 0x07, 0xDC, 0x03, 0x9C, 0x03, 0x94, 0x02, 0x94, 0x02, 0x00, 0x00};
static const uint8_t emoji_1F46C[] = {0x00, 0x00, 0x9C, 0x03, 0x94, 0x02, 0x98, 0x01, 0x9C, 0x02, 0x9C, 0x03, 0xFE, 0x07, 0xDC, 0x03, 0x9C, 0x03, 0x94, 0x02, 0x94, 0x02, 0x00, 0x00};
static const uint8_t emoji_1F46D[] = {0x00, 0x00, 0x9C, 0x03, 0x94, 0x02, 0x94, 0x02, 0x9C, 0x03, 0x9C, 0x03, 0xFE, 0x07, 0xDC, 0x03, 0x9C, 0x03, 0x94, 0x02, 0x94, 0x02, 0x00, 0x00};
static const uint8_t emoji_1F46E[] = {0x00, 0x00, 0xF8, 0x01, 0x9C, 0x03, 0xFC, 0x03, 0x0C, 0x02, 0x04, 0x02, 0x08, 0x01, 0x08, 0x01, 0x90, 0x00, 0x98, 0x01, 0xFC, 0x03, 0x00, 0x00};
static const uint8_t emoji_1F46F[] = {0x00, 0x00, 0x94, 0x02, 0x9C, 0x03, 0x94, 0x02, 0x8C, 0x01, 0x94, 0x02, 0xDE, 0x03, 0x9C, 0x03, 0x9C, 0x03, 0x30, 0x02, 0x28, 0x04, 0x00, 0x00};
static const uint8_t emoji_1F470[] = {0x00, 0x00, 0xF8, 0x00, 0x08, 0x01, 0x3C, 0x03, 0x1C, 0x03, 0x96, 0x06, 0x02, 0x04, 0x0A, 0x05, 0x02, 0x04, 0x62, 0x04, 0xFE, 0x07, 0x00, 0x00};
static const uint8_t emoji_1F471[] = {0x00, 0x00, 0xF8, 0x00, 0x08, 0x01, 0x04, 0x02, 0x04, 0x02, 0x94, 0x02, 0x08, 0x01, 0x68, 0x01, 0x90, 0x00, 0xFC, 0x01, 0xFC, 0x03, 0x00, 0x00};
static const uint8_t emoji_1F472[] = {0x00, 0x00, 0xF0, 0x00, 0x98, 0x01, 0xF8, 0x01, 0x9C, 0x03, 0x94, 0x02, 0x04, 0x02, 0x08, 0x01, 0x90, 0x00, 0xF8, 0x01, 0xFC, 0x03, 0x00, 0x00};
static const uint8_t emoji_1F473[] = {0x00, 0x00, 0xF8, 0x00, 0x04, 0x03, 0x04, 0x02, 0x94, 0x02, 0x9C, 0x03, 0x08, 0x01, 0x68, 0x01, 0x90, 0x00, 0x68, 0x01, 0xFC, 0x03, 0x00, 0x00};
static const uint8_t emoji_1F474[] = {0x00, 0x00, 0x60, 0x00, 0x98, 0x01, 0x04, 0x02, 0x02, 0x04, 0x02, 0x04, 0x9C, 0x03, 0x9C, 0x03, 0x04, 0x02, 0x68, 0x01, 0xF0, 0x00, 0x00, 0x00};
static const uint8_t emoji_1F475[] = {0x00, 0x00, 0xF0, 0x00, 0xF8, 0x01, 0xFC, 0x03, 0xFC, 0x03, 0xFC, 0x03, 0xFC, 0x03, 0xFC, 0x03, 0xFC, 0x03, 0xF8, 0x01, 0xF0, 0x00, 0x00, 0x00};
static const uint8_t emoji_1F476[] = {0x00, 0x00, 0x60, 0x00, 0xD8, 0x01, 0x64, 0x02, 0x04, 0x02, 0x04, 0x02, 0x94, 0x02, 0x9A, 0x05, 0x04, 0x02, 0x64, 0x01, 0xF8, 0x01, 0x00, 0x00};
static const uint8_t emoji_1F477[] = {0x00, 0x00, 0xF0, 0x00, 0x08, 0x01, 0x04, 0x02, 0x04, 0x02, 0x9C, 0x02, 0x08, 0x01, 0x68, 0x01, 0x90, 0x00, 0x68, 0x01, 0xFC, 0x03, 0x00, 0x00};
static const uint8_t emoji_1F478[] = {0x00, 0x00, 0x60, 0x00, 0x9C, 0x03, 0x04, 0x02, 0x04, 0x02, 0x0C, 0x02, 0x9C, 0x02, 0x94, 0x02, 0x04, 0x02, 0x64, 0x02, 0xFC, 0x03, 0x00, 0x00};
static const uint8_t emoji_1F479[] = {0x00, 0x00, 0xFE, 0x07, 0xF2, 0x04, 0x66, 0x06, 0x06, 0x06, 0x66, 0x06, 0x06, 0x06, 0x02, 0x04, 0x0E, 0x07, 0x9C, 0x03, 0xF0, 0x00, 0x00, 0x00};
static const uint8_t emoji_1F47A[] = {0x00, 0x00, 0xFC, 0x01, 0x9A, 0x01, 0x72, 0x01, 0x22, 0x01, 0x02, 0x06, 0x02, 0x04, 0xFE, 0x03, 0x0E, 0x01, 0x04, 0x01, 0xF8, 0x00, 0x00, 0x00};
static const uint8_t emoji_1F47B[] = {0x40, 0x00, 0xB0, 0x01, 0x08, 0x01, 0x1B, 0x0E, 0x06, 0x04, 0xFA, 0x04, 0xF4, 0x02, 0x64, 0x01, 0x08, 0x01, 0x08, 0x01, 0x30, 0x03, 0xC0, 0x00};
static const uint8_t emoji_1F47C[] = {0x00, 0x00, 0xF8, 0x01, 0xF4, 0x02, 0xFC, 0x03, 0xFC, 0x03, 0xF4, 0x03, 0x04, 0x02, 0x94, 0x02, 0x02, 0x04, 0x66, 0x06, 0xF8, 0x01, 0x00, 0x00};
static const uint8_t emoji_1F47D[] = {0x00, 0x00, 0xF8, 0x01, 0x04, 0x02, 0x02, 0x02, 0x0E, 0x07, 0x9E, 0x07, 0x9E, 0x07, 0x9C, 0x03, 0x68, 0x01, 0x98, 0x01, 0x60, 0x00, 0x00, 0x00};
static const uint8_t emoji_1F47E[] = {0x00, 0x00, 0x08, 0x01, 0x90, 0x00, 0xF0, 0x00, 0xFA, 0x05, 0x6A, 0x05, 0xFC, 0x03, 0xF8, 0x01, 0xF0, 0x00, 0x90, 0x00, 0x08, 0x01, 0x00, 0x00};
static const uint8_t emoji_1F47F[] = {0x00, 0x00, 0x02, 0x04, 0xFE, 0x07, 0xFE, 0x07, 0xFC, 0x03, 0xFE, 0x07, 0xFE, 0x07, 0xFE, 0x03, 0xFC, 0x03, 0xF8, 0x01, 0xF0, 0x00, 0x00, 0x00};
static const uint8_t emoji_1F480[] = {0x00, 0x00, 0xF8, 0x01, 0x04, 0x02, 0x04, 0x02, 0x04, 0x02, 0x9C, 0x03, 0x9C, 0x03, 0x64, 0x02, 0x04, 0x02, 0x08, 0x01, 0xF0, 0x00, 0x00, 0x00};
static const uint8_t emoji_1F481[] = {0x00, 0x00, 0x7C, 0x00, 0xFE, 0x00, 0xCE, 0x00, 0x86, 0x00, 0x02, 0x01, 0x02, 0x02, 0x82, 0x01, 0x44, 0x01, 0x84, 0x01, 0xFE, 0x03, 0x00, 0x00};
static const uint8_t emoji_1F482[] = {0x00, 0x00, 0xF0, 0x00, 0xF8, 0x01, 0xF8, 0x01, 0xFC, 0x03, 0xF8, 0x01, 0x98, 0x01, 0x08, 0x01, 0x08, 0x01, 0x90, 0x00, 0xF8, 0x01, 0x00, 0x00};
static const uint8_t emoji_1F483[] = {0x00, 0x00, 0x30, 0x00, 0xB0, 0x00, 0x58, 0x00, 0x78, 0x00, 0x28, 0x00, 0xF0, 0x03, 0xE0, 0x03, 0x60, 0x02, 0xF0, 0x01, 0x78, 0x01, 0x00, 0x00};
static const uint8_t emoji_1F484[] = {0x00, 0x00, 0x70, 0x00, 0x90, 0x00, 0xB0, 0x00, 0xF0, 0x00, 0xF0, 0x00, 0xF0, 0x00, 0x90, 0x00, 0x08, 0x01, 0xF8, 0x01, 0xF8, 0x01, 0x00, 0x00};
static const uint8_t emoji_1F485[] = {0x00, 0x00, 0x00, 0x07, 0x00, 0x07, 0x08, 0x07, 0x4E, 0x01, 0x7E, 0x01, 0xE2, 0x00, 0xE2, 0x00, 0x62, 0x00, 0x42, 0x00, 0x3E, 0x00, 0x00, 0x00};
static const uint8_t emoji_1F486[] = {0x00, 0x00, 0x64, 0x02, 0xFC, 0x03, 0xB4, 0x02, 0x1C, 0x03, 0x04, 0x02, 0x04, 0x02, 0x48, 0x01, 0x90, 0x01, 0xF0, 0x01, 0xFC, 0x03, 0x00, 0x00};
static const uint8_t emoji_1F487[] = {0x00, 0x00, 0x7C, 0x00, 0xFE, 0x01, 0xCE, 0x02, 0x86, 0x02, 0x02, 0x03, 0x82, 0x00, 0x82, 0x00, 0x44, 0x00, 0x82, 0x00, 0xFE, 0x01, 0x00, 0x00};
static const uint8_t emoji_1F488[] = {0x00, 0x00, 0xF0, 0x00, 0x90, 0x00, 0xB0, 0x00, 0x90, 0x00, 0xD0, 0x00, 0xB0, 0x00, 0xD0, 0x00, 0xD0, 0x00, 0x90, 0x00, 0xF0, 0x00, 0x00, 0x00};
static const uint8_t emoji_1F489[] = {0x00, 0x00, 0x00, 0x00, 0x80, 0x02, 0x40, 0x01, 0x20, 0x01, 0x70, 0x01, 0xE8, 0x00, 0x48, 0x00, 0x34, 0x00, 0x0A, 0x00, 0x04, 0x00, 0x00, 0x00};
static const uint8_t emoji_1F48A[] = {0x00, 0x00, 0x1E, 0x00, 0x22, 0x00, 0x42, 0x00, 0x82, 0x00, 0x04, 0x01, 0xE8, 0x02, 0xF0, 0x05, 0xE0, 0x07, 0xC0, 0x07, 0x80, 0x03, 0x00, 0x00};
static const uint8_t emoji_1F48B[] = {0x00, 0x00, 0xE0, 0x03, 0xF0, 0x07, 0xF0, 0x06, 0x7C, 0x06, 0x3E, 0x07, 0x1E, 0x07, 0x8E, 0x07, 0xE6, 0x03, 0xFE, 0x01, 0xFC, 0x00, 0x00, 0x00};
static const uint8_t emoji_1F48C[] = {0x00, 0x00, 0x00, 0x00, 0xFE, 0x07, 0x02, 0x04, 0xF2, 0x04, 0xF2, 0x04, 0xF2, 0x04, 0x62, 0x04, 0x02, 0x04, 0xFE, 0x07, 0x00, 0x00, 0x00, 0x00};
static const uint8_t emoji_1F48D[] = {0x00, 0x00, 0xF0, 0x00, 0x90, 0x00, 0x90, 0x00, 0xF8, 0x01, 0x0C, 0x01, 0x04, 0x02, 0x04, 0x02, 0x04, 0x02, 0x08, 0x01, 0xF0, 0x00, 0x00, 0x00};
static const uint8_t emoji_1F48E[] = {0x00, 0x00, 0xF0, 0x00, 0x0C, 0x03, 0x02, 0x06, 0x12, 0x04, 0x14, 0x02, 0x0C, 0x02, 0x18, 0x01, 0x90, 0x00, 0x60, 0x00, 0x00, 0x00, 0x00, 0x00};
static const uint8_t emoji_1F48F[] = {0x00, 0x00, 0xF0, 0x00, 0x08, 0x01, 0x9E, 0x07, 0xFE, 0x07, 0xFE, 0x05, 0x62, 0x04, 0x52, 0x04, 0x92, 0x04, 0x92, 0x04, 0x0E, 0x07, 0x00, 0x00};
static const uint8_t emoji_1F490[] = {0x00, 0x00, 0xF8, 0x00, 0x84, 0x01, 0x84, 0x03, 0xF4, 0x03, 0xFC, 0x02, 0xDC, 0x01, 0xBC, 0x01, 0xF8, 0x01, 0x00, 0x03, 0x00, 0x02, 0x00, 0x00};
static const uint8_t emoji_1F491[] = {0x00, 0x00, 0xF0, 0x00, 0x08, 0x01, 0x90, 0x00, 0x60, 0x00, 0xDE, 0x07, 0xF6, 0x04, 0x61, 0x04, 0x62, 0x04, 0x92, 0x04, 0x9E, 0x07, 0x00, 0x00};
static const uint8_t emoji_1F492[] = {0x00, 0x00, 0x00, 0x01, 0x18, 0x07, 0x1C, 0x03, 0xEC, 0x00, 0x94, 0x00, 0x2C, 0x00, 0xF6, 0x07, 0x36, 0x04, 0x1A, 0x04, 0xFE, 0x07, 0x00, 0x00};
static const uint8_t emoji_1F493[] = {0x00, 0x00, 0x00, 0x00, 0x00, 0x00, 0x9C, 0x03, 0xFE, 0x07, 0xFE, 0x07, 0xFC, 0x03, 0xFC, 0x03, 0xF8, 0x01, 0xF0, 0x00, 0x60, 0x00, 0x00, 0x00};
static const uint8_t emoji_1F494[] = {0x00, 0x00, 0x1C, 0x03, 0xBE, 0x07, 0xDE, 0x07, 0xDE, 0x07, 0xDE, 0x07, 0xBC, 0x03, 0xDC, 0x03, 0xD8, 0x01, 0xF0, 0x00, 0x00, 0x00, 0x00, 0x00};
static const uint8_t emoji_1F495[] = {0x00, 0x00, 0x80, 0x06, 0xC0, 0x07, 0xCC, 0x07, 0x9E, 0x03, 0xFE, 0x02, 0xFE, 0x01, 0xFE, 0x01, 0xFE, 0x01, 0xFE, 0x00, 0x3C, 0x00, 0x00, 0x00};
static const uint8_t emoji_1F496[] = {0x00, 0x00, 0x9C, 0x03, 0xFA, 0x04, 0xFA, 0x04, 0x7E, 0x07, 0xEE, 0x07, 0xC4, 0x02, 0xC4, 0x02, 0xE8, 0x01, 0xF0, 0x00, 0x40, 0x00, 0x00, 0x00};
static const uint8_t emoji_1F497[] = {0x00, 0x00, 0x00, 0x00, 0x98, 0x01, 0xFC, 0x03, 0xFE, 0x07, 0xFC, 0x03, 0xFC, 0x03, 0xFC, 0x01, 0xF8, 0x01, 0xF0, 0x00, 0x20, 0x00, 0x00, 0x00};
static const uint8_t emoji_1F498[] = {0x00, 0x00, 0x06, 0x00, 0x1E, 0x03, 0xF4, 0x06, 0xFC, 0x07, 0xFC, 0x07, 0xF8, 0x03, 0xF0, 0x01, 0xE0, 0x03, 0x40, 0x05, 0x00, 0x02, 0x00, 0x00};
static const uint8_t emoji_1F499[] = {0x00, 0x00, 0x9C, 0x03, 0x72, 0x06, 0x7A, 0x07, 0xFE, 0x07, 0xFE, 0x07, 0xFC, 0x03, 0xFC, 0x03, 0xF8, 0x01, 0xF0, 0x00, 0x40, 0x00, 0x00, 0x00};
static const uint8_t emoji_1F49A[] = {0x00, 0x00, 0x9C, 0x03, 0xFE, 0x07, 0xFE, 0x07, 0xFE, 0x07, 0xFE, 0x07, 0xFC, 0x03, 0xFC, 0x03, 0xF8, 0x01, 0xF0, 0x00, 0x40, 0x00, 0x00, 0x00};
static const uint8_t emoji_1F49B[] = {0x00, 0x00, 0x9C, 0x03, 0xFE, 0x07, 0xFE, 0x07, 0xFE, 0x07, 0xFE, 0x07, 0xFC, 0x03, 0xFC, 0x03, 0xF8, 0x01, 0xF0, 0x00, 0x40, 0x00, 0x00, 0x00};
static const uint8_t emoji_1F49C[] = {0x00, 0x00, 0x9C, 0x03, 0x72, 0x06, 0x7A, 0x07, 0xFE, 0x07, 0xFE, 0x07, 0xFC, 0x03, 0xFC, 0x03, 0xF8, 0x01, 0xF0, 0x00, 0x40, 0x00, 0x00, 0x00};
static const uint8_t emoji_1F49D[] = {0x00, 0x00, 0x9C, 0x03, 0x7A, 0x07, 0xE6, 0x07, 0x02, 0x04, 0x02, 0x04, 0xC2, 0x07, 0xF4, 0x03, 0xF8, 0x01, 0xF0, 0x00, 0x40, 0x00, 0x00, 0x00};
static const uint8_t emoji_1F49E[] = {0x00, 0x00, 0xC0, 0x07, 0xDC, 0x07, 0xC4, 0x07, 0x80, 0x03, 0xEE, 0x01, 0xFE, 0x04, 0xFE, 0x06, 0x7E, 0x03, 0x7C, 0x01, 0x18, 0x00, 0x00, 0x00};
static const uint8_t emoji_1F49F[] = {0x00, 0x00, 0xFE, 0x07, 0x66, 0x06, 0x02, 0x04, 0x02, 0x04, 0x02, 0x04, 0x06, 0x06, 0x0E, 0x07, 0x9E, 0x07, 0xFE, 0x07, 0xFE, 0x07, 0x00, 0x00};
static const uint8_t emoji_1F4A0[] = {0x00, 0x00, 0x60, 0x00, 0xF0, 0x00, 0xF0, 0x00, 0xFC, 0x03, 0x9E, 0x07, 0x9E, 0x07, 0xFC, 0x03, 0xF0, 0x00, 0xF0, 0x00, 0x60, 0x00, 0x00, 0x00};
static const uint8_t emoji_1F4A1[] = {0x00, 0x00, 0xF0, 0x00, 0x08, 0x01, 0x08, 0x01, 0x08, 0x01, 0x08, 0x01, 0x90, 0x00, 0xF0, 0x00, 0xF0, 0x00, 0xF0, 0x00, 0x60, 0x00, 0x00, 0x00};
static const uint8_t emoji_1F4A2[] = {0x00, 0x00, 0x08, 0x01, 0x98, 0x01, 0xF6, 0x06, 0x0C, 0x03, 0x08, 0x01, 0x08, 0x01, 0x0C, 0x03, 0xF6, 0x06, 0x98, 0x01, 0x08, 0x03, 0x00, 0x00};
static const uint8_t emoji_1F4A3[] = {0x00, 0x00, 0x80, 0x01, 0x40, 0x03, 0xA0, 0x00, 0xF8, 0x01, 0xFC, 0x03, 0xFE, 0x01, 0xFE, 0x01, 0xFC, 0x01, 0xFC, 0x00, 0x78, 0x00, 0x00, 0x00};
static const uint8_t emoji_1F4A4[] = {0x00, 0x00, 0x00, 0x00, 0xF0, 0x00, 0x40, 0x00, 0x40, 0x06, 0xEC, 0x04, 0xEE, 0x06, 0x08, 0x00, 0x1C, 0x00, 0x1C, 0x00, 0x00, 0x00, 0x00, 0x00};
static const uint8_t emoji_1F4A5[] = {0x00, 0x00, 0x00, 0x00, 0x44, 0x06, 0xD8, 0x03, 0x28, 0x02, 0x1C, 0x06, 0x0C, 0x02, 0x08, 0x06, 0x1C, 0x02, 0xF0, 0x03, 0x90, 0x04, 0x00, 0x00};
static const uint8_t emoji_1F4A6[] = {0x00, 0x00, 0xF0, 0x03, 0xE0, 0x07, 0xC0, 0x07, 0xCC, 0x07, 0x1C, 0x03, 0x1C, 0x00, 0x9E, 0x03, 0xBE, 0x07, 0x1E, 0x07, 0x1C, 0x07, 0x00, 0x00};
static const uint8_t emoji_1F4A7[] = {0x00, 0x00, 0x60, 0x00, 0x60, 0x00, 0xF0, 0x00, 0xF0, 0x00, 0xF8, 0x01, 0xF8, 0x01, 0xF8, 0x01, 0xF8, 0x01, 0xF8, 0x01, 0xF0, 0x00, 0x00, 0x00};
static const uint8_t emoji_1F4A8[] = {0x00, 0x00, 0xC0, 0x01, 0x34, 0x02, 0x2C, 0x02, 0x30, 0x04, 0x1E, 0x04, 0x1E, 0x04, 0x3E, 0x06, 0x10, 0x02, 0x74, 0x02, 0x80, 0x01, 0x00, 0x00};
static const uint8_t emoji_1F4A9[] = {0x00, 0x00, 0x20, 0x00, 0x70, 0x00, 0xF0, 0x01, 0xF8, 0x01, 0x6C, 0x03, 0x04, 0x02, 0x6E, 0x07, 0x0E, 0x07, 0xFC, 0x03, 0xF8, 0x01, 0x00, 0x00};
static const uint8_t emoji_1F4AA[] = {0x00, 0x00, 0x60, 0x00, 0xF0, 0x00, 0x78, 0x00, 0x18, 0x00, 0x1C, 0x00, 0xDC, 0x03, 0xFC, 0x03, 0xFC, 0x03, 0xFC, 0x03, 0xF8, 0x03, 0x00, 0x00};
static const uint8_t emoji_1F4AB[] = {0x00, 0x00, 0x1C, 0x00, 0x60, 0x00, 0x80, 0x00, 0x10, 0x01, 0x1C, 0x02, 0x3C, 0x02, 0x7E, 0x04, 0x1A, 0x04, 0xD0, 0x07, 0x80, 0x07, 0x00, 0x00};
static const uint8_t emoji_1F4AC[] = {0x00, 0x00, 0xF8, 0x01, 0x06, 0x06, 0x02, 0x04, 0x01, 0x04, 0x69, 0x09, 0x02, 0x04, 0x02, 0x04, 0x04, 0x03, 0xF8, 0x00, 0x0C, 0x00, 0x00, 0x00};
static const uint8_t emoji_1F4AD[] = {0x40, 0x00, 0xBC, 0x03, 0x02, 0x04, 0x02, 0x08, 0x02, 0x04, 0x02, 0x08, 0x02, 0x08, 0x02, 0x04, 0x0C, 0x02, 0xF4, 0x01, 0x02, 0x00, 0x00, 0x00};
static const uint8_t emoji_1F4AE[] = {0x00, 0x00, 0xF0, 0x00, 0xFC, 0x03, 0xFC, 0x03, 0xFE, 0x07, 0xFE, 0x07, 0xFE, 0x07, 0xFE, 0x07, 0xFC, 0x03, 0xFC, 0x03, 0xF0, 0x00, 0x00, 0x00};
static const uint8_t emoji_1F4AF[] = {0x00, 0x00, 0xAC, 0x07, 0x5E, 0x05, 0xDC, 0x05, 0xCC, 0x04, 0x52, 0x05, 0x32, 0x03, 0x02, 0x00, 0x38, 0x00, 0x78, 0x00, 0x0E, 0x00, 0x00, 0x00};
static const uint8_t emoji_1F4B0[] = {0x00, 0x00, 0xC0, 0x03, 0x40, 0x02, 0xC0, 0x01, 0x30, 0x01, 0x6C, 0x01, 0xF4, 0x01, 0x62, 0x02, 0x72, 0x04, 0x64, 0x04, 0xFC, 0x03, 0x00, 0x00};
static const uint8_t emoji_1F4B1[] = {0x00, 0x00, 0xCC, 0x01, 0x1E, 0x03, 0x06, 0x03, 0x8C, 0x04, 0x9E, 0x06, 0x0E, 0x03, 0x80, 0x03, 0x88, 0x03, 0x1C, 0x01, 0x70, 0x00, 0x00, 0x00};
static const uint8_t emoji_1F4B2[] = {0x00, 0x00, 0x60, 0x00, 0xF0, 0x00, 0xF8, 0x01, 0x78, 0x00, 0x78, 0x00, 0xE0, 0x00, 0xE8, 0x01, 0xF8, 0x01, 0xF0, 0x00, 0x60, 0x00, 0x00, 0x00};
static const uint8_t emoji_1F4B3[] = {0x00, 0x00, 0x00, 0x00, 0x00, 0x00, 0xFE, 0x07, 0xFE, 0x07, 0x02, 0x04, 0x02, 0x04, 0x02, 0x04, 0xFE, 0x07, 0x00, 0x00, 0x00, 0x00, 0x00, 0x00};
static const uint8_t emoji_1F4B4[] = {0x00, 0x00, 0x00, 0x00, 0x00, 0x00, 0xFE, 0x07, 0x82, 0x07, 0x82, 0x07, 0x86, 0x07, 0x9E, 0x07, 0xFE, 0x07, 0x00, 0x00, 0x00, 0x00, 0x00, 0x00};
static const uint8_t emoji_1F4B5[] = {0x00, 0x00, 0x00, 0x00, 0x00, 0x00, 0xFE, 0x07, 0x96, 0x07, 0x96, 0x07, 0x96, 0x07, 0x9E, 0x07, 0xFE, 0x07, 0x00, 0x00, 0x00, 0x00, 0x00, 0x00};
static const uint8_t emoji_1F4B6[] = {0x00, 0x00, 0x00, 0x00, 0x00, 0x00, 0xFE, 0x07, 0x96, 0x07, 0x92, 0x07, 0x96, 0x07, 0x9E, 0x07, 0xFE, 0x07, 0x00, 0x00, 0x00, 0x00, 0x00, 0x00};
static const uint8_t emoji_1F4B7[] = {0x00, 0x00, 0x00, 0x00, 0x00, 0x00, 0xFE, 0x07, 0x82, 0x07, 0x92, 0x07, 0x82, 0x07, 0x9E, 0x07, 0xFE, 0x07, 0x00, 0x00, 0x00, 0x00, 0x00, 0x00};
static const uint8_t emoji_1F4B8[] = {0x00, 0x00, 0x88, 0x00, 0xD6, 0x01, 0xEE, 0x03, 0xD0, 0x07, 0x90, 0x03, 0x2C, 0x03, 0x4C, 0x04, 0xF8, 0x05, 0x78, 0x06, 0x30, 0x00, 0x00, 0x00};
static const uint8_t emoji_1F4B9[] = {0x00, 0x00, 0xFE, 0x07, 0xFE, 0x07, 0xFE, 0x07, 0xFE, 0x07, 0xFE, 0x07, 0xFE, 0x07, 0xFE, 0x07, 0xFE, 0x07, 0xFE, 0x07, 0xFE, 0x07, 0x00, 0x00};
static const uint8_t emoji_1F4BA[] = {0x00, 0x00, 0x7C, 0x00, 0x4C, 0x00, 0x3C, 0x00, 0x7C, 0x00, 0xFC, 0x03, 0xE4, 0x01, 0xF4, 0x03, 0xE8, 0x01, 0x90, 0x01, 0x18, 0x00, 0x00, 0x00};
static const uint8_t emoji_1F4BB[] = {0x00, 0x00, 0x00, 0x00, 0x00, 0x00, 0xFC, 0x03, 0xFC, 0x03, 0xFC, 0x03, 0xFC, 0x03, 0xFC, 0x03, 0x04, 0x02, 0x02, 0x04, 0xFE, 0x07, 0x00, 0x00};
static const uint8_t emoji_1F4BC[] = {0x00, 0x00, 0x00, 0x00, 0xE0, 0x00, 0xFE, 0x07, 0xFE, 0x07, 0xFE, 0x07, 0xFE, 0x07, 0xFE, 0x07, 0xFE, 0x07, 0xFE, 0x07, 0xFE, 0x07, 0x00, 0x00};
static const uint8_t emoji_1F4BD[] = {0x00, 0x00, 0xFE, 0x07, 0x06, 0x06, 0x02, 0x04, 0x02, 0x04, 0x62, 0x04, 0x62, 0x04, 0x02, 0x04, 0x02, 0x04, 0x06, 0x06, 0xFE, 0x07, 0x00, 0x00};
static const uint8_t emoji_1F4BE[] = {0x00, 0x00, 0xFE, 0x07, 0xCE, 0x06, 0xCE, 0x06, 0xCE, 0x06, 0xFE, 0x07, 0x06, 0x06, 0x02, 0x04, 0x02, 0x04, 0x02, 0x04, 0xFE, 0x07, 0x00, 0x00};
static const uint8_t emoji_1F4BF[] = {0x00, 0x00, 0xF0, 0x00, 0xFC, 0x03, 0xFC, 0x03, 0xFE, 0x07, 0x9E, 0x07, 0x9E, 0x07, 0xFE, 0x07, 0xFC, 0x03, 0xFC, 0x03, 0xF0, 0x00, 0x00, 0x00};
static const uint8_t emoji_1F4C0[] = {0x00, 0x00, 0xF0, 0x00, 0xFC, 0x03, 0xFC, 0x03, 0xFE, 0x07, 0x9E, 0x07, 0x9E, 0x07, 0xFE, 0x07, 0xFC, 0x03, 0xFC, 0x03, 0xF0, 0x00, 0x00, 0x00};
static const uint8_t emoji_1F4C1[] = {0x00, 0x00, 0x00, 0x00, 0x08, 0x02, 0xFC, 0x03, 0xFC, 0x03, 0xFC, 0x03, 0xFC, 0x03, 0xFC, 0x03, 0xFC, 0x03, 0x7C, 0x00, 0x00, 0x00, 0x00, 0x00};
static const uint8_t emoji_1F4C2[] = {0x00, 0x00, 0x00, 0x00, 0x04, 0x01, 0xFE, 0x01, 0xFE, 0x07, 0xFE, 0x07, 0xFE, 0x03, 0xFE, 0x03, 0xFE, 0x01, 0x3E, 0x00, 0x02, 0x00, 0x00, 0x00};
static const uint8_t emoji_1F4C3[] = {0x00, 0x00, 0xFC, 0x03, 0x04, 0x02, 0x04, 0x02, 0x04, 0x02, 0x04, 0x02, 0x04, 0x02, 0x04, 0x02, 0x04, 0x02, 0x04, 0x04, 0xFC, 0x07, 0x00, 0x00};
static const uint8_t emoji_1F4C4[] = {0x00, 0x00, 0xFC, 0x01, 0xFC, 0x03, 0xFC, 0x03, 0xFC, 0x03, 0xFC, 0x03, 0xFC, 0x03, 0xFC, 0x03, 0xFC, 0x03, 0xFC, 0x03, 0xFC, 0x03, 0x00, 0x00};
static const uint8_t emoji_1F4C5[] = {0x00, 0x00, 0xFA, 0x05, 0x0E, 0x07, 0xFE, 0x07, 0x02, 0x04, 0xC2, 0x04, 0x9A, 0x05, 0x92, 0x04, 0xD2, 0x04, 0xFE, 0x07, 0x00, 0x00, 0x00, 0x00};
static const uint8_t emoji_1F4C6[] = {0x00, 0x00, 0xFE, 0x07, 0x8E, 0x07, 0xFE, 0x07, 0x3E, 0x07, 0xC2, 0x04, 0x9A, 0x05, 0x92, 0x04, 0xD2, 0x04, 0x02, 0x06, 0xFE, 0x07, 0x00, 0x00};
static const uint8_t emoji_1F4C7[] = {0x00, 0x00, 0xF8, 0x01, 0x08, 0x01, 0x18, 0x01, 0x04, 0x02, 0xFE, 0x07, 0x06, 0x06, 0x02, 0x02, 0x02, 0x04, 0xFE, 0x07, 0x06, 0x06, 0x00, 0x00};
static const uint8_t emoji_1F4C8[] = {0x00, 0x00, 0xFE, 0x07, 0x02, 0x06, 0x02, 0x07, 0x02, 0x05, 0x82, 0x04, 0xCA, 0x04, 0x7E, 0x04, 0x36, 0x04, 0x06, 0x04, 0xFE, 0x07, 0x00, 0x00};
static const uint8_t emoji_1F4C9[] = {0x00, 0x00, 0xFE, 0x07, 0x06, 0x04, 0x36, 0x04, 0x7E, 0x04, 0xCA, 0x04, 0x82, 0x04, 0x02, 0x05, 0x02, 0x07, 0x02, 0x06, 0xFE, 0x07, 0x00, 0x00};
static const uint8_t emoji_1F4CA[] = {0x00, 0x00, 0xFE, 0x07, 0x02, 0x07, 0x02, 0x07, 0x02, 0x07, 0x0E, 0x07, 0x0E, 0x07, 0x6E, 0x07, 0x6E, 0x07, 0x6E, 0x07, 0xFE, 0x07, 0x00, 0x00};
static const uint8_t emoji_1F4CB[] = {0x00, 0x00, 0x60, 0x00, 0xFC, 0x03, 0x04, 0x02, 0x04, 0x02, 0x04, 0x02, 0x04, 0x02, 0x04, 0x02, 0x04, 0x02, 0x04, 0x02, 0xFC, 0x03, 0x00, 0x00};
static const uint8_t emoji_1F4CC[] = {0x00, 0x00, 0x80, 0x01, 0xC0, 0x03, 0xC0, 0x07, 0xF8, 0x07, 0xF8, 0x03, 0xF8, 0x00, 0xF0, 0x00, 0xE8, 0x00, 0x04, 0x00, 0x02, 0x00, 0x00, 0x00};
static const uint8_t emoji_1F4CD[] = {0x00, 0x00, 0xF0, 0x00, 0xF0, 0x00, 0xF0, 0x00, 0xF0, 0x00, 0x60, 0x00, 0x00, 0x00, 0x00, 0x00, 0x00, 0x00, 0x00, 0x00, 0x00, 0x00, 0x00, 0x00};
static const uint8_t emoji_1F4CE[] = {0x00, 0x00, 0x1E, 0x00, 0x12, 0x00, 0xE2, 0x00, 0xC6, 0x00, 0x8C, 0x01, 0x18, 0x02, 0xF0, 0x04, 0x20, 0x04, 0x40, 0x04, 0x80, 0x03, 0x00, 0x00};
static const uint8_t emoji_1F4CF[] = {0x00, 0x00, 0x0C, 0x00, 0x1E, 0x00, 0x3E, 0x00, 0x7C, 0x00, 0xF8, 0x00, 0xF0, 0x01, 0xE0, 0x03, 0xC0, 0x07, 0x80, 0x07, 0x00, 0x03, 0x00, 0x00};
static const uint8_t emoji_1F4D0[] = {0x00, 0x00, 0x02, 0x00, 0x06, 0x00, 0x0E, 0x00, 0x1E, 0x00, 0x3E, 0x00, 0x7E, 0x00, 0xE6, 0x00, 0xE6, 0x01, 0xFE, 0x03, 0xFE, 0x07, 0x00, 0x00};
static const uint8_t emoji_1F4D1[] = {0x00, 0x00, 0xFC, 0x03, 0x04, 0x03, 0x04, 0x03, 0x04, 0x04, 0x04, 0x02, 0x04, 0x02, 0x04, 0x02, 0x04, 0x06, 0x04, 0x02, 0xFC, 0x03, 0x00, 0x00};
static const uint8_t emoji_1F4D2[] = {0x00, 0x00, 0xFC, 0x03, 0xFC, 0x03, 0xFC, 0x03, 0xFC, 0x03, 0xFC, 0x03, 0xFC, 0x03, 0xFC, 0x03, 0xFC, 0x03, 0xFC, 0x03, 0xF8, 0x03, 0x00, 0x00};
static const uint8_t emoji_1F4D3[] = {0x00, 0x00, 0xFC, 0x03, 0xDC, 0x03, 0x1C, 0x03, 0xBC, 0x03, 0xFC, 0x03, 0xFC, 0x03, 0xFC, 0x03, 0xFC, 0x03, 0xFC, 0x03, 0xFC, 0x03, 0x00, 0x00};
static const uint8_t emoji_1F4D4[] = {0x00, 0x00, 0xFC, 0x03, 0x0C, 0x02, 0x0C, 0x02, 0x0C, 0x02, 0x0C, 0x02, 0x0C, 0x02, 0x0C, 0x02, 0x0C, 0x02, 0x0C, 0x02, 0xFC, 0x03, 0x00, 0x00};
static const uint8_t emoji_1F4D5[] = {0x00, 0x00, 0xFC, 0x03, 0xFC, 0x03, 0xFC, 0x03, 0xFC, 0x03, 0xFC, 0x03, 0xFC, 0x03, 0xFC, 0x03, 0xFC, 0x03, 0xFC, 0x03, 0xFC, 0x03, 0x00, 0x00};
static const uint8_t emoji_1F4D6[] = {0x00, 0x00, 0x00, 0x00, 0xF8, 0x01, 0x06, 0x06, 0x02, 0x04, 0x02, 0x04, 0x02, 0x04, 0x02, 0x04, 0x9A, 0x05, 0x66, 0x06, 0x00, 0x00, 0x00, 0x00};
static const uint8_t emoji_1F4D7[] = {0x00, 0x00, 0xFC, 0x03, 0x04, 0x02, 0x04, 0x02, 0x04, 0x02, 0x04, 0x02, 0x04, 0x02, 0x04, 0x02, 0x04, 0x02, 0x04, 0x02, 0xFC, 0x03, 0x00, 0x00};
static const uint8_t emoji_1F4D8[] = {0x00, 0x00, 0xFC, 0x03, 0xFC, 0x03, 0xFC, 0x03, 0xFC, 0x03, 0xFC, 0x03, 0xFC, 0x03, 0xFC, 0x03, 0xFC, 0x03, 0xFC, 0x03, 0xFC, 0x03, 0x00, 0x00};
static const uint8_t emoji_1F4D9[] = {0x00, 0x00, 0xFC, 0x03, 0x04, 0x02, 0x04, 0x02, 0x04, 0x02, 0x04, 0x02, 0x04, 0x02, 0x04, 0x02, 0x04, 0x02, 0x04, 0x02, 0xFC, 0x03, 0x00, 0x00};
static const uint8_t emoji_1F4DA[] = {0x00, 0x00, 0x38, 0x00, 0xFE, 0x00, 0xFE, 0x03, 0xF2, 0x07, 0x46, 0x04, 0x9E, 0x03, 0x1E, 0x02, 0x86, 0x05, 0xD8, 0x03, 0xE0, 0x00, 0x00, 0x00};
static const uint8_t emoji_1F4DB[] = {0x00, 0x00, 0x6C, 0x03, 0x6C, 0x03, 0xFE, 0x07, 0xFE, 0x07, 0x02, 0x04, 0x02, 0x04, 0x02, 0x04, 0xFE, 0x07, 0xFC, 0x03, 0xF8, 0x01, 0x00, 0x00};
static const uint8_t emoji_1F4DC[] = {0x00, 0x00, 0xFE, 0x03, 0x06, 0x02, 0x08, 0x02, 0x08, 0x02, 0x08, 0x02, 0x08, 0x02, 0x08, 0x02, 0x08, 0x02, 0x08, 0x04, 0xF8, 0x07, 0x00, 0x00};
static const uint8_t emoji_1F4DD[] = {0x00, 0x00, 0xFE, 0x07, 0x02, 0x06, 0x02, 0x07, 0x82, 0x03, 0x82, 0x01, 0xC2, 0x01, 0xE2, 0x01, 0x42, 0x01, 0x12, 0x01, 0xFE, 0x01, 0x00, 0x00};
static const uint8_t emoji_1F4DE[] = {0x00, 0x00, 0x0E, 0x00, 0x0E, 0x00, 0x0E, 0x00, 0x0E, 0x00, 0x0E, 0x00, 0x1C, 0x00, 0x38, 0x00, 0xF8, 0x07, 0xE0, 0x07, 0xC0, 0x07, 0x00, 0x00};
static const uint8_t emoji_1F4DF[] = {0x00, 0x00, 0x00, 0x00, 0xFC, 0x03, 0xFE, 0x07, 0x02, 0x04, 0x02, 0x04, 0xFE, 0x07, 0xFE, 0x07, 0xFE, 0x07, 0xFC, 0x03, 0x00, 0x00, 0x00, 0x00};
static const uint8_t emoji_1F4E0[] = {0x00, 0x00, 0xF0, 0x01, 0x10, 0x02, 0x10, 0x02, 0xFC, 0x07, 0xFE, 0x07, 0xFE, 0x07, 0xFE, 0x07, 0xFE, 0x07, 0xFE, 0x0F, 0xFE, 0x07, 0x00, 0x00};
static const uint8_t emoji_1F4E1[] = {0x00, 0x00, 0x1E, 0x01, 0x62, 0x01, 0x82, 0x00, 0x04, 0x01, 0x04, 0x02, 0x18, 0x04, 0x70, 0x04, 0xF0, 0x03, 0x68, 0x00, 0xFC, 0x00, 0x00, 0x00};
static const uint8_t emoji_1F4E2[] = {0x00, 0x00, 0x0E, 0x00, 0x1E, 0x00, 0xEE, 0x07, 0x0E, 0x06, 0x0A, 0x06, 0x0E, 0x06, 0x6E, 0x07, 0x9E, 0x03, 0x8E, 0x01, 0x80, 0x01, 0x00, 0x00};
static const uint8_t emoji_1F4E3[] = {0x00, 0x00, 0x08, 0x00, 0x3C, 0x00, 0x6C, 0x00, 0x8E, 0x00, 0x66, 0x01, 0xF6, 0x07, 0xF2, 0x07, 0xFE, 0x07, 0xA0, 0x00, 0x00, 0x00, 0x00, 0x00};
static const uint8_t emoji_1F4E4[] = {0x00, 0x00, 0x60, 0x00, 0xF0, 0x00, 0x60, 0x00, 0x9C, 0x03, 0xFC, 0x03, 0xFE, 0x07, 0xFE, 0x07, 0xF2, 0x04, 0x02, 0x04, 0xFE, 0x07, 0x00, 0x00};
static const uint8_t emoji_1F4E5[] = {0x00, 0x00, 0x60, 0x00, 0xF0, 0x00, 0x60, 0x00, 0x9C, 0x03, 0xFC, 0x03, 0xFE, 0x07, 0xFE, 0x07, 0xF2, 0x04, 0x02, 0x04, 0xFE, 0x07, 0x00, 0x00};
static const uint8_t emoji_1F4E6[] = {0x00, 0x00, 0xF0, 0x00, 0x08, 0x03, 0x06, 0x04, 0x0E, 0x06, 0xDE, 0x06, 0xFE, 0x07, 0xFE, 0x07, 0xFE, 0x07, 0xFC, 0x03, 0xF0, 0x00, 0x00, 0x00};
static const uint8_t emoji_1F4E7[] = {0x00, 0x00, 0x00, 0x00, 0xFE, 0x07, 0x02, 0x04, 0x62, 0x04, 0x72, 0x04, 0x62, 0x04, 0x62, 0x04, 0x02, 0x04, 0xFE, 0x07, 0x00, 0x00, 0x00, 0x00};
static const uint8_t emoji_1F4E8[] = {0x00, 0x00, 0x00, 0x00, 0x00, 0x00, 0xF8, 0x07, 0xF8, 0x07, 0xF8, 0x07, 0xFC, 0x07, 0xFC, 0x03, 0xFC, 0x03, 0x00, 0x00, 0x00, 0x00, 0x00, 0x00};
static const uint8_t emoji_1F4E9[] = {0x00, 0x00, 0x60, 0x00, 0x60, 0x00, 0x60, 0x00, 0x60, 0x00, 0x9E, 0x07, 0x02, 0x04, 0x02, 0x04, 0x02, 0x04, 0x02, 0x04, 0xFE, 0x07, 0x00, 0x00};
static const uint8_t emoji_1F4EA[] = {0x00, 0x00, 0x00, 0x00, 0x00, 0x00, 0xFE, 0x07, 0x3E, 0x07, 0xBE, 0x07, 0xFE, 0x07, 0xFE, 0x07, 0xFE, 0x07, 0xC0, 0x00, 0xC0, 0x00, 0x00, 0x00};
static const uint8_t emoji_1F4EB[] = {0x00, 0x00, 0xC0, 0x01, 0xC0, 0x01, 0xFE, 0x07, 0x3E, 0x07, 0xBE, 0x07, 0xFE, 0x07, 0xFE, 0x07, 0xFE, 0x07, 0xC0, 0x00, 0xC0, 0x00, 0x00, 0x00};
static const uint8_t emoji_1F4EC[] = {0x00, 0x00, 0xC0, 0x01, 0xC0, 0x01, 0xFE, 0x07, 0xBE, 0x07, 0xA2, 0x07, 0xE2, 0x07, 0xE2, 0x07, 0xFE, 0x07, 0xC0, 0x00, 0xC0, 0x00, 0x00, 0x00};
static const uint8_t emoji_1F4ED[] = {0x00, 0x00, 0x00, 0x00, 0x00, 0x00, 0xFE, 0x07, 0x1E, 0x04, 0x1E, 0x05, 0xDE, 0x07, 0xDE, 0x07, 0xFE, 0x07, 0xC0, 0x00, 0xC0, 0x00, 0x00, 0x00};
static const uint8_t emoji_1F4EE[] = {0x00, 0x00, 0xF8, 0x01, 0xFC, 0x03, 0x9C, 0x03, 0x0C, 0x03, 0x0C, 0x03, 0x0C, 0x03, 0xFC, 0x03, 0xFC, 0x03, 0xFC, 0x03, 0x60, 0x00, 0x00, 0x00};
static const uint8_t emoji_1F4EF[] = {0x00, 0x00, 0x00, 0x00, 0x78, 0x00, 0x88, 0x02, 0x84, 0x03, 0x84, 0x04, 0xD8, 0x07, 0x70, 0x00, 0x00, 0x00, 0xC8, 0x00, 0x00, 0x00, 0x00, 0x00};
static const uint8_t emoji_1F4F0[] = {0x00, 0x00, 0x00, 0x00, 0xFE, 0x07, 0xFE, 0x05, 0x22, 0x04, 0x06, 0x04, 0x02, 0x05, 0x3E, 0x04, 0x3E, 0x04, 0xFE, 0x07, 0x00, 0x00, 0x00, 0x00};
static const uint8_t emoji_1F4F1[] = {0x00, 0x00, 0xF8, 0x01, 0x08, 0x01, 0x08, 0x01, 0x08, 0x01, 0x08, 0x01, 0xC8, 0x01, 0xF8, 0x01, 0xF8, 0x01, 0x28, 0x01, 0xF8, 0x01, 0x00, 0x00};
static const uint8_t emoji_1F4F2[] = {0x00, 0x00, 0xC0, 0x07, 0xE0, 0x07, 0xE0, 0x07, 0xE8, 0x07, 0xD6, 0x07, 0xD6, 0x07, 0xE8, 0x07, 0xE0, 0x07, 0xE0, 0x07, 0xC0, 0x07, 0x00, 0x00};
static const uint8_t emoji_1F4F3[] = {0x00, 0x00, 0xF8, 0x01, 0xFA, 0x05, 0xFA, 0x05, 0xFA, 0x05, 0xFA, 0x05, 0xFA, 0x05, 0xFA, 0x05, 0xFA, 0x05, 0xFA, 0x05, 0xF8, 0x01, 0x00, 0x00};
static const uint8_t emoji_1F4F4[] = {0x00, 0x00, 0xFE, 0x07, 0xFE, 0x07, 0xFE, 0x07, 0xFE, 0x07, 0xFE, 0x07, 0xFE, 0x07, 0xFE, 0x07, 0xFE, 0x07, 0xFE, 0x07, 0xFE, 0x07, 0x00, 0x00};
static const uint8_t emoji_1F4F5[] = {0x00, 0x00, 0xF8, 0x01, 0x9C, 0x03, 0x0E, 0x07, 0x7E, 0x07, 0x6E, 0x07, 0x6E, 0x07, 0xEE, 0x07, 0x0E, 0x07, 0x9C, 0x03, 0xF8, 0x01, 0x00, 0x00};
static const uint8_t emoji_1F4F6[] = {0x00, 0x00, 0xFE, 0x07, 0xFE, 0x07, 0xFE, 0x07, 0xFE, 0x07, 0xFE, 0x07, 0xFE, 0x07, 0xFE, 0x07, 0xFE, 0x07, 0xFE, 0x07, 0xFE, 0x07, 0x00, 0x00};
static const uint8_t emoji_1F4F7[] = {0x00, 0x00, 0x00, 0x00, 0x00, 0x00, 0xFE, 0x07, 0x02, 0x06, 0x42, 0x06, 0xFE, 0x07, 0xBE, 0x07, 0xFE, 0x07, 0xFE, 0x07, 0xFE, 0x07, 0x00, 0x00};
static const uint8_t emoji_1F4F8[] = {0x00, 0x00, 0x00, 0x00, 0xA0, 0x00, 0x5E, 0x07, 0x02, 0x06, 0x02, 0x06, 0xFE, 0x07, 0xBE, 0x07, 0xFE, 0x07, 0xFE, 0x07, 0xFE, 0x07, 0x00, 0x00};
static const uint8_t emoji_1F4F9[] = {0x00, 0x00, 0x00, 0x02, 0x00, 0x03, 0x80, 0x03, 0xFE, 0x07, 0xFE, 0x07, 0xFE, 0x07, 0xFE, 0x07, 0xFC, 0x07, 0xFC, 0x07, 0xF8, 0x07, 0x00, 0x00};
static const uint8_t emoji_1F4FA[] = {0x00, 0x00, 0x00, 0x00, 0x00, 0x00, 0x60, 0x00, 0xFE, 0x07, 0x02, 0x07, 0x02, 0x07, 0x02, 0x07, 0x02, 0x07, 0x06, 0x07, 0xFE, 0x07, 0x00, 0x00};
static const uint8_t emoji_1F4FB[] = {0x00, 0x00, 0x00, 0x00, 0x00, 0x00, 0x30, 0x00, 0xCE, 0x07, 0x02, 0x04, 0xE2, 0x07, 0xE2, 0x07, 0x02, 0x04, 0x02, 0x04, 0xFE, 0x07, 0x00, 0x00};
static const uint8_t emoji_1F4FC[] = {0x00, 0x00, 0x00, 0x00, 0x00, 0x00, 0xFE, 0x07, 0xFE, 0x07, 0x06, 0x06, 0x0E, 0x02, 0x9E, 0x07, 0xFE, 0x07, 0x00, 0x00, 0x00, 0x00, 0x00, 0x00};
static const uint8_t emoji_1F4FD[] = {0x00, 0x00, 0x80, 0x03, 0x94, 0x06, 0x5E, 0x07, 0x9A, 0x07, 0xFE, 0x01, 0x0C, 0x01, 0x08, 0x02, 0x08, 0x02, 0x08, 0x01, 0xF8, 0x01, 0x00, 0x00};
static const uint8_t emoji_1F4FF[] = {0x00, 0x00, 0xF0, 0x03, 0x0C, 0x04, 0x04, 0x04, 0x02, 0x04, 0x02, 0x06, 0x02, 0x01, 0x02, 0x01, 0xE6, 0x01, 0x18, 0x01, 0x00, 0x06, 0x00, 0x00};
static const uint8_t emoji_1F500[] = {0x00, 0x00, 0xFE, 0x07, 0xFA, 0x04, 0x32, 0x04, 0x06, 0x04, 0x9E, 0x07, 0xCE, 0x07, 0x06, 0x04, 0x32, 0x04, 0xFA, 0x04, 0xFE, 0x07, 0x00, 0x00};
static const uint8_t emoji_1F501[] = {0x00, 0x00, 0xFE, 0x07, 0x7E, 0x06, 0x06, 0x04, 0x02, 0x04, 0x7A, 0x06, 0xF6, 0x05, 0x02, 0x04, 0x02, 0x06, 0xF6, 0x07, 0xFE, 0x07, 0x00, 0x00};
static const uint8_t emoji_1F502[] = {0x00, 0x00, 0xFE, 0x07, 0x7E, 0x06, 0x06, 0x04, 0x02, 0x04, 0x7A, 0x06, 0xE2, 0x05, 0x4A, 0x04, 0x02, 0x06, 0xC2, 0x07, 0xFE, 0x07, 0x00, 0x00};
static const uint8_t emoji_1F503[] = {0x00, 0x00, 0xFE, 0x07, 0x26, 0x07, 0x42, 0x06, 0x42, 0x06, 0x66, 0x06, 0x66, 0x06, 0x26, 0x04, 0x26, 0x04, 0x4E, 0x06, 0xFE, 0x07, 0x00, 0x00};
static const uint8_t emoji_1F504[] = {0x00, 0x00, 0xFE, 0x07, 0xE6, 0x07, 0x02, 0x06, 0x02, 0x04, 0xE6, 0x05, 0x7A, 0x06, 0x02, 0x04, 0x06, 0x04, 0x7E, 0x06, 0xFE, 0x07, 0x00, 0x00};
static const uint8_t emoji_1F505[] = {0x00, 0x00, 0x00, 0x00, 0x00, 0x00, 0x28, 0x01, 0xF0, 0x00, 0x98, 0x00, 0x9C, 0x00, 0xF0, 0x00, 0x68, 0x01, 0x00, 0x00, 0x00, 0x00, 0x00, 0x00};
static const uint8_t emoji_1F506[] = {0x00, 0x00, 0x60, 0x00, 0x04, 0x02, 0x68, 0x01, 0xF0, 0x00, 0x9A, 0x04, 0x9A, 0x04, 0xF0, 0x00, 0x68, 0x01, 0x04, 0x03, 0x60, 0x00, 0x00, 0x00};
static const uint8_t emoji_1F507[] = {0x00, 0x00, 0xF8, 0x01, 0xFC, 0x03, 0xBE, 0x07, 0x9E, 0x07, 0x2E, 0x07, 0xCE, 0x07, 0x8E, 0x07, 0xBE, 0x07, 0xFC, 0x03, 0xF8, 0x01, 0x00, 0x00};
static const uint8_t emoji_1F508[] = {0x00, 0x00, 0x00, 0x00, 0x00, 0x00, 0x18, 0x00, 0x38, 0x00, 0x78, 0x00, 0xC4, 0x00, 0xC4, 0x01, 0xC2, 0x01, 0x3E, 0x00, 0x0C, 0x00, 0x00, 0x00};
static const uint8_t emoji_1F509[] = {0x00, 0x00, 0x00, 0x00, 0x00, 0x00, 0x98, 0x00, 0x38, 0x01, 0x78, 0x00, 0xC4, 0x00, 0xC4, 0x01, 0xC2, 0x01, 0x3E, 0x00, 0x0C, 0x00, 0x00, 0x00};
static const uint8_t emoji_1F50A[] = {0x00, 0x00, 0x00, 0x00, 0x00, 0x00, 0x18, 0x00, 0x38, 0x00, 0x78, 0x00, 0xC4, 0x00, 0xC4, 0x01, 0xC2, 0x01, 0x3E, 0x00, 0x0C, 0x00, 0x00, 0x00};
static const uint8_t emoji_1F50B[] = {0x00, 0x00, 0xF0, 0x00, 0xF8, 0x01, 0xF8, 0x01, 0xF8, 0x01, 0xF8, 0x01, 0xF8, 0x01, 0xF8, 0x01, 0xF8, 0x01, 0xF8, 0x01, 0xF0, 0x00, 0x00, 0x00};
static const uint8_t emoji_1F50C[] = {0x00, 0x00, 0x18, 0x00, 0x30, 0x00, 0xE2, 0x00, 0xE6, 0x01, 0xFC, 0x01, 0xF8, 0x01, 0xF8, 0x03, 0xE0, 0x03, 0x80, 0x07, 0x00, 0x06, 0x00, 0x00};
static const uint8_t emoji_1F50D[] = {0x00, 0x00, 0x3C, 0x00, 0x42, 0x00, 0x82, 0x00, 0x82, 0x00, 0x82, 0x00, 0x84, 0x00, 0xF8, 0x01, 0x00, 0x03, 0x00, 0x06, 0x00, 0x06, 0x00, 0x00};
static const uint8_t emoji_1F50E[] = {0x00, 0x00, 0xC0, 0x03, 0x20, 0x06, 0x10, 0x04, 0x10, 0x04, 0x10, 0x04, 0x10, 0x02, 0xF8, 0x01, 0x0C, 0x00, 0x06, 0x00, 0x06, 0x00, 0x00, 0x00};
static const uint8_t emoji_1F50F[] = {0x00, 0x00, 0xC0, 0x03, 0x60, 0x06, 0xB0, 0x02, 0xD0, 0x03, 0xF0, 0x02, 0x70, 0x04, 0x38, 0x04, 0xD8, 0x04, 0xCC, 0x04, 0xF6, 0x03, 0x00, 0x00};
static const uint8_t emoji_1F510[] = {0x00, 0x00, 0x38, 0x00, 0x6C, 0x03, 0xC4, 0x05, 0x44, 0x04, 0x7E, 0x04, 0xC2, 0x02, 0xFE, 0x01, 0xFE, 0x01, 0xFE, 0x03, 0xFE, 0x00, 0x00, 0x00};
static const uint8_t emoji_1F511[] = {0x00, 0x00, 0xE0, 0x03, 0x20, 0x05, 0x90, 0x06, 0x10, 0x05, 0x10, 0x04, 0x08, 0x06, 0xE4, 0x01, 0x12, 0x00, 0x0A, 0x00, 0x06, 0x00, 0x00, 0x00};
static const uint8_t emoji_1F512[] = {0x00, 0x00, 0x60, 0x00, 0xF0, 0x00, 0x98, 0x01, 0x98, 0x01, 0x68, 0x01, 0x04, 0x02, 0x68, 0x01, 0x68, 0x01, 0x64, 0x02, 0xF8, 0x01, 0x00, 0x00};
static const uint8_t emoji_1F513[] = {0x00, 0x00, 0xF0, 0x00, 0x90, 0x00, 0x98, 0x01, 0x18, 0x00, 0xE8, 0x01, 0x04, 0x02, 0x68, 0x01, 0x68, 0x01, 0x64, 0x02, 0xF8, 0x01, 0x00, 0x00};
static const uint8_t emoji_1F514[] = {0x00, 0x00, 0x60, 0x00, 0x90, 0x00, 0x08, 0x01, 0x08, 0x01, 0x08, 0x01, 0x04, 0x02, 0x04, 0x02, 0x04, 0x02, 0xFE, 0x07, 0xFE, 0x07, 0x00, 0x00};
static const uint8_t emoji_1F515[] = {0x00, 0x00, 0xF8, 0x01, 0xFC, 0x03, 0x9E, 0x07, 0x1E, 0x07, 0x2E, 0x07, 0x4E, 0x07, 0x86, 0x06, 0xFE, 0x07, 0xFC, 0x03, 0xF8, 0x01, 0x00, 0x00};
static const uint8_t emoji_1F516[] = {0x00, 0x00, 0x04, 0x00, 0x34, 0x00, 0x3C, 0x00, 0x7C, 0x00, 0xFC, 0x00, 0x38, 0x01, 0x30, 0x07, 0xE0, 0x03, 0xC0, 0x01, 0x80, 0x01, 0x00, 0x00};
static const uint8_t emoji_1F517[] = {0x00, 0x00, 0x80, 0x03, 0x40, 0x06, 0x20, 0x04, 0x70, 0x04, 0xF8, 0x02, 0xF4, 0x01, 0xE2, 0x00, 0x42, 0x00, 0x26, 0x00, 0x1C, 0x00, 0x00, 0x00};
static const uint8_t emoji_1F518[] = {0x00, 0x00, 0xF8, 0x01, 0xFC, 0x03, 0x0E, 0x07, 0x06, 0x06, 0x06, 0x06, 0x06, 0x06, 0x06, 0x06, 0x0E, 0x05, 0xFC, 0x02, 0xF8, 0x01, 0x00, 0x00};
static const uint8_t emoji_1F519[] = {0x00, 0x00, 0xFE, 0x07, 0xEE, 0x07, 0x06, 0x04, 0x02, 0x04, 0xE6, 0x07, 0xEE, 0x07, 0xFE, 0x07, 0xAA, 0x04, 0x82, 0x04, 0xFE, 0x07, 0x00, 0x00};
static const uint8_t emoji_1F51A[] = {0x00, 0x00, 0xFE, 0x07, 0xEE, 0x07, 0x06, 0x04, 0x02, 0x04, 0xE6, 0x07, 0xEE, 0x07, 0xFE, 0x07, 0x02, 0x04, 0x12, 0x04, 0xFE, 0x07, 0x00, 0x00};
static const uint8_t emoji_1F51B[] = {0x00, 0x00, 0xFE, 0x07, 0x6E, 0x07, 0x06, 0x04, 0x02, 0x04, 0x66, 0x06, 0x6E, 0x07, 0xFE, 0x07, 0x06, 0x06, 0x06, 0x06, 0xFE, 0x07, 0x00, 0x00};
static const uint8_t emoji_1F51C[] = {0x00, 0x00, 0xFE, 0x07, 0x3E, 0x07, 0x02, 0x06, 0x02, 0x06, 0x3E, 0x07, 0xFE, 0x07, 0xFE, 0x07, 0x42, 0x04, 0x02, 0x04, 0xFE, 0x07, 0x00, 0x00};
static const uint8_t emoji_1F51D[] = {0x00, 0x00, 0xFE, 0x07, 0x9E, 0x07, 0x0E, 0x07, 0x0E, 0x07, 0x9E, 0x07, 0x9E, 0x07, 0xFE, 0x07, 0x16, 0x06, 0x16, 0x06, 0xFE, 0x07, 0x00, 0x00};
static const uint8_t emoji_1F51E[] = {0x00, 0x00, 0xF8, 0x01, 0xFC, 0x03, 0x0E, 0x07, 0x3E, 0x07, 0xCE, 0x06, 0x6E, 0x07, 0xCE, 0x06, 0x0E, 0x07, 0x7C, 0x03, 0xF8, 0x01, 0x00, 0x00};
static const uint8_t emoji_1F51F[] = {0x00, 0x00, 0xFE, 0x07, 0x2A, 0x06, 0x02, 0x06, 0x82, 0x06, 0x86, 0x06, 0x86, 0x06, 0x06, 0x06, 0x06, 0x06, 0xFE, 0x07, 0xFE, 0x07, 0x00, 0x00};
static const uint8_t emoji_1F520[] = {0x00, 0x00, 0xFE, 0x07, 0x66, 0x06, 0x26, 0x06, 0x62, 0x06, 0xFE, 0x07, 0x66, 0x06, 0x32, 0x04, 0x32, 0x04, 0x66, 0x06, 0xFE, 0x07, 0x00, 0x00};
static const uint8_t emoji_1F521[] = {0x00, 0x00, 0xFE, 0x07, 0x26, 0x06, 0x26, 0x04, 0x62, 0x06, 0xFE, 0x07, 0xFE, 0x04, 0x66, 0x04, 0x32, 0x04, 0x66, 0x06, 0xFE, 0x07, 0x00, 0x00};
static const uint8_t emoji_1F522[] = {0x00, 0x00, 0xFE, 0x07, 0x66, 0x06, 0xE6, 0x06, 0x66, 0x06, 0x7E, 0x06, 0xE6, 0x06, 0x66, 0x06, 0x66, 0x04, 0xE6, 0x04, 0xFE, 0x07, 0x00, 0x00};
static const uint8_t emoji_1F523[] = {0x00, 0x00, 0xFE, 0x07, 0xE2, 0x06, 0xE6, 0x06, 0x66, 0x07, 0x7E, 0x07, 0x76, 0x07, 0x26, 0x06, 0x42, 0x04, 0x66, 0x04, 0xFE, 0x07, 0x00, 0x00};
static const uint8_t emoji_1F524[] = {0x00, 0x00, 0xFE, 0x07, 0xFE, 0x07, 0xFE, 0x07, 0xCA, 0x04, 0x02, 0x04, 0x02, 0x04, 0x92, 0x04, 0xFE, 0x07, 0xFE, 0x07, 0xFE, 0x07, 0x00, 0x00};
static const uint8_t emoji_1F525[] = {0x00, 0x00, 0x60, 0x00, 0xE0, 0x00, 0xE0, 0x00, 0xF8, 0x00, 0xBC, 0x00, 0x9C, 0x03, 0x9C, 0x03, 0x0C, 0x03, 0x08, 0x03, 0xF0, 0x01, 0x00, 0x00};
static const uint8_t emoji_1F526[] = {0x00, 0x00, 0x00, 0x07, 0x80, 0x07, 0xC0, 0x07, 0xE0, 0x03, 0xF0, 0x01, 0xFC, 0x00, 0x7A, 0x00, 0x32, 0x00, 0x22, 0x00, 0x1C, 0x00, 0x00, 0x00};
static const uint8_t emoji_1F527[] = {0x00, 0x00, 0x1C, 0x00, 0x30, 0x00, 0x2E, 0x00, 0x36, 0x00, 0x58, 0x00, 0xA0, 0x00, 0x40, 0x01, 0x80, 0x02, 0x00, 0x05, 0x00, 0x07, 0x00, 0x00};
static const uint8_t emoji_1F528[] = {0x00, 0x00, 0x30, 0x00, 0x18, 0x00, 0x14, 0x00, 0x3A, 0x00, 0x64, 0x00, 0xC0, 0x00, 0x80, 0x01, 0x00, 0x03, 0x00, 0x07, 0x00, 0x06, 0x00, 0x00};
static const uint8_t emoji_1F529[] = {0x00, 0x00, 0x38, 0x00, 0x44, 0x00, 0x42, 0x00, 0x72, 0x00, 0xFE, 0x03, 0xFC, 0x02, 0x60, 0x02, 0x20, 0x03, 0xE0, 0x07, 0x00, 0x06, 0x00, 0x00};
static const uint8_t emoji_1F52A[] = {0x00, 0x00, 0x06, 0x00, 0x0E, 0x00, 0x1C, 0x00, 0x38, 0x00, 0x60, 0x00, 0x90, 0x00, 0x10, 0x01, 0x60, 0x01, 0x80, 0x03, 0x00, 0x06, 0x00, 0x00};
static const uint8_t emoji_1F52B[] = {0x00, 0x00, 0x00, 0x00, 0xF8, 0x00, 0x04, 0x03, 0xFC, 0x03, 0xFE, 0x07, 0xFC, 0x03, 0xE0, 0x01, 0x80, 0x01, 0x00, 0x03, 0x00, 0x00, 0x00, 0x00};
static const uint8_t emoji_1F52C[] = {0x00, 0x00, 0x80, 0x00, 0xE0, 0x00, 0xA0, 0x00, 0xD0, 0x00, 0xD0, 0x01, 0xB0, 0x01, 0x88, 0x03, 0xD8, 0x01, 0xEC, 0x01, 0xFC, 0x03, 0x00, 0x00};
static const uint8_t emoji_1F52D[] = {0x00, 0x00, 0x0E, 0x00, 0x3E, 0x00, 0xDC, 0x00, 0xA0, 0x07, 0x60, 0x02, 0x60, 0x00, 0x00, 0x00, 0x00, 0x00, 0x00, 0x00, 0x00, 0x00, 0x00, 0x00};
static const uint8_t emoji_1F52E[] = {0x00, 0x00, 0xF0, 0x00, 0xE8, 0x01, 0x74, 0x02, 0xFC, 0x02, 0xFC, 0x02, 0x3C, 0x03, 0xF8, 0x01, 0x08, 0x01, 0x88, 0x01, 0xF8, 0x01, 0x00, 0x00};
static const uint8_t emoji_1F52F[] = {0x00, 0x00, 0xFE, 0x07, 0x9E, 0x07, 0x0E, 0x07, 0x02, 0x04, 0xF6, 0x06, 0xF6, 0x06, 0x02, 0x04, 0x0E, 0x07, 0x9E, 0x07, 0xFE, 0x07, 0x00, 0x00};
static const uint8_t emoji_1F530[] = {0x00, 0x00, 0x04, 0x02, 0x9C, 0x03, 0xE4, 0x03, 0xC4, 0x03, 0xC4, 0x03, 0xC4, 0x03, 0xC4, 0x03, 0xC4, 0x03, 0xD8, 0x01, 0x60, 0x00, 0x00, 0x00};
static const uint8_t emoji_1F531[] = {0x00, 0x00, 0x04, 0x02, 0x64, 0x02, 0x66, 0x06, 0x64, 0x02, 0x66, 0x06, 0x66, 0x06, 0x6E, 0x07, 0xFC, 0x03, 0xF0, 0x00, 0xE0, 0x00, 0x00, 0x00};
static const uint8_t emoji_1F532[] = {0x00, 0x00, 0xFE, 0x07, 0xFE, 0x07, 0x06, 0x06, 0x06, 0x06, 0x06, 0x06, 0x06, 0x06, 0x06, 0x06, 0x06, 0x06, 0xFE, 0x07, 0xFE, 0x07, 0x00, 0x00};
static const uint8_t emoji_1F533[] = {0x00, 0x00, 0xFE, 0x07, 0x02, 0x04, 0xFA, 0x05, 0xFA, 0x05, 0xFA, 0x05, 0xFA, 0x05, 0xFA, 0x05, 0xFA, 0x05, 0x02, 0x04, 0xFE, 0x07, 0x00, 0x00};
static const uint8_t emoji_1F534[] = {0x00, 0x00, 0xF8, 0x01, 0xFC, 0x03, 0xFE, 0x07, 0xFE, 0x07, 0xFE, 0x07, 0xFE, 0x07, 0xFE, 0x07, 0xFE, 0x07, 0xFC, 0x03, 0xF8, 0x01, 0x00, 0x00};
static const uint8_t emoji_1F535[] = {0x00, 0x00, 0xF8, 0x01, 0x04, 0x02, 0x02, 0x04, 0x02, 0x04, 0x02, 0x04, 0x02, 0x04, 0x02, 0x04, 0x02, 0x04, 0x04, 0x02, 0xF8, 0x01, 0x00, 0x00};
static const uint8_t emoji_1F536[] = {0x00, 0x00, 0x60, 0x00, 0xF0, 0x00, 0xF8, 0x01, 0xFC, 0x03, 0xFE, 0x07, 0xFE, 0x07, 0xFC, 0x03, 0xF8, 0x01, 0xF0, 0x00, 0x60, 0x00, 0x00, 0x00};
static const uint8_t emoji_1F537[] = {0x00, 0x00, 0x60, 0x00, 0xF0, 0x00, 0xF8, 0x01, 0xFC, 0x03, 0xFE, 0x07, 0xFE, 0x07, 0xFC, 0x03, 0xF8, 0x01, 0xF0, 0x00, 0x60, 0x00, 0x00, 0x00};
static const uint8_t emoji_1F538[] = {0x00, 0x00, 0x00, 0x00, 0x00, 0x00, 0x00, 0x00, 0x00, 0x00, 0x70, 0x00, 0xF0, 0x00, 0x60, 0x00, 0x00, 0x00, 0x00, 0x00, 0x00, 0x00, 0x00, 0x00};
static const uint8_t emoji_1F539[] = {0x00, 0x00, 0x00, 0x00, 0x00, 0x00, 0x00, 0x00, 0x60, 0x00, 0xF0, 0x00, 0x70, 0x00, 0x20, 0x00, 0x00, 0x00, 0x00, 0x00, 0x00, 0x00, 0x00, 0x00};
static const uint8_t emoji_1F53A[] = {0x00, 0x00, 0x00, 0x00, 0x00, 0x00, 0x00, 0x00, 0x60, 0x00, 0x60, 0x00, 0xF0, 0x00, 0xF0, 0x01, 0xF0, 0x00, 0x00, 0x00, 0x00, 0x00, 0x00, 0x00};
static const uint8_t emoji_1F53B[] = {0x00, 0x00, 0x00, 0x00, 0x00, 0x00, 0x00, 0x00, 0xF0, 0x01, 0xF0, 0x00, 0x60, 0x00, 0x60, 0x00, 0x00, 0x00, 0x00, 0x00, 0x00, 0x00, 0x00, 0x00};
static const uint8_t emoji_1F53C[] = {0x00, 0x00, 0xFE, 0x07, 0xFE, 0x07, 0xFE, 0x07, 0x9E, 0x07, 0x9E, 0x07, 0x0E, 0x07, 0x06, 0x06, 0x0E, 0x07, 0xFE, 0x07, 0xFE, 0x07, 0x00, 0x00};
static const uint8_t emoji_1F53D[] = {0x00, 0x00, 0xFE, 0x07, 0xFE, 0x07, 0xFE, 0x07, 0x06, 0x06, 0x0E, 0x07, 0x9E, 0x07, 0x9E, 0x07, 0xFE, 0x07, 0xFE, 0x07, 0xFE, 0x07, 0x00, 0x00};
static const uint8_t emoji_1F549[] = {0x00, 0x00, 0xFE, 0x07, 0x7E, 0x07, 0x06, 0x06, 0x52, 0x06, 0x6E, 0x05, 0x86, 0x05, 0xDE, 0x05, 0x5A, 0x04, 0xC2, 0x06, 0xFE, 0x07, 0x00, 0x00};
static const uint8_t emoji_1F54A[] = {0x00, 0x00, 0x00, 0x00, 0x40, 0x06, 0xAE, 0x05, 0x2C, 0x04, 0x14, 0x02, 0x04, 0x01, 0x08, 0x01, 0x08, 0x02, 0x70, 0x01, 0x80, 0x00, 0x00, 0x00};
static const uint8_t emoji_1F54B[] = {0x00, 0x00, 0x00, 0x00, 0xE0, 0x00, 0xDE, 0x07, 0x02, 0x06, 0x02, 0x04, 0xC2, 0x06, 0xC2, 0x07, 0xC2, 0x07, 0xC2, 0x07, 0xFE, 0x07, 0x00, 0x00};
static const uint8_t emoji_1F54C[] = {0x00, 0x00, 0x24, 0x02, 0x64, 0x02, 0x6C, 0x03, 0x94, 0x02, 0xFC, 0x03, 0xF4, 0x03, 0xFA, 0x05, 0x62, 0x04, 0xF2, 0x04, 0xFE, 0x07, 0x00, 0x00};
static const uint8_t emoji_1F54D[] = {0x00, 0x00, 0x0C, 0x03, 0x6C, 0x03, 0x6C, 0x03, 0x94, 0x02, 0x64, 0x02, 0x62, 0x04, 0x62, 0x04, 0x02, 0x04, 0xFA, 0x05, 0xFE, 0x07, 0x00, 0x00};
static const uint8_t emoji_1F54E[] = {0x00, 0x00, 0xFE, 0x07, 0x9A, 0x07, 0x02, 0x04, 0x02, 0x04, 0x02, 0x04, 0x02, 0x04, 0x06, 0x06, 0x9E, 0x07, 0x0E, 0x07, 0xFE, 0x07, 0x00, 0x00};
static const uint8_t emoji_1F550[] = {0x00, 0x00, 0xF8, 0x01, 0x04, 0x02, 0x02, 0x04, 0x42, 0x04, 0x62, 0x04, 0x02, 0x04, 0x02, 0x04, 0x02, 0x04, 0x04, 0x02, 0xF8, 0x01, 0x00, 0x00};
static const uint8_t emoji_1F551[] = {0x00, 0x00, 0xF8, 0x01, 0x04, 0x02, 0x02, 0x04, 0x02, 0x04, 0xE2, 0x04, 0x42, 0x04, 0x02, 0x04, 0x02, 0x04, 0x04, 0x02, 0xF8, 0x01, 0x00, 0x00};
static const uint8_t emoji_1F552[] = {0x00, 0x00, 0xF8, 0x01, 0x04, 0x02, 0x02, 0x04, 0x02, 0x04, 0xE2, 0x04, 0xC2, 0x04, 0x02, 0x04, 0x02, 0x04, 0x04, 0x02, 0xF8, 0x01, 0x00, 0x00};
static const uint8_t emoji_1F553[] = {0x00, 0x00, 0xF8, 0x01, 0x04, 0x02, 0x02, 0x04, 0x02, 0x04, 0x62, 0x04, 0xC2, 0x04, 0x02, 0x04, 0x02, 0x04, 0x04, 0x02, 0xF8, 0x01, 0x00, 0x00};
static const uint8_t emoji_1F554[] = {0x00, 0x00, 0xF8, 0x01, 0x04, 0x02, 0x02, 0x04, 0x02, 0x04, 0x62, 0x04, 0x62, 0x04, 0x42, 0x04, 0x02, 0x04, 0x04, 0x02, 0xF8, 0x01, 0x00, 0x00};
static const uint8_t emoji_1F555[] = {0x00, 0x00, 0xF8, 0x01, 0x04, 0x02, 0x02, 0x04, 0x02, 0x04, 0x62, 0x04, 0x62, 0x04, 0x62, 0x04, 0x02, 0x04, 0x04, 0x02, 0xF8, 0x01, 0x00, 0x00};
static const uint8_t emoji_1F556[] = {0x00, 0x00, 0xF8, 0x01, 0x04, 0x02, 0x02, 0x04, 0x02, 0x04, 0x62, 0x04, 0x62, 0x04, 0x22, 0x04, 0x02, 0x04, 0x04, 0x02, 0xF8, 0x01, 0x00, 0x00};
static const uint8_t emoji_1F557[] = {0x00, 0x00, 0xF8, 0x01, 0x04, 0x02, 0x02, 0x04, 0x02, 0x04, 0x62, 0x04, 0x32, 0x04, 0x02, 0x04, 0x02, 0x04, 0x04, 0x02, 0xF8, 0x01, 0x00, 0x00};
static const uint8_t emoji_1F558[] = {0x00, 0x00, 0xF8, 0x01, 0x04, 0x02, 0x02, 0x04, 0x02, 0x04, 0x72, 0x04, 0x32, 0x04, 0x02, 0x04, 0x02, 0x04, 0x04, 0x02, 0xF8, 0x01, 0x00, 0x00};
static const uint8_t emoji_1F559[] = {0x00, 0x00, 0xF8, 0x01, 0x04, 0x02, 0x02, 0x04, 0x02, 0x04, 0x72, 0x04, 0x22, 0x04, 0x02, 0x04, 0x02, 0x04, 0x04, 0x02, 0xF8, 0x01, 0x00, 0x00};
static const uint8_t emoji_1F55A[] = {0x00, 0x00, 0xF8, 0x01, 0x04, 0x02, 0x02, 0x04, 0x22, 0x04, 0x62, 0x04, 0x02, 0x04, 0x02, 0x04, 0x02, 0x04, 0x04, 0x02, 0xF8, 0x01, 0x00, 0x00};
static const uint8_t emoji_1F55B[] = {0x00, 0x00, 0xF8, 0x01, 0x04, 0x03, 0x62, 0x06, 0x62, 0x04, 0x62, 0x04, 0x62, 0x04, 0x02, 0x04, 0x06, 0x06, 0x0C, 0x03, 0xF8, 0x01, 0x00, 0x00};
static const uint8_t emoji_1F55C[] = {0x00, 0x00, 0xF8, 0x01, 0x04, 0x02, 0x02, 0x04, 0x82, 0x04, 0x62, 0x04, 0x62, 0x04, 0x02, 0x04, 0x02, 0x04, 0x04, 0x02, 0xF8, 0x01, 0x00, 0x00};
static const uint8_t emoji_1F55D[] = {0x00, 0x00, 0xF8, 0x01, 0x04, 0x02, 0x02, 0x04, 0x02, 0x04, 0xC2, 0x04, 0x62, 0x04, 0x02, 0x04, 0x02, 0x04, 0x04, 0x02, 0xF8, 0x01, 0x00, 0x00};
static const uint8_t emoji_1F55E[] = {0x00, 0x00, 0xF8, 0x01, 0x04, 0x02, 0x02, 0x04, 0x02, 0x04, 0x42, 0x04, 0xE2, 0x04, 0x02, 0x04, 0x02, 0x04, 0x04, 0x02, 0xF8, 0x01, 0x00, 0x00};
static const uint8_t emoji_1F55F[] = {0x00, 0x00, 0xF8, 0x01, 0x04, 0x02, 0x02, 0x04, 0x02, 0x04, 0x22, 0x04, 0x62, 0x04, 0xC2, 0x04, 0x02, 0x04, 0x04, 0x02, 0xF8, 0x01, 0x00, 0x00};
static const uint8_t emoji_1F560[] = {0x00, 0x00, 0xF8, 0x01, 0x04, 0x02, 0x02, 0x04, 0x02, 0x04, 0x02, 0x04, 0x62, 0x04, 0x42, 0x04, 0x02, 0x04, 0x04, 0x02, 0xF8, 0x01, 0x00, 0x00};
static const uint8_t emoji_1F561[] = {0x00, 0x00, 0xF8, 0x01, 0x04, 0x02, 0x02, 0x04, 0x02, 0x04, 0x02, 0x04, 0x62, 0x04, 0x62, 0x04, 0x02, 0x04, 0x04, 0x02, 0xF8, 0x01, 0x00, 0x00};
static const uint8_t emoji_1F562[] = {0x00, 0x00, 0xF8, 0x01, 0x04, 0x02, 0x02, 0x04, 0x02, 0x04, 0x42, 0x04, 0x62, 0x04, 0x32, 0x04, 0x02, 0x04, 0x04, 0x02, 0xF8, 0x01, 0x00, 0x00};
static const uint8_t emoji_1F563[] = {0x00, 0x00, 0xF8, 0x01, 0x04, 0x02, 0x02, 0x04, 0x02, 0x04, 0x22, 0x04, 0x72, 0x04, 0x02, 0x04, 0x02, 0x04, 0x04, 0x02, 0xF8, 0x01, 0x00, 0x00};
static const uint8_t emoji_1F564[] = {0x00, 0x00, 0xF8, 0x01, 0x04, 0x02, 0x02, 0x04, 0x02, 0x04, 0x32, 0x04, 0x62, 0x04, 0x02, 0x04, 0x02, 0x04, 0x04, 0x02, 0xF8, 0x01, 0x00, 0x00};
static const uint8_t emoji_1F565[] = {0x00, 0x00, 0xF8, 0x01, 0x04, 0x02, 0x02, 0x04, 0x12, 0x04, 0x62, 0x04, 0x62, 0x04, 0x02, 0x04, 0x02, 0x04, 0x04, 0x02, 0xF8, 0x01, 0x00, 0x00};
static const uint8_t emoji_1F566[] = {0x00, 0x00, 0xF8, 0x01, 0x04, 0x02, 0x02, 0x04, 0x22, 0x04, 0x62, 0x04, 0x62, 0x04, 0x02, 0x04, 0x02, 0x04, 0x04, 0x02, 0xF8, 0x01, 0x00, 0x00};
static const uint8_t emoji_1F567[] = {0x00, 0x00, 0xF8, 0x01, 0x04, 0x02, 0x02, 0x04, 0x42, 0x04, 0x62, 0x04, 0x62, 0x04, 0x02, 0x04, 0x02, 0x04, 0x04, 0x02, 0xF8, 0x01, 0x00, 0x00};
static const uint8_t emoji_1F56F[] = {0x00, 0x00, 0x60, 0x00, 0x60, 0x00, 0x60, 0x00, 0x20, 0x00, 0xD0, 0x00, 0x90, 0x00, 0xB0, 0x00, 0xB0, 0x00, 0xF0, 0x00, 0xF0, 0x00, 0x00, 0x00};
static const uint8_t emoji_1F570[] = {0x00, 0x00, 0x00, 0x00, 0xF0, 0x00, 0x08, 0x01, 0x04, 0x02, 0x04, 0x02, 0x04, 0x02, 0x0C, 0x03, 0xFE, 0x07, 0xFE, 0x07, 0x06, 0x06, 0x00, 0x00};
static const uint8_t emoji_1F573[] = {0x00, 0x00, 0x00, 0x00, 0x00, 0x00, 0x00, 0x00, 0x00, 0x00, 0xF8, 0x01, 0xF6, 0x06, 0xFE, 0x07, 0xFE, 0x07, 0xFC, 0x03, 0x00, 0x00, 0x00, 0x00};
static const uint8_t emoji_1F574[] = {0x00, 0x00, 0x60, 0x00, 0x60, 0x00, 0x60, 0x00, 0xF0, 0x00, 0xF0, 0x00, 0x60, 0x00, 0x60, 0x00, 0x60, 0x00, 0x60, 0x00, 0x00, 0x00, 0x00, 0x00};
static const uint8_t emoji_1F575[] = {0x00, 0x00, 0x7C, 0x00, 0xFC, 0x00, 0x3E, 0x01, 0x0E, 0x01, 0x0A, 0x01, 0x02, 0x01, 0x84, 0x01, 0x44, 0x02, 0xEE, 0x05, 0xFE, 0x07, 0x00, 0x00};
static const uint8_t emoji_1F576[] = {0x00, 0x00, 0x00, 0x00, 0x00, 0x00, 0x00, 0x00, 0x9E, 0x07, 0x7A, 0x07, 0x9E, 0x07, 0x9C, 0x03, 0x00, 0x00, 0x00, 0x00, 0x00, 0x00, 0x00, 0x00};
static const uint8_t emoji_1F577[] = {0x00, 0x00, 0x00, 0x00, 0xE0, 0x00, 0xF0, 0x00, 0xF8, 0x01, 0xFC, 0x03, 0xFC, 0x03, 0xF8, 0x01, 0x68, 0x02, 0x80, 0x00, 0x00, 0x00, 0x00, 0x00};
static const uint8_t emoji_1F578[] = {0x00, 0x00, 0x60, 0x00, 0x00, 0x00, 0x66, 0x06, 0x90, 0x00, 0x60, 0x00, 0x60, 0x00, 0x80, 0x00, 0x26, 0x06, 0x10, 0x00, 0x60, 0x00, 0x00, 0x00};
static const uint8_t emoji_1F579[] = {0x00, 0x00, 0xF0, 0x00, 0x90, 0x00, 0x90, 0x00, 0x60, 0x00, 0x60, 0x00, 0xFC, 0x03, 0xFA, 0x04, 0x0E, 0x07, 0xFC, 0x03, 0xF0, 0x00, 0x00, 0x00};
static const uint8_t emoji_1F57A[] = {0x00, 0x00, 0x68, 0x00, 0x68, 0x00, 0x70, 0x00, 0xF0, 0x00, 0x70, 0x01, 0x90, 0x01, 0x70, 0x00, 0xD8, 0x00, 0x90, 0x00, 0x90, 0x01, 0x00, 0x00};
static const uint8_t emoji_1F587[] = {0x00, 0x00, 0xE0, 0x01, 0x50, 0x00, 0x08, 0x02, 0xEC, 0x03, 0x64, 0x02, 0xE4, 0x06, 0xBA, 0x04, 0x80, 0x00, 0x12, 0x01, 0x0C, 0x06, 0x00, 0x00};
static const uint8_t emoji_1F58A[] = {0x00, 0x00, 0x00, 0x06, 0x00, 0x07, 0x80, 0x03, 0xC0, 0x01, 0xE0, 0x00, 0x70, 0x00, 0x38, 0x00, 0x1C, 0x00, 0x0C, 0x00, 0x02, 0x00, 0x00, 0x00};
static const uint8_t emoji_1F58B[] = {0x00, 0x00, 0x00, 0x06, 0x00, 0x07, 0x80, 0x03, 0xC0, 0x01, 0xE0, 0x00, 0x70, 0x00, 0x38, 0x00, 0x1C, 0x00, 0x0C, 0x00, 0x06, 0x00, 0x00, 0x00};
static const uint8_t emoji_1F58C[] = {0x00, 0x00, 0x00, 0x04, 0x00, 0x07, 0x80, 0x03, 0xC0, 0x01, 0xE0, 0x00, 0x60, 0x00, 0x30, 0x00, 0x1C, 0x00, 0x0A, 0x00, 0x06, 0x00, 0x00, 0x00};
static const uint8_t emoji_1F58D[] = {0x00, 0x00, 0x00, 0x07, 0x80, 0x07, 0xC0, 0x07, 0xE0, 0x03, 0xF0, 0x01, 0xF8, 0x00, 0x7C, 0x00, 0x3C, 0x00, 0x1E, 0x00, 0x06, 0x00, 0x00, 0x00};
static const uint8_t emoji_1F590[] = {0x00, 0x00, 0x40, 0x00, 0xF8, 0x01, 0xF4, 0x01, 0xFC, 0x00, 0xFC, 0x00, 0xFC, 0x07, 0xFC, 0x03, 0xF8, 0x01, 0xF8, 0x01, 0xF0, 0x00, 0x00, 0x00};
static const uint8_t emoji_1F595[] = {0x00, 0x00, 0x20, 0x00, 0x60, 0x00, 0x60, 0x00, 0xF0, 0x00, 0xF8, 0x01, 0xF8, 0x01, 0xF8, 0x01, 0xF8, 0x01, 0xF0, 0x01, 0xF0, 0x00, 0x00, 0x00};
static const uint8_t emoji_1F596[] = {0x00, 0x00, 0xC0, 0x00, 0xC8, 0x00, 0xDC, 0x00, 0xDC, 0x00, 0xFC, 0x00, 0xF8, 0x07, 0xF8, 0x03, 0xF8, 0x01, 0xF8, 0x01, 0xF0, 0x00, 0x00, 0x00};
static const uint8_t emoji_1F5A4[] = {0x00, 0x00, 0x9C, 0x03, 0xFE, 0x07, 0xFE, 0x07, 0xFE, 0x07, 0xFE, 0x07, 0xFC, 0x03, 0xFC, 0x03, 0xF8, 0x01, 0xF0, 0x00, 0x40, 0x00, 0x00, 0x00};
static const uint8_t emoji_1F5A5[] = {0x00, 0x00, 0xFE, 0x07, 0xFE, 0x07, 0xFE, 0x07, 0xFE, 0x07, 0xFE, 0x07, 0xFE, 0x07, 0x60, 0x00, 0x60, 0x00, 0x90, 0x00, 0xFC, 0x03, 0x00, 0x00};
static const uint8_t emoji_1F5A8[] = {0x00, 0x00, 0xF0, 0x00, 0x08, 0x01, 0x08, 0x01, 0xFC, 0x03, 0xFC, 0x03, 0xFA, 0x05, 0xFE, 0x07, 0xFE, 0x07, 0x0E, 0x07, 0xFC, 0x03, 0x00, 0x00};
static const uint8_t emoji_1F5B1[] = {0x00, 0x00, 0xF0, 0x00, 0x68, 0x01, 0x68, 0x01, 0x68, 0x01, 0x68, 0x01, 0x08, 0x01, 0x08, 0x01, 0x08, 0x01, 0x08, 0x01, 0xF0, 0x00, 0x00, 0x00};
static const uint8_t emoji_1F5B2[] = {0x00, 0x00, 0xF0, 0x00, 0x0C, 0x03, 0x0C, 0x03, 0xFA, 0x05, 0xF2, 0x04, 0xF2, 0x04, 0xF4, 0x02, 0xFC, 0x03, 0xF8, 0x01, 0xF0, 0x00, 0x00, 0x00};
static const uint8_t emoji_1F5BC[] = {0x00, 0x00, 0xFE, 0x07, 0x02, 0x04, 0x9A, 0x05, 0x0A, 0x05, 0x0A, 0x05, 0x9A, 0x05, 0xFA, 0x05, 0x1A, 0x04, 0x02, 0x04, 0xFE, 0x07, 0x00, 0x00};
static const uint8_t emoji_1F5C2[] = {0x00, 0x00, 0x00, 0x07, 0xFE, 0x07, 0xFE, 0x07, 0x0E, 0x04, 0x02, 0x04, 0x02, 0x04, 0x02, 0x04, 0x02, 0x04, 0x02, 0x04, 0xFE, 0x07, 0x00, 0x00};
static const uint8_t emoji_1F5C3[] = {0x00, 0x00, 0x00, 0x00, 0xFC, 0x03, 0x02, 0x02, 0x02, 0x04, 0xFE, 0x07, 0xFE, 0x07, 0xFE, 0x07, 0x8E, 0x07, 0xFE, 0x07, 0xFE, 0x07, 0x00, 0x00};
static const uint8_t emoji_1F5C4[] = {0x00, 0x00, 0xFE, 0x07, 0x9E, 0x07, 0x9E, 0x07, 0xFE, 0x07, 0xFE, 0x07, 0xFE, 0x07, 0x9E, 0x07, 0x9E, 0x07, 0xFE, 0x07, 0xFE, 0x07, 0x00, 0x00};
static const uint8_t emoji_1F5D1[] = {0x00, 0x00, 0xFC, 0x03, 0x06, 0x06, 0xFC, 0x03, 0xF0, 0x02, 0x04, 0x02, 0x00, 0x00, 0x08, 0x01, 0xF8, 0x01, 0xF8, 0x01, 0xF8, 0x01, 0x00, 0x00};
static const uint8_t emoji_1F5D2[] = {0x00, 0x00, 0xFC, 0x01, 0xFC, 0x03, 0xFC, 0x03, 0xFC, 0x03, 0xFC, 0x03, 0xFC, 0x03, 0xFC, 0x03, 0xFC, 0x03, 0xFC, 0x03, 0xFC, 0x03, 0x00, 0x00};
static const uint8_t emoji_1F5D3[] = {0x00, 0x00, 0xFC, 0x03, 0xFE, 0x07, 0xFE, 0x07, 0x02, 0x04, 0x02, 0x04, 0x02, 0x04, 0x02, 0x04, 0x02, 0x04, 0x02, 0x04, 0xFE, 0x07, 0x00, 0x00};
static const uint8_t emoji_1F5DC[] = {0x00, 0x00, 0xF8, 0x00, 0xF4, 0x00, 0x94, 0x00, 0x94, 0x00, 0x94, 0x00, 0x94, 0x00, 0x68, 0x01, 0xF0, 0x00, 0x80, 0x02, 0xB0, 0x00, 0x00, 0x00};
static const uint8_t emoji_1F5DD[] = {0x00, 0x00, 0x80, 0x01, 0xC0, 0x02, 0x80, 0x04, 0x80, 0x05, 0x40, 0x07, 0x30, 0x00, 0x18, 0x00, 0x1C, 0x00, 0x1E, 0x00, 0x08, 0x00, 0x00, 0x00};
static const uint8_t emoji_1F5DE[] = {0x00, 0x00, 0x1C, 0x00, 0x2A, 0x00, 0x4E, 0x00, 0x82, 0x00, 0x04, 0x01, 0x08, 0x02, 0x10, 0x07, 0xA0, 0x07, 0xE0, 0x06, 0x00, 0x03, 0x00, 0x00};
static const uint8_t emoji_1F5E1[] = {0x00, 0x00, 0x00, 0x06, 0x40, 0x07, 0x80, 0x03, 0xC0, 0x01, 0xA0, 0x02, 0x50, 0x00, 0x28, 0x00, 0x14, 0x00, 0x0E, 0x00, 0x02, 0x00, 0x00, 0x00};
static const uint8_t emoji_1F5E3[] = {0x00, 0x00, 0x7C, 0x00, 0xFE, 0x00, 0xFE, 0x00, 0xFE, 0x01, 0xFE, 0x01, 0xFE, 0x01, 0xFC, 0x01, 0xF8, 0x01, 0xF8, 0x00, 0x70, 0x00, 0x00, 0x00};
static const uint8_t emoji_1F5E8[] = {0x00, 0x00, 0xF8, 0x01, 0x06, 0x02, 0x02, 0x04, 0x01, 0x04, 0x01, 0x08, 0x01, 0x04, 0x02, 0x04, 0x0C, 0x02, 0xF0, 0x01, 0x00, 0x03, 0x00, 0x00};
static const uint8_t emoji_1F5EF[] = {0x00, 0x00, 0xB4, 0x00, 0x4C, 0x03, 0x02, 0x04, 0x02, 0x04, 0x02, 0x04, 0x04, 0x04, 0x04, 0x02, 0x44, 0x03, 0xBE, 0x00, 0x02, 0x00, 0x00, 0x00};
static const uint8_t emoji_1F5F3[] = {0x00, 0x00, 0xE0, 0x01, 0x18, 0x01, 0x9E, 0x07, 0xFE, 0x07, 0xFE, 0x07, 0xFE, 0x07, 0xFE, 0x07, 0xFE, 0x07, 0xFC, 0x03, 0xF0, 0x00, 0x00, 0x00};
static const uint8_t emoji_1F5FA[] = {0x00, 0x00, 0x00, 0x00, 0xEE, 0x03, 0xF6, 0x07, 0x64, 0x02, 0x74, 0x02, 0x14, 0x02, 0x86, 0x04, 0x06, 0x05, 0xFE, 0x07, 0x00, 0x00, 0x00, 0x00};
static const uint8_t emoji_1F5FB[] = {0x00, 0x00, 0x00, 0x00, 0x00, 0x00, 0x00, 0x00, 0x00, 0x00, 0x60, 0x00, 0x90, 0x00, 0xF8, 0x01, 0xFC, 0x07, 0x02, 0x04, 0xFE, 0x07, 0x00, 0x00};
static const uint8_t emoji_1F5FC[] = {0x00, 0x00, 0x00, 0x00, 0x00, 0x00, 0x60, 0x00, 0x60, 0x00, 0x60, 0x00, 0x60, 0x00, 0x60, 0x00, 0xF0, 0x00, 0xF0, 0x00, 0x48, 0x01, 0x00, 0x00};
static const uint8_t emoji_1F5FD[] = {0x04, 0x00, 0x06, 0x00, 0x06, 0x00, 0x04, 0x00, 0x04, 0x00, 0xCC, 0x00, 0xAC, 0x01, 0x98, 0x00, 0xD8, 0x01, 0x08, 0x01, 0xF8, 0x03, 0x00, 0x00};
static const uint8_t emoji_1F5FE[] = {0x00, 0x00, 0xFE, 0x07, 0xFE, 0x04, 0xFE, 0x07, 0x7E, 0x07, 0x7E, 0x06, 0x7E, 0x07, 0x1E, 0x07, 0x86, 0x07, 0xF2, 0x07, 0xFE, 0x07, 0x00, 0x00};
static const uint8_t emoji_1F5FF[] = {0x00, 0x00, 0xF0, 0x00, 0x78, 0x01, 0xC8, 0x03, 0x28, 0x03, 0x28, 0x03, 0xFC, 0x03, 0xB4, 0x03, 0x9C, 0x01, 0x84, 0x01, 0xFC, 0x01, 0x00, 0x00};
static const uint8_t emoji_1F600[] = {0x00, 0x00, 0xF0, 0x00, 0x0C, 0x03, 0x02, 0x02, 0x9A, 0x04, 0x92, 0x04, 0x02, 0x04, 0x9A, 0x05, 0xFC, 0x03, 0x0C, 0x03, 0xF0, 0x00, 0x00, 0x00};
static const uint8_t emoji_1F601[] = {0x00, 0x00, 0xF0, 0x00, 0x0C, 0x03, 0x02, 0x04, 0x9A, 0x05, 0x9A, 0x05, 0x02, 0x04, 0x02, 0x04, 0x04, 0x02, 0x0C, 0x03, 0xF0, 0x00, 0x00, 0x00};
static const uint8_t emoji_1F602[] = {0x00, 0x00, 0xF0, 0x00, 0x0C, 0x03, 0x02, 0x04, 0x9A, 0x05, 0x02, 0x04, 0x02, 0x04, 0x9A, 0x05, 0xFA, 0x03, 0x0C, 0x03, 0xF0, 0x00, 0x00, 0x00};
static const uint8_t emoji_1F603[] = {0x00, 0x00, 0xF0, 0x00, 0x0C, 0x03, 0x92, 0x04, 0x92, 0x04, 0x92, 0x04, 0x02, 0x04, 0x9A, 0x05, 0xFC, 0x03, 0x0C, 0x03, 0xF0, 0x00, 0x00, 0x00};
static const uint8_t emoji_1F604[] = {0x00, 0x00, 0xF0, 0x00, 0x0C, 0x03, 0x02, 0x04, 0x9A, 0x05, 0x92, 0x04, 0x02, 0x04, 0xFA, 0x05, 0xFC, 0x03, 0x0C, 0x03, 0xF0, 0x00, 0x00, 0x00};
static const uint8_t emoji_1F605[] = {0x00, 0x00, 0xF0, 0x00, 0x0C, 0x07, 0x02, 0x04, 0x9A, 0x05, 0x92, 0x04, 0x02, 0x04, 0xFA, 0x05, 0xFC, 0x03, 0x0C, 0x03, 0xF0, 0x00, 0x00, 0x00};
static const uint8_t emoji_1F606[] = {0x00, 0x00, 0xF0, 0x00, 0x0C, 0x03, 0x02, 0x04, 0x9A, 0x05, 0x9A, 0x05, 0x02, 0x04, 0x9A, 0x05, 0xFC, 0x03, 0x0C, 0x03, 0xF0, 0x00, 0x00, 0x00};
static const uint8_t emoji_1F607[] = {0x00, 0x00, 0xFA, 0x05, 0x06, 0x06, 0x04, 0x02, 0x9A, 0x05, 0x9A, 0x05, 0x02, 0x04, 0xF2, 0x04, 0x64, 0x02, 0x0C, 0x03, 0xF0, 0x00, 0x00, 0x00};
static const uint8_t emoji_1F608[] = {0x00, 0x00, 0x02, 0x04, 0xFE, 0x07, 0xFE, 0x07, 0xFC, 0x03, 0xFE, 0x07, 0xFE, 0x07, 0xFE, 0x03, 0xFC, 0x03, 0xF8, 0x01, 0xF0, 0x00, 0x00, 0x00};
static const uint8_t emoji_1F609[] = {0x00, 0x00, 0xF0, 0x00, 0x0C, 0x03, 0x0A, 0x04, 0x02, 0x04, 0x92, 0x05, 0x02, 0x04, 0xF2, 0x04, 0xF4, 0x02, 0x0C, 0x03, 0xF0, 0x00, 0x00, 0x00};
static const uint8_t emoji_1F60A[] = {0x00, 0x00, 0xF0, 0x00, 0x0C, 0x03, 0x02, 0x04, 0x9A, 0x05, 0x9A, 0x05, 0x02, 0x04, 0x9A, 0x05, 0xF4, 0x02, 0x0C, 0x03, 0xF0, 0x00, 0x00, 0x00};
static const uint8_t emoji_1F60B[] = {0x00, 0x00, 0xF0, 0x00, 0x0C, 0x03, 0x02, 0x04, 0x9A, 0x05, 0x02, 0x04, 0x02, 0x04, 0x0E, 0x06, 0xBC, 0x03, 0xEC, 0x03, 0xF0, 0x03, 0x00, 0x00};
static const uint8_t emoji_1F60C[] = {0x00, 0x00, 0xF0, 0x00, 0x0C, 0x03, 0x0A, 0x05, 0x02, 0x04, 0x9A, 0x05, 0x02, 0x04, 0x02, 0x04, 0x64, 0x02, 0x0C, 0x03, 0xF0, 0x00, 0x00, 0x00};
static const uint8_t emoji_1F60D[] = {0x00, 0x00, 0xF0, 0x00, 0x0C, 0x03, 0x9A, 0x05, 0x9E, 0x07, 0x9E, 0x07, 0x0A, 0x05, 0x62, 0x04, 0xF4, 0x02, 0x6C, 0x03, 0xF0, 0x00, 0x00, 0x00};
static const uint8_t emoji_1F60E[] = {0x00, 0x00, 0xF0, 0x00, 0x0C, 0x03, 0x0A, 0x05, 0xFE, 0x07, 0x9E, 0x07, 0x9E, 0x07, 0xF2, 0x04, 0x64, 0x02, 0x0C, 0x03, 0xF0, 0x00, 0x00, 0x00};
static const uint8_t emoji_1F60F[] = {0x00, 0x00, 0xF0, 0x00, 0x0C, 0x03, 0x0A, 0x05, 0x0E, 0x06, 0x9A, 0x05, 0x12, 0x05, 0x02, 0x04, 0xF4, 0x02, 0x7C, 0x03, 0xF0, 0x00, 0x00, 0x00};
static const uint8_t emoji_1F610[] = {0x00, 0x00, 0xF0, 0x00, 0x0C, 0x03, 0x02, 0x04, 0x92, 0x04, 0x9A, 0x05, 0x02, 0x04, 0xF2, 0x04, 0x04, 0x02, 0x0C, 0x03, 0xF0, 0x00, 0x00, 0x00};
static const uint8_t emoji_1F611[] = {0x00, 0x00, 0xF0, 0x00, 0x0C, 0x03, 0x02, 0x04, 0x02, 0x04, 0x9A, 0x05, 0x02, 0x04, 0xF2, 0x04, 0x04, 0x02, 0x0C, 0x03, 0xF0, 0x00, 0x00, 0x00};
static const uint8_t emoji_1F612[] = {0x00, 0x00, 0xF0, 0x00, 0x0C, 0x03, 0x02, 0x04, 0x06, 0x07, 0x9A, 0x05, 0x02, 0x05, 0x62, 0x04, 0xF4, 0x02, 0x0C, 0x03, 0xF0, 0x00, 0x00, 0x00};
static const uint8_t emoji_1F613[] = {0x00, 0x00, 0xFC, 0x00, 0x04, 0x03, 0x06, 0x04, 0x0E, 0x04, 0x02, 0x04, 0x9A, 0x05, 0x02, 0x04, 0xF4, 0x02, 0x0C, 0x03, 0xF0, 0x00, 0x00, 0x00};
static const uint8_t emoji_1F614[] = {0x00, 0x00, 0xF0, 0x00, 0x0C, 0x03, 0x02, 0x04, 0x0A, 0x05, 0x02, 0x04, 0x9A, 0x05, 0x02, 0x04, 0x64, 0x02, 0x0C, 0x03, 0xF0, 0x00, 0x00, 0x00};
static const uint8_t emoji_1F615[] = {0x00, 0x00, 0xF0, 0x00, 0x0C, 0x03, 0x02, 0x04, 0x9A, 0x04, 0x92, 0x04, 0x02, 0x04, 0xF2, 0x04, 0x04, 0x02, 0x0C, 0x03, 0xF0, 0x00, 0x00, 0x00};
static const uint8_t emoji_1F616[] = {0x00, 0x00, 0xF0, 0x00, 0x0C, 0x03, 0x02, 0x04, 0x02, 0x04, 0x9A, 0x05, 0x9A, 0x05, 0x02, 0x04, 0xF4, 0x02, 0x0C, 0x03, 0xF0, 0x00, 0x00, 0x00};
static const uint8_t emoji_1F617[] = {0x00, 0x00, 0xF0, 0x00, 0x0C, 0x03, 0x02, 0x04, 0x9A, 0x04, 0x92, 0x04, 0x42, 0x04, 0x42, 0x04, 0x44, 0x02, 0x0C, 0x03, 0xF0, 0x00, 0x00, 0x00};
static const uint8_t emoji_1F618[] = {0x00, 0x00, 0xF0, 0x00, 0x0C, 0x03, 0x0A, 0x04, 0x9A, 0x05, 0x92, 0x05, 0x42, 0x07, 0x42, 0x07, 0x44, 0x07, 0x0C, 0x03, 0xF0, 0x00, 0x00, 0x00};
static const uint8_t emoji_1F619[] = {0x00, 0x00, 0xF0, 0x00, 0x0C, 0x03, 0x02, 0x04, 0x9A, 0x05, 0x9A, 0x05, 0x42, 0x04, 0x42, 0x04, 0x44, 0x02, 0x0C, 0x03, 0xF0, 0x00, 0x00, 0x00};
static const uint8_t emoji_1F61A[] = {0x00, 0x00, 0xF0, 0x00, 0x0C, 0x03, 0x0A, 0x05, 0x9A, 0x05, 0x9A, 0x05, 0x42, 0x04, 0x42, 0x04, 0x44, 0x02, 0x0C, 0x03, 0xF0, 0x00, 0x00, 0x00};
static const uint8_t emoji_1F61B[] = {0x00, 0x00, 0xF0, 0x00, 0x0C, 0x03, 0x02, 0x04, 0x92, 0x04, 0x9A, 0x04, 0x02, 0x04, 0xFE, 0x05, 0xFC, 0x03, 0xFC, 0x03, 0xF0, 0x00, 0x00, 0x00};
static const uint8_t emoji_1F61C[] = {0x00, 0x00, 0xF0, 0x00, 0x0C, 0x03, 0x02, 0x04, 0x8A, 0x04, 0x9A, 0x04, 0x02, 0x04, 0xFE, 0x05, 0xFC, 0x03, 0xFC, 0x03, 0xF0, 0x00, 0x00, 0x00};
static const uint8_t emoji_1F61D[] = {0x00, 0x00, 0xF0, 0x00, 0x0C, 0x03, 0x02, 0x04, 0x0A, 0x05, 0x9A, 0x05, 0x02, 0x04, 0xFA, 0x05, 0xFC, 0x03, 0xFC, 0x03, 0xF0, 0x00, 0x00, 0x00};
static const uint8_t emoji_1F61E[] = {0x00, 0x00, 0xF0, 0x00, 0x0C, 0x03, 0x02, 0x04, 0x02, 0x04, 0x02, 0x04, 0x9A, 0x05, 0x0A, 0x05, 0xF4, 0x02, 0x0C, 0x03, 0xF0, 0x00, 0x00, 0x00};
static const uint8_t emoji_1F61F[] = {0x00, 0x00, 0xF0, 0x00, 0x0C, 0x03, 0x0A, 0x05, 0x02, 0x04, 0x9A, 0x04, 0x02, 0x04, 0x62, 0x04, 0xF4, 0x02, 0x0C, 0x03, 0xF0, 0x00, 0x00, 0x00};
static const uint8_t emoji_1F620[] = {0x00, 0x00, 0xF0, 0x00, 0x0C, 0x03, 0x02, 0x04, 0x02, 0x04, 0x02, 0x04, 0x92, 0x04, 0x92, 0x04, 0x64, 0x02, 0x0C, 0x03, 0xF0, 0x00, 0x00, 0x00};
static const uint8_t emoji_1F621[] = {0x00, 0x00, 0xF0, 0x00, 0x0C, 0x03, 0x02, 0x04, 0x02, 0x04, 0x02, 0x05, 0xB2, 0x04, 0x92, 0x04, 0xF4, 0x02, 0x9C, 0x03, 0xF0, 0x00, 0x00, 0x00};
static const uint8_t emoji_1F622[] = {0x00, 0x00, 0xF0, 0x00, 0x0C, 0x03, 0x0A, 0x05, 0x9A, 0x05, 0x9A, 0x05, 0x02, 0x04, 0x6A, 0x04, 0xFC, 0x02, 0x0C, 0x03, 0xF0, 0x00, 0x00, 0x00};
static const uint8_t emoji_1F623[] = {0x00, 0x00, 0xF0, 0x00, 0x0C, 0x03, 0x02, 0x04, 0x0A, 0x05, 0x92, 0x04, 0x9A, 0x05, 0x02, 0x04, 0xF4, 0x02, 0x0C, 0x03, 0xF0, 0x00, 0x00, 0x00};
static const uint8_t emoji_1F624[] = {0x00, 0x00, 0xF0, 0x00, 0x9C, 0x03, 0xB2, 0x04, 0x9A, 0x05, 0xDA, 0x05, 0x02, 0x04, 0xF2, 0x04, 0x92, 0x04, 0x0E, 0x07, 0xF0, 0x00, 0x00, 0x00};
static const uint8_t emoji_1F625[] = {0x00, 0x00, 0xF0, 0x00, 0x0C, 0x03, 0x0A, 0x05, 0x02, 0x04, 0x92, 0x04, 0x92, 0x04, 0x02, 0x04, 0x62, 0x02, 0x0E, 0x03, 0xF0, 0x00, 0x00, 0x00};
static const uint8_t emoji_1F626[] = {0x00, 0x00, 0xF0, 0x00, 0x0C, 0x03, 0x02, 0x04, 0x02, 0x04, 0x92, 0x04, 0x02, 0x04, 0x62, 0x04, 0xF4, 0x02, 0x0C, 0x03, 0xF0, 0x00, 0x00, 0x00};
static const uint8_t emoji_1F627[] = {0x00, 0x00, 0xF0, 0x00, 0x0C, 0x03, 0x02, 0x04, 0x02, 0x04, 0x92, 0x04, 0x02, 0x04, 0x02, 0x04, 0xF4, 0x02, 0x0C, 0x03, 0xF0, 0x00, 0x00, 0x00};
static const uint8_t emoji_1F628[] = {0x00, 0x00, 0xF0, 0x00, 0x0C, 0x03, 0x02, 0x04, 0x02, 0x04, 0x92, 0x04, 0x02, 0x04, 0x02, 0x04, 0xF4, 0x02, 0x0C, 0x03, 0xF0, 0x00, 0x00, 0x00};
static const uint8_t emoji_1F629[] = {0x00, 0x00, 0xF0, 0x00, 0x0C, 0x03, 0x02, 0x04, 0x92, 0x04, 0x9A, 0x05, 0x02, 0x04, 0xF2, 0x04, 0xFC, 0x03, 0x0C, 0x03, 0xF0, 0x00, 0x00, 0x00};
static const uint8_t emoji_1F62A[] = {0x00, 0x00, 0xF0, 0x00, 0x0C, 0x03, 0x02, 0x04, 0x02, 0x04, 0x9A, 0x05, 0x02, 0x04, 0x02, 0x04, 0x64, 0x04, 0x0C, 0x03, 0xF0, 0x00, 0x00, 0x00};
static const uint8_t emoji_1F62B[] = {0x00, 0x00, 0xF0, 0x00, 0x0C, 0x03, 0x02, 0x04, 0x9A, 0x05, 0x9A, 0x05, 0x02, 0x04, 0xF2, 0x04, 0xFC, 0x03, 0x0C, 0x03, 0xF0, 0x00, 0x00, 0x00};
static const uint8_t emoji_1F62C[] = {0x00, 0x00, 0xF0, 0x00, 0x0C, 0x03, 0x02, 0x04, 0x9A, 0x04, 0x92, 0x04, 0x02, 0x04, 0x02, 0x04, 0x04, 0x02, 0x0C, 0x03, 0xF0, 0x00, 0x00, 0x00};
static const uint8_t emoji_1F62D[] = {0x00, 0x00, 0xF0, 0x00, 0x0C, 0x03, 0x02, 0x04, 0x0E, 0x07, 0x9A, 0x05, 0x02, 0x04, 0x02, 0x04, 0x64, 0x02, 0x64, 0x02, 0xFC, 0x03, 0x00, 0x00};
static const uint8_t emoji_1F62E[] = {0x00, 0x00, 0xF0, 0x00, 0x0C, 0x03, 0x02, 0x04, 0x92, 0x04, 0x92, 0x04, 0x02, 0x04, 0xF2, 0x04, 0xF4, 0x02, 0x0C, 0x03, 0xF0, 0x00, 0x00, 0x00};
static const uint8_t emoji_1F62F[] = {0x00, 0x00, 0xF0, 0x00, 0x0C, 0x03, 0x02, 0x04, 0x02, 0x04, 0x9A, 0x05, 0x02, 0x04, 0x62, 0x04, 0x64, 0x02, 0x6C, 0x03, 0xF0, 0x00, 0x00, 0x00};
static const uint8_t emoji_1F630[] = {0x00, 0x00, 0xF0, 0x00, 0x0C, 0x03, 0x02, 0x04, 0x02, 0x04, 0x92, 0x04, 0x02, 0x04, 0x02, 0x04, 0xF2, 0x02, 0x0E, 0x03, 0xF0, 0x00, 0x00, 0x00};
static const uint8_t emoji_1F631[] = {0x00, 0x00, 0xF0, 0x00, 0xFC, 0x03, 0x02, 0x04, 0x02, 0x04, 0x02, 0x04, 0x02, 0x04, 0x62, 0x04, 0x62, 0x04, 0x62, 0x04, 0xFC, 0x03, 0x00, 0x00};
static const uint8_t emoji_1F632[] = {0x00, 0x00, 0xF0, 0x00, 0x0C, 0x03, 0x02, 0x04, 0x92, 0x04, 0x92, 0x04, 0x02, 0x04, 0x02, 0x04, 0x64, 0x02, 0x6C, 0x03, 0xF0, 0x00, 0x00, 0x00};
static const uint8_t emoji_1F633[] = {0x00, 0x00, 0xF0, 0x00, 0x9C, 0x03, 0x02, 0x04, 0x02, 0x04, 0x9A, 0x05, 0x02, 0x04, 0x06, 0x07, 0x64, 0x03, 0x6C, 0x03, 0xF0, 0x00, 0x00, 0x00};
static const uint8_t emoji_1F634[] = {0x00, 0x00, 0xF0, 0x05, 0x0C, 0x06, 0x02, 0x02, 0x02, 0x04, 0x9A, 0x05, 0x02, 0x04, 0x62, 0x04, 0x64, 0x02, 0x0C, 0x03, 0xF0, 0x00, 0x00, 0x00};
static const uint8_t emoji_1F635[] = {0x00, 0x00, 0xF0, 0x00, 0x0C, 0x03, 0x02, 0x04, 0x02, 0x04, 0x9A, 0x05, 0x02, 0x04, 0x62, 0x04, 0xF4, 0x02, 0x6C, 0x03, 0xF0, 0x00, 0x00, 0x00};
static const uint8_t emoji_1F636[] = {0x00, 0x00, 0xF0, 0x00, 0x0C, 0x03, 0x02, 0x04, 0x92, 0x04, 0x92, 0x04, 0x02, 0x04, 0x02, 0x04, 0x04, 0x02, 0x0C, 0x03, 0xF0, 0x00, 0x00, 0x00};
static const uint8_t emoji_1F637[] = {0x00, 0x00, 0xF0, 0x00, 0x0C, 0x03, 0x02, 0x04, 0x9A, 0x05, 0x9A, 0x05, 0x02, 0x04, 0x02, 0x04, 0x04, 0x02, 0x0C, 0x03, 0xF0, 0x00, 0x00, 0x00};
static const uint8_t emoji_1F638[] = {0x00, 0x00, 0x04, 0x02, 0x0A, 0x05, 0xF2, 0x04, 0x04, 0x02, 0x9C, 0x03, 0xFA, 0x05, 0x62, 0x04, 0xFC, 0x03, 0x98, 0x01, 0x60, 0x00, 0x00, 0x00};
static const uint8_t emoji_1F639[] = {0x00, 0x00, 0x04, 0x02, 0x0A, 0x05, 0xF2, 0x04, 0x04, 0x02, 0x9C, 0x03, 0xFA, 0x05, 0x66, 0x06, 0xFE, 0x07, 0x98, 0x01, 0x60, 0x00, 0x00, 0x00};
static const uint8_t emoji_1F63A[] = {0x00, 0x00, 0x04, 0x02, 0x0A, 0x05, 0xF2, 0x04, 0x04, 0x02, 0x9C, 0x03, 0x9A, 0x05, 0x62, 0x04, 0xF4, 0x02, 0x98, 0x01, 0x60, 0x00, 0x00, 0x00};
static const uint8_t emoji_1F63B[] = {0x00, 0x00, 0x04, 0x02, 0x0A, 0x05, 0xF2, 0x04, 0xBC, 0x03, 0x9C, 0x03, 0x9A, 0x05, 0x62, 0x04, 0xF4, 0x02, 0x98, 0x01, 0x60, 0x00, 0x00, 0x00};
static const uint8_t emoji_1F63C[] = {0x00, 0x00, 0x04, 0x02, 0x0A, 0x05, 0xF2, 0x04, 0x04, 0x02, 0x9C, 0x03, 0x9A, 0x05, 0x62, 0x04, 0xE4, 0x02, 0x98, 0x01, 0x60, 0x00, 0x00, 0x00};
static const uint8_t emoji_1F63D[] = {0x00, 0x00, 0x04, 0x02, 0x0A, 0x05, 0xF2, 0x04, 0x04, 0x02, 0x9C, 0x03, 0xFA, 0x05, 0x62, 0x04, 0xC4, 0x02, 0xD8, 0x01, 0x60, 0x00, 0x00, 0x00};
static const uint8_t emoji_1F63E[] = {0x00, 0x00, 0x04, 0x02, 0x0C, 0x03, 0xF4, 0x02, 0x04, 0x02, 0x0C, 0x03, 0x9A, 0x05, 0x62, 0x04, 0x64, 0x02, 0x98, 0x01, 0x60, 0x00, 0x00, 0x00};
static const uint8_t emoji_1F63F[] = {0x00, 0x00, 0x00, 0x00, 0x0E, 0x07, 0xF2, 0x04, 0x04, 0x02, 0x9C, 0x03, 0xFA, 0x05, 0x6A, 0x04, 0x6C, 0x02, 0x98, 0x01, 0x60, 0x00, 0x00, 0x00};
static const uint8_t emoji_1F640[] = {0x00, 0x00, 0x0C, 0x03, 0x0C, 0x03, 0xF4, 0x02, 0x04, 0x02, 0x04, 0x02, 0x62, 0x04, 0x02, 0x04, 0x64, 0x02, 0x68, 0x01, 0xFC, 0x03, 0x00, 0x00};
static const uint8_t emoji_1F641[] = {0x00, 0x00, 0xF0, 0x00, 0x0C, 0x03, 0x02, 0x04, 0x9A, 0x04, 0x92, 0x04, 0x02, 0x04, 0xF2, 0x04, 0x04, 0x02, 0x0C, 0x03, 0xF0, 0x00, 0x00, 0x00};
static const uint8_t emoji_1F642[] = {0x00, 0x00, 0xF0, 0x00, 0x0C, 0x03, 0x02, 0x04, 0x9A, 0x05, 0x92, 0x04, 0x02, 0x04, 0xF2, 0x04, 0x64, 0x02, 0x0C, 0x03, 0xF0, 0x00, 0x00, 0x00};
static const uint8_t emoji_1F643[] = {0x00, 0x00, 0xF0, 0x00, 0x0C, 0x03, 0x62, 0x04, 0x02, 0x04, 0x02, 0x04, 0x92, 0x04, 0x92, 0x04, 0x04, 0x02, 0x0C, 0x03, 0xF0, 0x00, 0x00, 0x00};
static const uint8_t emoji_1F644[] = {0x00, 0x00, 0xF0, 0x00, 0x0C, 0x03, 0x9A, 0x05, 0x9A, 0x05, 0x02, 0x04, 0x02, 0x04, 0x02, 0x04, 0xF4, 0x02, 0x6C, 0x03, 0xF0, 0x00, 0x00, 0x00};
static const uint8_t emoji_1F645[] = {0x00, 0x00, 0xF8, 0x00, 0xF8, 0x01, 0x1C, 0x01, 0x04, 0x01, 0x02, 0x06, 0x04, 0x02, 0x08, 0x01, 0x08, 0x01, 0x34, 0x02, 0xFC, 0x03, 0x00, 0x00};
static const uint8_t emoji_1F646[] = {0x00, 0x00, 0xF8, 0x01, 0xF4, 0x02, 0x3C, 0x03, 0x0A, 0x04, 0x02, 0x04, 0x02, 0x04, 0x0A, 0x05, 0x96, 0x06, 0x0A, 0x05, 0xFE, 0x07, 0x00, 0x00};
static const uint8_t emoji_1F647[] = {0x00, 0x00, 0x00, 0x00, 0xF0, 0x00, 0xF8, 0x01, 0xFC, 0x03, 0x1C, 0x03, 0x04, 0x02, 0x08, 0x01, 0x04, 0x02, 0x92, 0x04, 0xFE, 0x07, 0x00, 0x00};
static const uint8_t emoji_1F648[] = {0x00, 0x00, 0x00, 0x00, 0xF0, 0x00, 0xF8, 0x01, 0xFC, 0x03, 0xFE, 0x07, 0xFE, 0x07, 0xFE, 0x07, 0xFE, 0x07, 0x6E, 0x07, 0x00, 0x00, 0x00, 0x00};
static const uint8_t emoji_1F649[] = {0x00, 0x00, 0x00, 0x00, 0xF0, 0x00, 0x68, 0x01, 0x04, 0x02, 0x96, 0x06, 0x66, 0x06, 0x66, 0x06, 0xFF, 0x0F, 0x06, 0x06, 0x00, 0x00, 0x00, 0x00};
static const uint8_t emoji_1F64A[] = {0x00, 0x00, 0x00, 0x00, 0xF0, 0x00, 0x68, 0x01, 0x04, 0x02, 0x96, 0x04, 0x62, 0x04, 0xF4, 0x02, 0xF8, 0x01, 0xFC, 0x03, 0x0C, 0x02, 0x00, 0x00};
static const uint8_t emoji_1F64B[] = {0x00, 0x00, 0xFC, 0x00, 0xF2, 0x01, 0x32, 0x03, 0x0A, 0x02, 0x02, 0x02, 0x02, 0x02, 0x0A, 0x01, 0x8A, 0x00, 0x02, 0x01, 0xFE, 0x03, 0x00, 0x00};
static const uint8_t emoji_1F64C[] = {0x00, 0x00, 0x00, 0x00, 0x00, 0x00, 0x0C, 0x03, 0x0E, 0x07, 0x0E, 0x07, 0xFE, 0x07, 0x9E, 0x07, 0x0C, 0x03, 0x0C, 0x03, 0x0C, 0x03, 0x00, 0x00};
static const uint8_t emoji_1F64D[] = {0x00, 0x00, 0x40, 0x00, 0xF8, 0x01, 0xFC, 0x03, 0x1C, 0x03, 0x04, 0x02, 0x04, 0x02, 0x08, 0x01, 0x08, 0x01, 0x04, 0x02, 0xFC, 0x03, 0x00, 0x00};
static const uint8_t emoji_1F64E[] = {0x00, 0x00, 0xF0, 0x00, 0xF8, 0x01, 0x18, 0x01, 0x08, 0x01, 0x08, 0x01, 0x08, 0x01, 0x10, 0x01, 0x08, 0x01, 0x04, 0x02, 0xFC, 0x03, 0x00, 0x00};
static const uint8_t emoji_1F64F[] = {0x00, 0x00, 0x60, 0x00, 0x60, 0x00, 0x60, 0x00, 0x90, 0x00, 0x90, 0x00, 0x90, 0x00, 0x90, 0x00, 0x6C, 0x03, 0x9C, 0x03, 0x08, 0x01, 0x00, 0x00};
static const uint8_t emoji_1F680[] = {0x00, 0x00, 0x00, 0x07, 0x80, 0x07, 0x40, 0x06, 0xA0, 0x02, 0x1C, 0x01, 0x2E, 0x01, 0xD4, 0x00, 0x7C, 0x00, 0x7A, 0x00, 0x24, 0x00, 0x00, 0x00};
static const uint8_t emoji_1F681[] = {0x00, 0x00, 0x00, 0x00, 0x00, 0x00, 0x00, 0x00, 0x30, 0x00, 0x60, 0x04, 0x90, 0x04, 0x3C, 0x07, 0x84, 0x04, 0x7C, 0x00, 0x00, 0x00, 0x00, 0x00};
static const uint8_t emoji_1F682[] = {0x00, 0x00, 0x78, 0x00, 0x1C, 0x00, 0x0C, 0x07, 0x8C, 0x07, 0x8C, 0x05, 0xFC, 0x07, 0x7C, 0x04, 0xFC, 0x07, 0xFC, 0x07, 0xFE, 0x07, 0x00, 0x00};
static const uint8_t emoji_1F683[] = {0x00, 0x00, 0x00, 0x00, 0x00, 0x00, 0xFC, 0x03, 0x02, 0x04, 0x02, 0x04, 0x02, 0x04, 0x02, 0x04, 0x02, 0x04, 0x42, 0x04, 0xBE, 0x07, 0x00, 0x00};
static const uint8_t emoji_1F684[] = {0x00, 0x00, 0x00, 0x06, 0xC0, 0x05, 0xA0, 0x04, 0x10, 0x04, 0x08, 0x04, 0x04, 0x04, 0xF2, 0x07, 0xFE, 0x07, 0xFC, 0x07, 0xFC, 0x07, 0x00, 0x00};
static const uint8_t emoji_1F685[] = {0x00, 0x00, 0x00, 0x07, 0x80, 0x06, 0x70, 0x04, 0x0C, 0x06, 0x02, 0x06, 0x02, 0x04, 0x02, 0x04, 0xFC, 0x07, 0xFE, 0x07, 0xFE, 0x01, 0x00, 0x00};
static const uint8_t emoji_1F686[] = {0x00, 0x00, 0xF8, 0x01, 0x68, 0x01, 0xF8, 0x01, 0xF8, 0x01, 0xF8, 0x01, 0x08, 0x01, 0xC8, 0x01, 0xE8, 0x01, 0xF8, 0x01, 0xF8, 0x01, 0x00, 0x00};
static const uint8_t emoji_1F687[] = {0x00, 0x00, 0xF8, 0x01, 0x04, 0x02, 0x06, 0x06, 0x06, 0x06, 0x06, 0x06, 0x06, 0x06, 0x02, 0x04, 0x62, 0x04, 0xFC, 0x03, 0xF8, 0x01, 0x00, 0x00};
static const uint8_t emoji_1F688[] = {0x00, 0x00, 0x00, 0x00, 0x00, 0x00, 0xF8, 0x07, 0x4C, 0x04, 0x6A, 0x07, 0x3E, 0x05, 0xF6, 0x07, 0x02, 0x04, 0x02, 0x04, 0xFE, 0x07, 0x00, 0x00};
static const uint8_t emoji_1F689[] = {0x00, 0x00, 0x18, 0x00, 0x7E, 0x00, 0x9A, 0x07, 0x82, 0x07, 0x42, 0x00, 0x7E, 0x00, 0x82, 0x04, 0x82, 0x07, 0x7E, 0x07, 0xFE, 0x07, 0x00, 0x00};
static const uint8_t emoji_1F68A[] = {0x00, 0x00, 0x60, 0x00, 0xF8, 0x01, 0xF8, 0x01, 0x08, 0x01, 0x08, 0x01, 0xF8, 0x01, 0x08, 0x01, 0x08, 0x01, 0xFC, 0x03, 0xFE, 0x07, 0x00, 0x00};
static const uint8_t emoji_1F68B[] = {0x00, 0x00, 0x00, 0x00, 0x00, 0x00, 0xFC, 0x03, 0x02, 0x04, 0x02, 0x04, 0x02, 0x04, 0x02, 0x04, 0x02, 0x04, 0x06, 0x06, 0xF8, 0x01, 0x00, 0x00};
static const uint8_t emoji_1F68C[] = {0x00, 0x00, 0x00, 0x00, 0x00, 0x00, 0x00, 0x00, 0xFC, 0x00, 0xFA, 0x07, 0x02, 0x04, 0xEA, 0x07, 0x0E, 0x04, 0xFE, 0x07, 0x8E, 0x03, 0x00, 0x00};
static const uint8_t emoji_1F68D[] = {0x00, 0x00, 0xF8, 0x01, 0x04, 0x02, 0x02, 0x02, 0x03, 0x02, 0x02, 0x04, 0x04, 0x04, 0x04, 0x04, 0x04, 0x02, 0xFC, 0x03, 0xFC, 0x03, 0x00, 0x00};
static const uint8_t emoji_1F68E[] = {0x00, 0x00, 0x00, 0x00, 0x00, 0x00, 0xEC, 0x00, 0x12, 0x07, 0x02, 0x04, 0x02, 0x04, 0x02, 0x04, 0x02, 0x04, 0xF6, 0x07, 0x0E, 0x07, 0x00, 0x00};
static const uint8_t emoji_1F68F[] = {0x00, 0x00, 0xAC, 0x03, 0x72, 0x05, 0x7E, 0x04, 0xA0, 0x03, 0x50, 0x00, 0x90, 0x00, 0x70, 0x00, 0x90, 0x00, 0x70, 0x00, 0x20, 0x00, 0x00, 0x00};
static const uint8_t emoji_1F690[] = {0x00, 0x00, 0x00, 0x00, 0x00, 0x00, 0xF8, 0x03, 0x08, 0x04, 0x08, 0x04, 0x04, 0x04, 0x02, 0x04, 0x02, 0x04, 0xFE, 0x07, 0x06, 0x03, 0x00, 0x00};
static const uint8_t emoji_1F691[] = {0x00, 0x00, 0x00, 0x00, 0x70, 0x00, 0x90, 0x07, 0x18, 0x05, 0x04, 0x07, 0x04, 0x05, 0xFE, 0x07, 0xFE, 0x07, 0xFE, 0x07, 0x0C, 0x06, 0x00, 0x00};
static const uint8_t emoji_1F692[] = {0x00, 0x00, 0x00, 0x00, 0x00, 0x00, 0xF0, 0x03, 0x1C, 0x02, 0xF2, 0x07, 0xF2, 0x07, 0x7E, 0x04, 0x3E, 0x05, 0xFF, 0x0F, 0x9C, 0x03, 0x00, 0x00};
static const uint8_t emoji_1F693[] = {0x00, 0x00, 0x00, 0x00, 0x00, 0x00, 0x00, 0x00, 0xE0, 0x00, 0xF0, 0x01, 0xFC, 0x03, 0x02, 0x04, 0xBE, 0x07, 0xF6, 0x05, 0x0C, 0x07, 0x00, 0x00};
static const uint8_t emoji_1F694[] = {0x00, 0x00, 0x70, 0x00, 0x88, 0x01, 0x08, 0x01, 0x04, 0x02, 0x02, 0x04, 0x02, 0x04, 0xFA, 0x05, 0xFE, 0x07, 0xFE, 0x03, 0x06, 0x02, 0x00, 0x00};
static const uint8_t emoji_1F695[] = {0x00, 0x00, 0x00, 0x00, 0x00, 0x00, 0x00, 0x00, 0xE0, 0x00, 0x90, 0x03, 0x08, 0x04, 0x06, 0x04, 0xF2, 0x04, 0xFE, 0x07, 0x0C, 0x07, 0x00, 0x00};
static const uint8_t emoji_1F696[] = {0x00, 0x00, 0x60, 0x00, 0x60, 0x00, 0xF8, 0x01, 0x08, 0x02, 0xFE, 0x07, 0x04, 0x02, 0xF2, 0x02, 0xF2, 0x02, 0xFC, 0x03, 0x04, 0x02, 0x00, 0x00};
static const uint8_t emoji_1F697[] = {0x00, 0x00, 0x00, 0x00, 0x00, 0x00, 0x00, 0x00, 0x00, 0x00, 0xF0, 0x03, 0x08, 0x04, 0xFE, 0x07, 0xFE, 0x07, 0xF6, 0x05, 0x0C, 0x07, 0x00, 0x00};
static const uint8_t emoji_1F698[] = {0x00, 0x00, 0x00, 0x00, 0xF8, 0x01, 0x04, 0x02, 0x04, 0x02, 0xFE, 0x07, 0xF4, 0x04, 0xFE, 0x07, 0xFE, 0x07, 0xFE, 0x07, 0xC6, 0x06, 0x00, 0x00};
static const uint8_t emoji_1F699[] = {0x00, 0x00, 0x00, 0x00, 0x00, 0x00, 0x00, 0x00, 0xE0, 0x03, 0x90, 0x02, 0x98, 0x04, 0xFE, 0x07, 0xFE, 0x07, 0xFE, 0x07, 0x0C, 0x03, 0x00, 0x00};
static const uint8_t emoji_1F69A[] = {0x00, 0x00, 0x00, 0x00, 0x00, 0x00, 0xE0, 0x07, 0x20, 0x04, 0x1C, 0x04, 0x02, 0x04, 0x02, 0x04, 0x1E, 0x04, 0xFE, 0x07, 0x0C, 0x03, 0x00, 0x00};
static const uint8_t emoji_1F69B[] = {0x00, 0x00, 0x00, 0x00, 0x00, 0x00, 0xF0, 0x07, 0x1C, 0x04, 0x12, 0x04, 0x12, 0x04, 0x1E, 0x04, 0x1F, 0x04, 0xFF, 0x07, 0xEC, 0x07, 0x00, 0x00};
static const uint8_t emoji_1F69C[] = {0x00, 0x00, 0x00, 0x00, 0x00, 0x00, 0xC0, 0x03, 0x20, 0x02, 0x10, 0x02, 0x3C, 0x07, 0xBC, 0x07, 0xFE, 0x04, 0xF2, 0x04, 0x8C, 0x07, 0x00, 0x00};
static const uint8_t emoji_1F69D[] = {0x00, 0x00, 0xF8, 0x07, 0x04, 0x04, 0x14, 0x04, 0x34, 0x04, 0xFC, 0x07, 0x06, 0x04, 0x0A, 0x04, 0xF2, 0x04, 0x0E, 0x07, 0x0E, 0x07, 0x00, 0x00};
static const uint8_t emoji_1F69E[] = {0x00, 0x00, 0x04, 0x00, 0x3A, 0x01, 0xFE, 0x07, 0xFE, 0x07, 0x02, 0x04, 0x02, 0x04, 0x02, 0x04, 0xFE, 0x07, 0xFE, 0x07, 0xFE, 0x07, 0x00, 0x00};
static const uint8_t emoji_1F69F[] = {0x00, 0x00, 0xFE, 0x07, 0x02, 0x04, 0x9E, 0x07, 0xFA, 0x07, 0x04, 0x02, 0x02, 0x04, 0x02, 0x04, 0x02, 0x04, 0x02, 0x04, 0xFE, 0x07, 0x00, 0x00};
static const uint8_t emoji_1F6A0[] = {0x00, 0x00, 0xF8, 0x00, 0xE0, 0x01, 0x20, 0x00, 0x60, 0x00, 0xF0, 0x00, 0x0E, 0x03, 0xF2, 0x04, 0x2A, 0x05, 0xFA, 0x05, 0xFE, 0x03, 0x00, 0x00};
static const uint8_t emoji_1F6A1[] = {0x00, 0x00, 0xF8, 0x00, 0xE0, 0x01, 0x20, 0x00, 0x20, 0x00, 0x60, 0x00, 0x90, 0x01, 0x08, 0x01, 0x88, 0x01, 0x08, 0x01, 0xF0, 0x01, 0x00, 0x00};
static const uint8_t emoji_1F6A2[] = {0x00, 0x00, 0x20, 0x00, 0x60, 0x01, 0x60, 0x01, 0x98, 0x02, 0x08, 0x02, 0x04, 0x04, 0x02, 0x04, 0xFE, 0x07, 0xFE, 0x07, 0xFC, 0x07, 0x00, 0x00};
static const uint8_t emoji_1F6A3[] = {0x00, 0x00, 0xC0, 0x00, 0xC0, 0x01, 0xC0, 0x00, 0x60, 0x03, 0xE0, 0x02, 0xDE, 0x04, 0xBC, 0x07, 0xDC, 0x03, 0xCC, 0x06, 0x30, 0x01, 0x00, 0x00};
static const uint8_t emoji_1F6A4[] = {0x00, 0x00, 0x00, 0x00, 0x00, 0x00, 0x00, 0x00, 0x00, 0x00, 0x00, 0x00, 0x00, 0x00, 0x7C, 0x04, 0x82, 0x07, 0xFC, 0x07, 0xF0, 0x07, 0x00, 0x00};
static const uint8_t emoji_1F6A5[] = {0x00, 0x00, 0x00, 0x00, 0x00, 0x00, 0xFC, 0x03, 0xFE, 0x07, 0x9A, 0x07, 0x9A, 0x07, 0xFE, 0x07, 0xFC, 0x03, 0x00, 0x00, 0x00, 0x00, 0x00, 0x00};
static const uint8_t emoji_1F6A6[] = {0x00, 0x00, 0xF0, 0x00, 0xD8, 0x01, 0xF8, 0x01, 0xF8, 0x01, 0x98, 0x01, 0x98, 0x01, 0xF8, 0x01, 0xF8, 0x01, 0x98, 0x01, 0xF0, 0x00, 0x00, 0x00};
static const uint8_t emoji_1F6A7[] = {0x00, 0x00, 0x04, 0x02, 0x06, 0x06, 0x06, 0x06, 0xFA, 0x07, 0xD6, 0x06, 0x52, 0x05, 0xAE, 0x06, 0xFE, 0x07, 0x04, 0x02, 0x04, 0x02, 0x00, 0x00};
static const uint8_t emoji_1F6A8[] = {0x00, 0x00, 0xF8, 0x01, 0xF8, 0x01, 0x08, 0x01, 0x08, 0x01, 0x04, 0x02, 0x0C, 0x03, 0xFC, 0x03, 0xFC, 0x03, 0x02, 0x04, 0xFE, 0x07, 0x00, 0x00};
static const uint8_t emoji_1F6A9[] = {0x00, 0x00, 0x3E, 0x06, 0xF6, 0x03, 0xFE, 0x01, 0xFE, 0x00, 0x7E, 0x00, 0x0E, 0x00, 0x02, 0x00, 0x04, 0x00, 0x04, 0x00, 0x04, 0x00, 0x00, 0x00};
static const uint8_t emoji_1F6AA[] = {0x00, 0x00, 0xF8, 0x01, 0xF8, 0x01, 0xF8, 0x01, 0xF8, 0x01, 0xF8, 0x01, 0xF8, 0x01, 0xF8, 0x01, 0xF8, 0x01, 0xF8, 0x01, 0xF8, 0x01, 0x00, 0x00};
static const uint8_t emoji_1F6AB[] = {0x00, 0x00, 0xF8, 0x01, 0x0C, 0x02, 0x0E, 0x06, 0x12, 0x04, 0x22, 0x04, 0x42, 0x04, 0x82, 0x04, 0x06, 0x07, 0x0C, 0x03, 0xF8, 0x01, 0x00, 0x00};
static const uint8_t emoji_1F6AC[] = {0x00, 0x00, 0x00, 0x00, 0x06, 0x00, 0xFC, 0x00, 0xF8, 0x00, 0xC0, 0x00, 0x60, 0x00, 0x00, 0x00, 0x00, 0x00, 0xFE, 0x07, 0xFE, 0x07, 0x00, 0x00};
static const uint8_t emoji_1F6AD[] = {0x00, 0x00, 0xF8, 0x05, 0xFC, 0x03, 0xFE, 0x05, 0xFE, 0x05, 0x06, 0x04, 0x26, 0x06, 0xFE, 0x07, 0xFE, 0x07, 0xFC, 0x03, 0xF8, 0x01, 0x00, 0x00};
static const uint8_t emoji_1F6AE[] = {0x00, 0x00, 0xFE, 0x07, 0x7E, 0x06, 0x7E, 0x07, 0x3E, 0x06, 0x0E, 0x04, 0x7E, 0x04, 0x7E, 0x06, 0x6E, 0x06, 0x6A, 0x06, 0xFE, 0x07, 0x00, 0x00};
static const uint8_t emoji_1F6AF[] = {0x00, 0x00, 0xF8, 0x01, 0xFC, 0x03, 0xBE, 0x07, 0x3E, 0x07, 0x3E, 0x07, 0x7E, 0x07, 0xBE, 0x07, 0x3E, 0x07, 0xFC, 0x03, 0xF8, 0x01, 0x00, 0x00};
static const uint8_t emoji_1F6B0[] = {0x00, 0x00, 0xFE, 0x07, 0x1E, 0x07, 0x3E, 0x05, 0x06, 0x04, 0x36, 0x07, 0xFE, 0x07, 0xEA, 0x07, 0xE2, 0x07, 0xE2, 0x07, 0xFE, 0x07, 0x00, 0x00};
static const uint8_t emoji_1F6B1[] = {0x00, 0x00, 0xF8, 0x01, 0xFC, 0x03, 0x3E, 0x07, 0x3E, 0x06, 0x2E, 0x06, 0xFE, 0x07, 0xD6, 0x07, 0xE6, 0x07, 0xFC, 0x03, 0xF8, 0x01, 0x00, 0x00};
static const uint8_t emoji_1F6B2[] = {0x00, 0x00, 0x00, 0x00, 0x00, 0x00, 0x00, 0x00, 0x10, 0x00, 0x90, 0x00, 0x90, 0x00, 0x98, 0x01, 0xC8, 0x01, 0xC0, 0x01, 0x02, 0x04, 0x00, 0x00};
static const uint8_t emoji_1F6B3[] = {0x00, 0x00, 0xF8, 0x01, 0xF4, 0x03, 0x4A, 0x07, 0x0E, 0x07, 0x06, 0x06, 0x02, 0x04, 0x4A, 0x04, 0xE6, 0x04, 0xFC, 0x03, 0xF8, 0x01, 0x00, 0x00};
static const uint8_t emoji_1F6B4[] = {0x00, 0x00, 0x1C, 0x00, 0x1C, 0x00, 0x78, 0x00, 0xF0, 0x00, 0xEC, 0x00, 0xC4, 0x00, 0x18, 0x01, 0xA0, 0x01, 0xC0, 0x02, 0x00, 0x00, 0x00, 0x00};
static const uint8_t emoji_1F6B5[] = {0x00, 0x00, 0x30, 0x02, 0xB0, 0x05, 0xE0, 0x04, 0xFC, 0x05, 0xC2, 0x05, 0xFA, 0x04, 0xFE, 0x07, 0xFA, 0x05, 0xD2, 0x05, 0xFE, 0x07, 0x00, 0x00};
static const uint8_t emoji_1F6B6[] = {0x00, 0x00, 0x30, 0x00, 0x30, 0x00, 0x20, 0x00, 0x20, 0x00, 0x20, 0x00, 0x20, 0x00, 0x20, 0x00, 0x70, 0x00, 0xD0, 0x00, 0x90, 0x00, 0x00, 0x00};
static const uint8_t emoji_1F6B7[] = {0x00, 0x00, 0xF8, 0x01, 0xFC, 0x03, 0x9E, 0x07, 0x9E, 0x07, 0x0E, 0x07, 0xDE, 0x07, 0x9E, 0x07, 0x5E, 0x07, 0xFC, 0x03, 0xF8, 0x01, 0x00, 0x00};
static const uint8_t emoji_1F6B8[] = {0x00, 0x00, 0x60, 0x00, 0x90, 0x00, 0x48, 0x01, 0xD4, 0x02, 0xFA, 0x04, 0xDA, 0x04, 0xB4, 0x02, 0x28, 0x01, 0x90, 0x00, 0x60, 0x00, 0x00, 0x00};
static const uint8_t emoji_1F6B9[] = {0x00, 0x00, 0xFE, 0x07, 0x9E, 0x07, 0x9E, 0x07, 0x8E, 0x07, 0x0E, 0x07, 0x8E, 0x07, 0x9E, 0x07, 0x9E, 0x07, 0x9E, 0x07, 0xFE, 0x07, 0x00, 0x00};
static const uint8_t emoji_1F6BA[] = {0x00, 0x00, 0xFE, 0x07, 0x9E, 0x07, 0x9E, 0x07, 0x8E, 0x07, 0x0E, 0x07, 0x0E, 0x07, 0x9E, 0x07, 0x9E, 0x07, 0xDE, 0x07, 0xFE, 0x07, 0x00, 0x00};
static const uint8_t emoji_1F6BB[] = {0x00, 0x00, 0xFE, 0x07, 0x72, 0x06, 0x76, 0x06, 0x62, 0x06, 0x02, 0x04, 0x02, 0x04, 0x72, 0x06, 0x72, 0x06, 0x76, 0x06, 0xFE, 0x07, 0x00, 0x00};
static const uint8_t emoji_1F6BC[] = {0x00, 0x00, 0xFE, 0x07, 0x8E, 0x07, 0x9E, 0x07, 0x9A, 0x07, 0x02, 0x06, 0x8E, 0x07, 0x0E, 0x07, 0x26, 0x07, 0x2E, 0x07, 0xFE, 0x07, 0x00, 0x00};
static const uint8_t emoji_1F6BD[] = {0x00, 0x00, 0x80, 0x03, 0x80, 0x03, 0x80, 0x03, 0x80, 0x03, 0x80, 0x03, 0xFC, 0x01, 0xF8, 0x01, 0xF8, 0x00, 0xF0, 0x00, 0xF8, 0x00, 0x00, 0x00};
static const uint8_t emoji_1F6BE[] = {0x00, 0x00, 0xFE, 0x07, 0xFE, 0x07, 0xFE, 0x07, 0x06, 0x04, 0x02, 0x07, 0x42, 0x07, 0x4A, 0x04, 0xFE, 0x07, 0xFE, 0x07, 0xFE, 0x07, 0x00, 0x00};
static const uint8_t emoji_1F6BF[] = {0x00, 0x00, 0x00, 0x04, 0xF0, 0x03, 0x10, 0x02, 0x60, 0x02, 0xC0, 0x02, 0x80, 0x02, 0x00, 0x03, 0x00, 0x00, 0x00, 0x00, 0x00, 0x00, 0x00, 0x00};
static const uint8_t emoji_1F6C0[] = {0x00, 0x00, 0x00, 0x01, 0x00, 0x00, 0x0E, 0x00, 0x0E, 0x00, 0x0E, 0x00, 0x12, 0x04, 0xE4, 0x07, 0x04, 0x04, 0xF4, 0x05, 0x08, 0x02, 0x00, 0x00};
static const uint8_t emoji_1F6C1[] = {0x00, 0x00, 0x00, 0x01, 0x00, 0x00, 0x00, 0x00, 0x00, 0x00, 0x00, 0x00, 0x1E, 0x04, 0xFC, 0x07, 0xFC, 0x07, 0xFC, 0x07, 0x08, 0x02, 0x00, 0x00};
static const uint8_t emoji_1F6C2[] = {0x00, 0x00, 0xFE, 0x07, 0x3E, 0x06, 0x32, 0x06, 0x72, 0x06, 0x32, 0x07, 0x12, 0x04, 0x06, 0x04, 0x7E, 0x04, 0x3E, 0x04, 0xFE, 0x07, 0x00, 0x00};
static const uint8_t emoji_1F6C3[] = {0x00, 0x00, 0xFE, 0x07, 0x3E, 0x06, 0x3E, 0x06, 0x7E, 0x06, 0x3E, 0x07, 0x1A, 0x04, 0x02, 0x04, 0x7A, 0x04, 0x42, 0x04, 0xFE, 0x07, 0x00, 0x00};
static const uint8_t emoji_1F6C4[] = {0x00, 0x00, 0xFE, 0x07, 0xAE, 0x07, 0x0A, 0x04, 0x0A, 0x04, 0x0A, 0x04, 0x0A, 0x04, 0x0A, 0x04, 0xFE, 0x07, 0x7E, 0x05, 0xFE, 0x07, 0x00, 0x00};
static const uint8_t emoji_1F6C5[] = {0x00, 0x00, 0xFE, 0x07, 0xAE, 0x07, 0x9E, 0x07, 0xFE, 0x07, 0x06, 0x06, 0x02, 0x06, 0x02, 0x06, 0x06, 0x06, 0xFE, 0x05, 0xFE, 0x07, 0x00, 0x00};
static const uint8_t emoji_1F6CB[] = {0x00, 0x00, 0x00, 0x03, 0x00, 0x03, 0x00, 0x03, 0x00, 0x00, 0x00, 0x01, 0xFC, 0x03, 0xFE, 0x07, 0xFE, 0x07, 0xFE, 0x07, 0xFE, 0x07, 0x00, 0x00};
static const uint8_t emoji_1F6CC[] = {0x00, 0x00, 0x00, 0x00, 0x00, 0x00, 0x00, 0x00, 0x00, 0x00, 0x02, 0x00, 0x06, 0x00, 0xFE, 0x01, 0xF2, 0x07, 0xFE, 0x07, 0x02, 0x04, 0x00, 0x00};
static const uint8_t emoji_1F6CD[] = {0x00, 0x00, 0x00, 0x00, 0xFC, 0x00, 0x8E, 0x00, 0x86, 0x01, 0xE6, 0x07, 0x66, 0x04, 0x66, 0x04, 0x66, 0x04, 0x76, 0x04, 0xE8, 0x07, 0x00, 0x00};
static const uint8_t emoji_1F6CE[] = {0x00, 0x00, 0x60, 0x00, 0x60, 0x00, 0x90, 0x00, 0x08, 0x01, 0x04, 0x02, 0x04, 0x02, 0x04, 0x02, 0xFE, 0x07, 0xFE, 0x07, 0xF0, 0x00, 0x00, 0x00};
static const uint8_t emoji_1F6CF[] = {0x00, 0x00, 0x00, 0x00, 0x00, 0x00, 0x00, 0x00, 0x00, 0x00, 0x02, 0x00, 0x06, 0x00, 0x06, 0x00, 0xFA, 0x07, 0xFE, 0x07, 0x02, 0x04, 0x00, 0x00};
static const uint8_t emoji_1F6D0[] = {0x00, 0x00, 0xFE, 0x07, 0x02, 0x04, 0x9E, 0x07, 0x9E, 0x07, 0xA6, 0x07, 0x0E, 0x07, 0x3E, 0x07, 0x3E, 0x07, 0x1E, 0x07, 0xFE, 0x07, 0x00, 0x00};
static const uint8_t emoji_1F6D1[] = {0x00, 0x00, 0xF8, 0x01, 0xFC, 0x03, 0xFE, 0x07, 0xFE, 0x07, 0xFE, 0x07, 0xFE, 0x07, 0xFE, 0x07, 0xFE, 0x07, 0xFC, 0x03, 0xF8, 0x01, 0x00, 0x00};
static const uint8_t emoji_1F6D2[] = {0x00, 0x00, 0x00, 0x04, 0x00, 0x02, 0x02, 0x01, 0x00, 0x01, 0x00, 0x00, 0x8E, 0x00, 0xE0, 0x00, 0x00, 0x00, 0xC0, 0x00, 0x86, 0x00, 0x00, 0x00};
static const uint8_t emoji_1F6D5[] = {0x00, 0x00, 0x00, 0x00, 0x60, 0x00, 0x60, 0x00, 0x90, 0x00, 0x08, 0x01, 0x08, 0x01, 0x08, 0x01, 0x08, 0x01, 0xF8, 0x01, 0xFC, 0x03, 0x00, 0x00};
static const uint8_t emoji_1F6D6[] = {0x00, 0x00, 0x00, 0x00, 0xF0, 0x00, 0x08, 0x01, 0x04, 0x02, 0x04, 0x02, 0x02, 0x04, 0xFE, 0x07, 0xFA, 0x04, 0x64, 0x02, 0xFE, 0x07, 0x00, 0x00};
static const uint8_t emoji_1F6D7[] = {0x00, 0x00, 0xFE, 0x07, 0x6E, 0x07, 0x7E, 0x07, 0x02, 0x04, 0xAA, 0x05, 0x02, 0x04, 0x02, 0x04, 0xEA, 0x05, 0x02, 0x04, 0xFE, 0x07, 0x00, 0x00};
static const uint8_t emoji_1F6D8[] = {0x00, 0x00, 0x00, 0x00, 0x00, 0x00, 0x00, 0x01, 0x80, 0x01, 0xD0, 0x03, 0xDC, 0x03, 0xE6, 0x07, 0xEE, 0x07, 0xF6, 0x07, 0xF8, 0x07, 0x00, 0x00};
static const uint8_t emoji_1F6DC[] = {0x00, 0x00, 0xFE, 0x07, 0xFE, 0x07, 0xFE, 0x07, 0xFE, 0x07, 0xFE, 0x07, 0xFE, 0x07, 0xFE, 0x07, 0xFE, 0x07, 0xFE, 0x07, 0xFE, 0x07, 0x00, 0x00};
static const uint8_t emoji_1F6DD[] = {0x00, 0x00, 0x20, 0x00, 0x60, 0x00, 0xDC, 0x00, 0xD0, 0x00, 0x90, 0x00, 0x90, 0x01, 0xA0, 0x01, 0x20, 0x03, 0xC0, 0x07, 0x00, 0x00, 0x00, 0x00};
static const uint8_t emoji_1F6DE[] = {0x00, 0x00, 0xF8, 0x01, 0xBC, 0x03, 0x5E, 0x07, 0xAE, 0x06, 0x6E, 0x07, 0xD6, 0x06, 0xAE, 0x06, 0x5E, 0x07, 0xFC, 0x03, 0xF8, 0x01, 0x00, 0x00};
static const uint8_t emoji_1F6DF[] = {0x00, 0x00, 0xF0, 0x00, 0x98, 0x01, 0xFC, 0x03, 0x9E, 0x07, 0x0A, 0x05, 0x0A, 0x05, 0x1E, 0x07, 0xFC, 0x07, 0x98, 0x01, 0xF0, 0x01, 0x00, 0x00};
static const uint8_t emoji_1F6E0[] = {0x00, 0x00, 0x30, 0x03, 0x98, 0x01, 0x94, 0x06, 0xBA, 0x03, 0xE6, 0x00, 0xE0, 0x00, 0xB8, 0x01, 0x14, 0x03, 0x0A, 0x07, 0x06, 0x06, 0x00, 0x00};
static const uint8_t emoji_1F6E1[] = {0x00, 0x00, 0x60, 0x00, 0xFC, 0x03, 0xFC, 0x03, 0xFC, 0x03, 0xFC, 0x03, 0xFC, 0x03, 0xF8, 0x01, 0xF8, 0x01, 0xF0, 0x00, 0x60, 0x00, 0x00, 0x00};
static const uint8_t emoji_1F6E2[] = {0x00, 0x00, 0xF8, 0x01, 0x08, 0x01, 0x88, 0x01, 0xF8, 0x01, 0xF8, 0x01, 0xF8, 0x01, 0xF8, 0x01, 0xF8, 0x01, 0xF8, 0x01, 0xF8, 0x01, 0x00, 0x00};
static const uint8_t emoji_1F6E3[] = {0x00, 0x00, 0xF8, 0x01, 0x64, 0x02, 0x0C, 0x03, 0xF0, 0x00, 0x0E, 0x06, 0xF2, 0x05, 0xF2, 0x04, 0xF2, 0x04, 0xFA, 0x05, 0xFE, 0x07, 0x00, 0x00};
static const uint8_t emoji_1F6E4[] = {0x00, 0x00, 0x00, 0x00, 0x00, 0x00, 0x02, 0x00, 0x06, 0x04, 0x0E, 0x07, 0xFE, 0x07, 0xFE, 0x07, 0xFE, 0x07, 0xFA, 0x07, 0xFE, 0x07, 0x00, 0x00};
static const uint8_t emoji_1F6E5[] = {0x00, 0x00, 0x00, 0x00, 0x00, 0x00, 0x00, 0x00, 0x00, 0x00, 0x00, 0x00, 0xE0, 0x01, 0xD0, 0x01, 0xFE, 0x01, 0x04, 0x06, 0xF8, 0x07, 0x00, 0x00};
static const uint8_t emoji_1F6E9[] = {0x00, 0x00, 0x00, 0x04, 0x0C, 0x06, 0x0C, 0x03, 0xFE, 0x03, 0xF0, 0x01, 0xE0, 0x06, 0xF0, 0x05, 0x28, 0x02, 0x14, 0x00, 0x0C, 0x00, 0x00, 0x00};
static const uint8_t emoji_1F6EB[] = {0x00, 0x00, 0x00, 0x00, 0x00, 0x00, 0x00, 0x07, 0xC0, 0x04, 0xFC, 0x03, 0x38, 0x00, 0x00, 0x00, 0x00, 0x00, 0xF8, 0x01, 0xE0, 0x01, 0x00, 0x00};
static const uint8_t emoji_1F6EC[] = {0x00, 0x00, 0x00, 0x00, 0x04, 0x00, 0x0C, 0x00, 0xF8, 0x01, 0x10, 0x02, 0xFE, 0x07, 0x20, 0x00, 0x00, 0x00, 0xF8, 0x01, 0xE0, 0x01, 0x00, 0x00};
static const uint8_t emoji_1F6F0[] = {0x00, 0x00, 0x00, 0x00, 0x02, 0x00, 0x4E, 0x00, 0xBE, 0x01, 0x86, 0x01, 0xC8, 0x07, 0xF8, 0x07, 0x00, 0x07, 0x00, 0x00, 0x00, 0x00, 0x00, 0x00};
static const uint8_t emoji_1F6F3[] = {0x00, 0x00, 0x00, 0x00, 0x20, 0x00, 0x5C, 0x02, 0x88, 0x03, 0x08, 0x02, 0x04, 0x04, 0x02, 0x04, 0x02, 0x04, 0xFE, 0x07, 0xFE, 0x07, 0x00, 0x00};
static const uint8_t emoji_1F6F4[] = {0x00, 0x00, 0x3C, 0x00, 0x08, 0x00, 0x00, 0x00, 0x00, 0x00, 0x00, 0x00, 0x00, 0x00, 0x0C, 0x00, 0x0C, 0x02, 0xFE, 0x07, 0x66, 0x07, 0x00, 0x00};
static const uint8_t emoji_1F6F5[] = {0x00, 0x00, 0x20, 0x00, 0x38, 0x00, 0x30, 0x00, 0x10, 0x00, 0x18, 0x03, 0xD8, 0x04, 0x94, 0x04, 0x56, 0x04, 0xFE, 0x04, 0x0E, 0x07, 0x00, 0x00};
static const uint8_t emoji_1F6F6[] = {0x00, 0x00, 0x00, 0x00, 0x00, 0x00, 0x00, 0x00, 0x00, 0x00, 0x00, 0x00, 0x02, 0x06, 0xFE, 0x07, 0xFE, 0x06, 0xF0, 0x02, 0x00, 0x03, 0x00, 0x00};
static const uint8_t emoji_1F6F7[] = {0x00, 0x00, 0x00, 0x00, 0xC0, 0x00, 0x20, 0x03, 0x10, 0x03, 0xAC, 0x04, 0xD2, 0x02, 0xAA, 0x01, 0x90, 0x00, 0x60, 0x00, 0x00, 0x00, 0x00, 0x00};
static const uint8_t emoji_1F6F8[] = {0x00, 0x00, 0xE0, 0x00, 0x50, 0x01, 0xFE, 0x01, 0xC6, 0x01, 0x3C, 0x02, 0xFC, 0x07, 0xF8, 0x07, 0xB0, 0x01, 0x00, 0x00, 0x00, 0x00, 0x00, 0x00};
static const uint8_t emoji_1F6F9[] = {0x00, 0x00, 0x00, 0x00, 0x00, 0x00, 0x00, 0x07, 0xC0, 0x07, 0xF0, 0x07, 0xFC, 0x07, 0x7E, 0x00, 0x2C, 0x00, 0x30, 0x00, 0x00, 0x00, 0x00, 0x00};
static const uint8_t emoji_1F6FA[] = {0x00, 0x00, 0x00, 0x00, 0xFC, 0x03, 0xF8, 0x05, 0x08, 0x06, 0x0C, 0x06, 0x54, 0x06, 0x6E, 0x07, 0xFE, 0x07, 0x0E, 0x07, 0x06, 0x07, 0x00, 0x00};
static const uint8_t emoji_1F6FB[] = {0x00, 0x00, 0x00, 0x00, 0x00, 0x00, 0x00, 0x00, 0x70, 0x00, 0x48, 0x00, 0xFE, 0x03, 0xFE, 0x07, 0xFE, 0x07, 0xFE, 0x0F, 0x0C, 0x07, 0x00, 0x00};
static const uint8_t emoji_1F6FC[] = {0x00, 0x00, 0x00, 0x00, 0x3E, 0x00, 0x3E, 0x00, 0x5E, 0x00, 0xB2, 0x00, 0x62, 0x03, 0xDE, 0x03, 0xFC, 0x03, 0x4C, 0x06, 0x8C, 0x01, 0x00, 0x00};
static const uint8_t emoji_1F7E0[] = {0x00, 0x00, 0xF8, 0x01, 0xFC, 0x03, 0xFE, 0x07, 0xFE, 0x07, 0xFE, 0x07, 0xFE, 0x07, 0xFE, 0x07, 0xFE, 0x07, 0xFC, 0x03, 0xF8, 0x01, 0x00, 0x00};
static const uint8_t emoji_1F7E1[] = {0x00, 0x00, 0xF8, 0x01, 0xFC, 0x03, 0xFE, 0x07, 0xFE, 0x07, 0xFE, 0x07, 0xFE, 0x07, 0xFE, 0x07, 0xFE, 0x07, 0xFC, 0x03, 0xF8, 0x01, 0x00, 0x00};
static const uint8_t emoji_1F7E2[] = {0x00, 0x00, 0xF8, 0x01, 0xFC, 0x03, 0xFE, 0x07, 0xFE, 0x07, 0xFE, 0x07, 0xFE, 0x07, 0xFE, 0x07, 0xFE, 0x07, 0xFC, 0x03, 0xF8, 0x01, 0x00, 0x00};
static const uint8_t emoji_1F7E3[] = {0x00, 0x00, 0xF8, 0x01, 0xE4, 0x03, 0xF2, 0x07, 0xFA, 0x07, 0xFE, 0x07, 0xFE, 0x07, 0xFE, 0x07, 0xFE, 0x07, 0xFC, 0x03, 0xF8, 0x01, 0x00, 0x00};
static const uint8_t emoji_1F7E4[] = {0x00, 0x00, 0xF8, 0x01, 0xFC, 0x03, 0xFE, 0x07, 0xFE, 0x07, 0xFE, 0x07, 0xFE, 0x07, 0xFE, 0x07, 0xFE, 0x07, 0xFC, 0x03, 0xF8, 0x01, 0x00, 0x00};
static const uint8_t emoji_1F7E5[] = {0x00, 0x00, 0xFE, 0x07, 0xFE, 0x07, 0xFE, 0x07, 0xFE, 0x07, 0xFE, 0x07, 0xFE, 0x07, 0xFE, 0x07, 0xFE, 0x07, 0xFE, 0x07, 0xFE, 0x07, 0x00, 0x00};
static const uint8_t emoji_1F7E6[] = {0x00, 0x00, 0xFE, 0x07, 0xFE, 0x07, 0xFE, 0x07, 0xFE, 0x07, 0xFE, 0x07, 0xFE, 0x07, 0xFE, 0x07, 0xFE, 0x07, 0xFE, 0x07, 0xFE, 0x07, 0x00, 0x00};
static const uint8_t emoji_1F7E7[] = {0x00, 0x00, 0xFE, 0x07, 0xFE, 0x07, 0xFE, 0x07, 0xFE, 0x07, 0xFE, 0x07, 0xFE, 0x07, 0xFE, 0x07, 0xFE, 0x07, 0xFE, 0x07, 0xFE, 0x07, 0x00, 0x00};
static const uint8_t emoji_1F7E8[] = {0x00, 0x00, 0xFE, 0x07, 0xFE, 0x07, 0xFE, 0x07, 0xFE, 0x07, 0xFE, 0x07, 0xFE, 0x07, 0xFE, 0x07, 0xFE, 0x07, 0xFE, 0x07, 0xFE, 0x07, 0x00, 0x00};
static const uint8_t emoji_1F7E9[] = {0x00, 0x00, 0xFE, 0x07, 0xFE, 0x07, 0xFE, 0x07, 0xFE, 0x07, 0xFE, 0x07, 0xFE, 0x07, 0xFE, 0x07, 0xFE, 0x07, 0xFE, 0x07, 0xFE, 0x07, 0x00, 0x00};
static const uint8_t emoji_1F7EA[] = {0x00, 0x00, 0xFE, 0x07, 0xFE, 0x07, 0xFE, 0x07, 0xFE, 0x07, 0xFE, 0x07, 0xFE, 0x07, 0xFE, 0x07, 0xFE, 0x07, 0xFE, 0x07, 0xFE, 0x07, 0x00, 0x00};
static const uint8_t emoji_1F7EB[] = {0x00, 0x00, 0xFE, 0x07, 0xFE, 0x07, 0xFE, 0x07, 0xFE, 0x07, 0xFE, 0x07, 0xFE, 0x07, 0xFE, 0x07, 0xFE, 0x07, 0xFE, 0x07, 0xFE, 0x07, 0x00, 0x00};
static const uint8_t emoji_1F7F0[] = {0x00, 0x00, 0x00, 0x00, 0x00, 0x00, 0xFE, 0x07, 0xFE, 0x07, 0x00, 0x00, 0x00, 0x00, 0xFE, 0x07, 0xFE, 0x07, 0x00, 0x00, 0x00, 0x00, 0x00, 0x00};
static const uint8_t emoji_1F90C[] = {0x00, 0x00, 0x80, 0x00, 0xC0, 0x01, 0xE0, 0x03, 0xB0, 0x03, 0xB8, 0x03, 0xF8, 0x03, 0xF8, 0x01, 0xF8, 0x00, 0x3C, 0x00, 0x18, 0x00, 0x00, 0x00};
static const uint8_t emoji_1F90D[] = {0x00, 0x00, 0x9C, 0x03, 0xFE, 0x07, 0xFE, 0x07, 0xFE, 0x07, 0xFE, 0x07, 0xFC, 0x03, 0xFC, 0x03, 0xF8, 0x01, 0xF0, 0x00, 0x40, 0x00, 0x00, 0x00};
static const uint8_t emoji_1F90E[] = {0x00, 0x00, 0x9C, 0x03, 0xFE, 0x07, 0xFE, 0x07, 0xFE, 0x07, 0xFE, 0x07, 0xFC, 0x03, 0xFC, 0x03, 0xF8, 0x01, 0xF0, 0x00, 0x40, 0x00, 0x00, 0x00};
static const uint8_t emoji_1F90F[] = {0x00, 0x00, 0x00, 0x00, 0x78, 0x00, 0xFC, 0x03, 0xF0, 0x03, 0xFE, 0x03, 0xFC, 0x07, 0xF8, 0x07, 0xF0, 0x07, 0xC0, 0x03, 0x00, 0x00, 0x00, 0x00};
static const uint8_t emoji_1F910[] = {0x00, 0x00, 0xF0, 0x00, 0x0C, 0x03, 0x02, 0x04, 0x9A, 0x05, 0x92, 0x04, 0x02, 0x04, 0xFE, 0x07, 0xFC, 0x07, 0x0C, 0x03, 0xF0, 0x00, 0x00, 0x00};
static const uint8_t emoji_1F911[] = {0x00, 0x00, 0xF0, 0x00, 0x0C, 0x03, 0x02, 0x04, 0x92, 0x04, 0x92, 0x04, 0x02, 0x04, 0xFE, 0x05, 0xFC, 0x03, 0xFC, 0x03, 0xF0, 0x00, 0x00, 0x00};
static const uint8_t emoji_1F912[] = {0x00, 0x00, 0xF0, 0x00, 0x0C, 0x03, 0x0A, 0x05, 0x9A, 0x05, 0x9A, 0x04, 0x02, 0x07, 0xF2, 0x05, 0x04, 0x02, 0x0C, 0x03, 0xF0, 0x00, 0x00, 0x00};
static const uint8_t emoji_1F913[] = {0x00, 0x00, 0xF0, 0x00, 0x0C, 0x03, 0xF2, 0x04, 0x6A, 0x05, 0x9A, 0x05, 0x06, 0x06, 0x9A, 0x05, 0xFC, 0x03, 0x0C, 0x03, 0xF0, 0x00, 0x00, 0x00};
static const uint8_t emoji_1F914[] = {0x00, 0x00, 0xF8, 0x00, 0x94, 0x03, 0x92, 0x04, 0x82, 0x04, 0x72, 0x04, 0x42, 0x04, 0x02, 0x04, 0x02, 0x02, 0x02, 0x03, 0xFC, 0x00, 0x00, 0x00};
static const uint8_t emoji_1F915[] = {0x00, 0x00, 0xF0, 0x00, 0x0C, 0x03, 0x02, 0x04, 0x02, 0x04, 0x92, 0x04, 0x9A, 0x04, 0x02, 0x04, 0xE4, 0x02, 0x0C, 0x03, 0xF0, 0x00, 0x00, 0x00};
static const uint8_t emoji_1F916[] = {0x00, 0x00, 0x60, 0x00, 0x00, 0x00, 0x60, 0x00, 0x9C, 0x03, 0x02, 0x04, 0x62, 0x04, 0x62, 0x04, 0x02, 0x04, 0x02, 0x04, 0xFC, 0x03, 0x00, 0x00};
static const uint8_t emoji_1F917[] = {0x00, 0x00, 0xF0, 0x00, 0x0C, 0x03, 0xD2, 0x04, 0x1A, 0x04, 0x82, 0x05, 0xFA, 0x04, 0x02, 0x04, 0x02, 0x04, 0x02, 0x04, 0xFC, 0x03, 0x00, 0x00};
static const uint8_t emoji_1F918[] = {0x00, 0x00, 0x00, 0x01, 0x00, 0x01, 0x0C, 0x01, 0xFC, 0x01, 0xF8, 0x01, 0xF8, 0x01, 0xF8, 0x01, 0xF8, 0x01, 0xF8, 0x01, 0xF0, 0x00, 0x00, 0x00};
static const uint8_t emoji_1F919[] = {0x00, 0x00, 0x20, 0x00, 0x60, 0x00, 0x30, 0x00, 0xF8, 0x00, 0xFE, 0x01, 0xFE, 0x03, 0xFE, 0x03, 0xFE, 0x01, 0xF0, 0x01, 0x00, 0x03, 0x00, 0x00};
static const uint8_t emoji_1F91A[] = {0x00, 0x00, 0x60, 0x00, 0xF0, 0x00, 0xF0, 0x01, 0xF0, 0x01, 0xF0, 0x01, 0xF6, 0x01, 0xFC, 0x01, 0xF8, 0x01, 0xF0, 0x01, 0xE0, 0x00, 0x00, 0x00};
static const uint8_t emoji_1F91B[] = {0x00, 0x00, 0x00, 0x00, 0x00, 0x00, 0xFC, 0x07, 0xFC, 0x07, 0xFE, 0x07, 0xFE, 0x07, 0xFE, 0x01, 0xFC, 0x00, 0x08, 0x00, 0x00, 0x00, 0x00, 0x00};
static const uint8_t emoji_1F91C[] = {0x00, 0x00, 0x00, 0x00, 0x00, 0x00, 0xFE, 0x03, 0xFE, 0x07, 0xFE, 0x07, 0xFE, 0x07, 0xF8, 0x07, 0xF0, 0x03, 0x00, 0x01, 0x00, 0x00, 0x00, 0x00};
static const uint8_t emoji_1F91D[] = {0x00, 0x00, 0x00, 0x00, 0x00, 0x00, 0xFE, 0x07, 0xFE, 0x07, 0xFE, 0x07, 0xFC, 0x03, 0xFC, 0x03, 0xF8, 0x01, 0x00, 0x00, 0x00, 0x00, 0x00, 0x00};
static const uint8_t emoji_1F91E[] = {0x00, 0x00, 0xC0, 0x00, 0xC0, 0x00, 0xC0, 0x00, 0xF0, 0x00, 0xF8, 0x01, 0xF8, 0x01, 0xF8, 0x01, 0xF8, 0x01, 0xF8, 0x01, 0xF0, 0x00, 0x00, 0x00};
static const uint8_t emoji_1F91F[] = {0x00, 0x00, 0x00, 0x01, 0x80, 0x01, 0x84, 0x01, 0xFC, 0x00, 0xFC, 0x04, 0xFC, 0x07, 0xFC, 0x03, 0xFC, 0x01, 0xF8, 0x01, 0xF8, 0x00, 0x00, 0x00};
static const uint8_t emoji_1F920[] = {0x60, 0x00, 0xF0, 0x00, 0xFF, 0x0F, 0xFF, 0x0F, 0xF2, 0x04, 0x02, 0x04, 0x92, 0x04, 0x02, 0x02, 0x04, 0x02, 0xF4, 0x02, 0xF8, 0x01, 0x00, 0x00};
static const uint8_t emoji_1F921[] = {0x00, 0x00, 0xFE, 0x07, 0x0E, 0x07, 0x06, 0x06, 0x92, 0x05, 0xF2, 0x04, 0x62, 0x04, 0x02, 0x04, 0xF4, 0x02, 0x0C, 0x03, 0xF0, 0x00, 0x00, 0x00};
static const uint8_t emoji_1F922[] = {0x00, 0x00, 0xF0, 0x00, 0x0C, 0x03, 0x0A, 0x05, 0x9A, 0x05, 0x92, 0x04, 0x02, 0x04, 0x92, 0x04, 0x04, 0x02, 0x0C, 0x03, 0xF0, 0x00, 0x00, 0x00};
static const uint8_t emoji_1F923[] = {0x00, 0x00, 0xF0, 0x01, 0x2C, 0x02, 0xE4, 0x04, 0x22, 0x06, 0x02, 0x07, 0x0E, 0x05, 0xCA, 0x04, 0xE4, 0x02, 0x14, 0x01, 0xF8, 0x00, 0x00, 0x00};
static const uint8_t emoji_1F924[] = {0x00, 0x00, 0xF0, 0x00, 0x0C, 0x03, 0x0A, 0x04, 0x92, 0x04, 0x0A, 0x05, 0x02, 0x04, 0x92, 0x04, 0xF4, 0x02, 0x0C, 0x03, 0xF0, 0x00, 0x00, 0x00};
static const uint8_t emoji_1F925[] = {0x00, 0x00, 0xF0, 0x00, 0x0C, 0x03, 0x0A, 0x04, 0x92, 0x04, 0x92, 0x04, 0x02, 0x08, 0x02, 0x04, 0x64, 0x02, 0x0C, 0x03, 0xF0, 0x00, 0x00, 0x00};
static const uint8_t emoji_1F926[] = {0x00, 0x00, 0xF8, 0x00, 0xF8, 0x01, 0x3C, 0x03, 0x0C, 0x02, 0x04, 0x02, 0x08, 0x01, 0x08, 0x01, 0x10, 0x01, 0x08, 0x01, 0xFC, 0x03, 0x00, 0x00};
static const uint8_t emoji_1F927[] = {0x00, 0x00, 0xF0, 0x00, 0x0C, 0x03, 0x02, 0x04, 0x9A, 0x05, 0x9A, 0x05, 0x02, 0x04, 0x02, 0x07, 0xC2, 0x03, 0x42, 0x03, 0xFC, 0x00, 0x00, 0x00};
static const uint8_t emoji_1F928[] = {0x00, 0x00, 0xF0, 0x00, 0x8C, 0x03, 0x8A, 0x05, 0x9A, 0x04, 0x9A, 0x05, 0x12, 0x04, 0x02, 0x04, 0x64, 0x02, 0x0C, 0x03, 0xF0, 0x00, 0x00, 0x00};
static const uint8_t emoji_1F929[] = {0x00, 0x00, 0xF0, 0x00, 0x0C, 0x03, 0x9E, 0x07, 0x9E, 0x07, 0x02, 0x04, 0x02, 0x04, 0xFA, 0x05, 0xFC, 0x03, 0x0C, 0x03, 0xF0, 0x00, 0x00, 0x00};
static const uint8_t emoji_1F92A[] = {0x00, 0x00, 0xF0, 0x00, 0x0C, 0x03, 0x82, 0x04, 0x82, 0x04, 0x0A, 0x04, 0x82, 0x07, 0xF2, 0x07, 0xFC, 0x03, 0xFC, 0x03, 0xF0, 0x00, 0x00, 0x00};
static const uint8_t emoji_1F92B[] = {0x00, 0x00, 0xF0, 0x00, 0x0C, 0x03, 0x02, 0x04, 0x92, 0x04, 0x02, 0x04, 0x02, 0x04, 0x02, 0x04, 0x04, 0x02, 0x0C, 0x03, 0xF0, 0x00, 0x00, 0x00};
static const uint8_t emoji_1F92C[] = {0x00, 0x00, 0xF0, 0x00, 0x0C, 0x03, 0x02, 0x04, 0x02, 0x04, 0x92, 0x04, 0x12, 0x04, 0xFE, 0x05, 0x54, 0x03, 0xFC, 0x03, 0xF0, 0x00, 0x00, 0x00};
static const uint8_t emoji_1F92D[] = {0x00, 0x00, 0xF0, 0x00, 0x0C, 0x03, 0x92, 0x04, 0x9A, 0x05, 0x02, 0x04, 0x02, 0x04, 0x02, 0x04, 0x04, 0x02, 0x0C, 0x03, 0xF0, 0x00, 0x00, 0x00};
static const uint8_t emoji_1F92E[] = {0x00, 0x00, 0xF0, 0x00, 0x0C, 0x03, 0x0A, 0x05, 0x0A, 0x05, 0x9A, 0x05, 0x0A, 0x05, 0x02, 0x04, 0xFC, 0x03, 0xFC, 0x03, 0xF8, 0x01, 0x00, 0x00};
static const uint8_t emoji_1F92F[] = {0x00, 0x00, 0xF0, 0x03, 0x08, 0x02, 0x04, 0x02, 0x0C, 0x07, 0x6C, 0x07, 0x9A, 0x05, 0x9A, 0x05, 0x64, 0x02, 0xFC, 0x03, 0xF0, 0x00, 0x00, 0x00};
static const uint8_t emoji_1F930[] = {0x00, 0x00, 0xE0, 0x00, 0xF0, 0x01, 0xE0, 0x01, 0xA0, 0x01, 0xC0, 0x01, 0xC0, 0x01, 0xE0, 0x01, 0x70, 0x01, 0x68, 0x01, 0xF8, 0x00, 0x00, 0x00};
static const uint8_t emoji_1F931[] = {0x00, 0x00, 0xF0, 0x00, 0xF8, 0x00, 0x18, 0x01, 0x08, 0x01, 0x98, 0x00, 0x38, 0x01, 0x38, 0x02, 0x1C, 0x02, 0x04, 0x03, 0xFC, 0x03, 0x00, 0x00};
static const uint8_t emoji_1F932[] = {0x00, 0x00, 0x00, 0x00, 0x98, 0x01, 0xFC, 0x03, 0xFC, 0x07, 0xFE, 0x07, 0xFE, 0x07, 0xFE, 0x07, 0xFE, 0x07, 0x9C, 0x03, 0x00, 0x00, 0x00, 0x00};
static const uint8_t emoji_1F933[] = {0x00, 0x00, 0x80, 0x01, 0x80, 0x03, 0x80, 0x03, 0x80, 0x03, 0x80, 0x03, 0x80, 0x03, 0x00, 0x03, 0xFE, 0x01, 0xFE, 0x00, 0x7C, 0x00, 0x00, 0x00};
static const uint8_t emoji_1F934[] = {0x00, 0x00, 0x60, 0x00, 0x9C, 0x03, 0x04, 0x02, 0x04, 0x02, 0x04, 0x02, 0x94, 0x02, 0x94, 0x02, 0x04, 0x02, 0x68, 0x01, 0xF0, 0x00, 0x00, 0x00};
static const uint8_t emoji_1F935[] = {0x00, 0x00, 0xF8, 0x00, 0xF8, 0x01, 0x3C, 0x03, 0x0C, 0x02, 0x04, 0x02, 0x04, 0x01, 0x08, 0x01, 0x90, 0x00, 0x08, 0x01, 0xFC, 0x03, 0x00, 0x00};
static const uint8_t emoji_1F936[] = {0x00, 0x00, 0xF8, 0x01, 0xEC, 0x01, 0x04, 0x02, 0x04, 0x02, 0x92, 0x02, 0x94, 0x02, 0x68, 0x01, 0x90, 0x00, 0x0C, 0x03, 0xFC, 0x03, 0x00, 0x00};
static const uint8_t emoji_1F937[] = {0x00, 0x00, 0x20, 0x00, 0xF8, 0x00, 0x98, 0x00, 0x18, 0x01, 0x8A, 0x04, 0x96, 0x06, 0xFC, 0x03, 0xFC, 0x03, 0xFC, 0x03, 0xF0, 0x00, 0x00, 0x00};
static const uint8_t emoji_1F938[] = {0x00, 0x00, 0xC0, 0x00, 0x40, 0x00, 0x40, 0x00, 0x46, 0x00, 0x78, 0x00, 0xE0, 0x00, 0x40, 0x03, 0x40, 0x01, 0xC0, 0x01, 0x40, 0x00, 0x00, 0x00};
static const uint8_t emoji_1F939[] = {0x00, 0x00, 0xE0, 0x00, 0xF0, 0x00, 0xF0, 0x00, 0x8C, 0x00, 0x90, 0x02, 0x66, 0x00, 0xF4, 0x04, 0x0C, 0x03, 0x10, 0x03, 0xF0, 0x00, 0x00, 0x00};
static const uint8_t emoji_1F93A[] = {0x00, 0x00, 0x30, 0x00, 0x30, 0x00, 0x30, 0x00, 0xCC, 0x00, 0x48, 0x01, 0x50, 0x02, 0xF8, 0x00, 0x8C, 0x01, 0x06, 0x03, 0x00, 0x04, 0x00, 0x00};
static const uint8_t emoji_1F93C[] = {0x00, 0x00, 0x00, 0x00, 0xD8, 0x00, 0xD8, 0x00, 0xCC, 0x00, 0x74, 0x01, 0xAC, 0x01, 0xDC, 0x01, 0x56, 0x06, 0xD2, 0x00, 0x00, 0x00, 0x00, 0x00};
static const uint8_t emoji_1F93D[] = {0x00, 0x00, 0x18, 0x00, 0xF8, 0x00, 0x38, 0x01, 0xA8, 0x00, 0xB8, 0x02, 0xF2, 0x07, 0xE6, 0x07, 0x34, 0x03, 0x14, 0x03, 0xF0, 0x00, 0x00, 0x00};
static const uint8_t emoji_1F93E[] = {0x00, 0x00, 0xD8, 0x01, 0x58, 0x01, 0x50, 0x01, 0x30, 0x01, 0x40, 0x03, 0xE0, 0x04, 0xB0, 0x00, 0xD8, 0x00, 0xC4, 0x00, 0x60, 0x00, 0x00, 0x00};
static const uint8_t emoji_1F93F[] = {0x00, 0x00, 0x00, 0x02, 0x00, 0x06, 0xF0, 0x04, 0x0C, 0x07, 0x04, 0x04, 0xFC, 0x05, 0xFC, 0x03, 0xF8, 0x03, 0xE0, 0x01, 0xE0, 0x00, 0x00, 0x00};
static const uint8_t emoji_1F940[] = {0x00, 0x00, 0xD0, 0x00, 0xC0, 0x01, 0xC0, 0x03, 0xC8, 0x03, 0x94, 0x03, 0x36, 0x00, 0x44, 0x02, 0x50, 0x00, 0x00, 0x01, 0x10, 0x00, 0x00, 0x00};
static const uint8_t emoji_1F941[] = {0x00, 0x00, 0x02, 0x04, 0x00, 0x00, 0xFC, 0x03, 0x02, 0x04, 0x92, 0x04, 0x02, 0x04, 0xFE, 0x07, 0xFE, 0x07, 0xFE, 0x07, 0xFC, 0x03, 0x00, 0x00};
static const uint8_t emoji_1F942[] = {0x00, 0x00, 0xC0, 0x01, 0xF0, 0x01, 0xF0, 0x01, 0xF8, 0x01, 0xB8, 0x01, 0x18, 0x01, 0x08, 0x01, 0x04, 0x00, 0x06, 0x07, 0x04, 0x01, 0x00, 0x00};
static const uint8_t emoji_1F943[] = {0x00, 0x00, 0xFC, 0x03, 0x04, 0x02, 0x04, 0x02, 0x04, 0x02, 0xE4, 0x02, 0xE4, 0x02, 0xFC, 0x03, 0xFC, 0x03, 0xF8, 0x01, 0xF8, 0x01, 0x00, 0x00};
static const uint8_t emoji_1F944[] = {0x00, 0x00, 0x1E, 0x00, 0x1A, 0x00, 0x2A, 0x00, 0x24, 0x00, 0x38, 0x00, 0x40, 0x00, 0xC0, 0x00, 0x80, 0x01, 0x00, 0x03, 0x00, 0x06, 0x00, 0x00};
static const uint8_t emoji_1F945[] = {0x00, 0x00, 0x00, 0x00, 0xFE, 0x07, 0x42, 0x04, 0xBE, 0x07, 0x02, 0x04, 0x02, 0x04, 0x02, 0x04, 0xFE, 0x07, 0x02, 0x04, 0x00, 0x00, 0x00, 0x00};
static const uint8_t emoji_1F947[] = {0x00, 0x00, 0xF8, 0x01, 0xF0, 0x00, 0xF0, 0x00, 0x50, 0x00, 0x60, 0x00, 0x90, 0x00, 0x08, 0x01, 0x08, 0x01, 0x08, 0x01, 0xF0, 0x00, 0x00, 0x00};
static const uint8_t emoji_1F948[] = {0x00, 0x00, 0xF8, 0x01, 0xF0, 0x00, 0xF0, 0x00, 0x50, 0x00, 0x60, 0x00, 0x90, 0x00, 0x08, 0x01, 0x08, 0x01, 0x08, 0x01, 0xF0, 0x00, 0x00, 0x00};
static const uint8_t emoji_1F949[] = {0x00, 0x00, 0xF8, 0x01, 0xF0, 0x00, 0xD0, 0x00, 0x50, 0x00, 0x60, 0x00, 0x90, 0x00, 0x68, 0x01, 0x48, 0x01, 0x48, 0x01, 0xF0, 0x00, 0x00, 0x00};
static const uint8_t emoji_1F94A[] = {0x00, 0x00, 0xF8, 0x01, 0xF8, 0x01, 0xF8, 0x03, 0xF8, 0x03, 0xF8, 0x03, 0xF8, 0x01, 0xF8, 0x01, 0xF0, 0x00, 0x90, 0x00, 0xF0, 0x00, 0x00, 0x00};
static const uint8_t emoji_1F94B[] = {0x00, 0x00, 0xF0, 0x00, 0x0C, 0x03, 0x04, 0x02, 0x02, 0x04, 0x06, 0x06, 0x0A, 0x05, 0xFE, 0x07, 0x66, 0x06, 0xB8, 0x01, 0xF8, 0x01, 0x00, 0x00};
static const uint8_t emoji_1F94C[] = {0x00, 0x00, 0x00, 0x03, 0xE0, 0x03, 0xFC, 0x01, 0xFE, 0x07, 0xFE, 0x07, 0xFA, 0x07, 0xE2, 0x05, 0x02, 0x04, 0x9C, 0x03, 0x60, 0x00, 0x00, 0x00};
static const uint8_t emoji_1F94D[] = {0x00, 0x00, 0x8E, 0x03, 0x8E, 0x07, 0x86, 0x07, 0xC0, 0x07, 0xE0, 0x00, 0x60, 0x00, 0x10, 0x00, 0x08, 0x00, 0x04, 0x00, 0x02, 0x00, 0x00, 0x00};
static const uint8_t emoji_1F94E[] = {0x00, 0x00, 0xF0, 0x00, 0xCC, 0x03, 0x84, 0x03, 0x0E, 0x06, 0x3A, 0x04, 0x22, 0x04, 0x62, 0x04, 0x42, 0x04, 0x4C, 0x02, 0xF0, 0x01, 0x00, 0x00};
static const uint8_t emoji_1F94F[] = {0x00, 0x00, 0x00, 0x00, 0xE0, 0x01, 0xF8, 0x07, 0xFC, 0x07, 0xFE, 0x07, 0xFE, 0x07, 0xFE, 0x03, 0xFE, 0x00, 0x78, 0x00, 0x00, 0x00, 0x00, 0x00};
static const uint8_t emoji_1F950[] = {0x00, 0x00, 0xF8, 0x00, 0x04, 0x03, 0xC4, 0x05, 0xE2, 0x07, 0xFA, 0x07, 0xFA, 0x06, 0x32, 0x00, 0x3A, 0x00, 0x34, 0x00, 0x38, 0x00, 0x00, 0x00};
static const uint8_t emoji_1F951[] = {0x00, 0x00, 0x80, 0x07, 0x60, 0x04, 0x18, 0x04, 0x74, 0x04, 0x7A, 0x02, 0x7A, 0x02, 0x3A, 0x02, 0x02, 0x01, 0xCC, 0x01, 0xFC, 0x00, 0x00, 0x00};
static const uint8_t emoji_1F952[] = {0x00, 0x00, 0x00, 0x03, 0x80, 0x07, 0xC0, 0x07, 0xE0, 0x07, 0xF0, 0x03, 0xF8, 0x01, 0xFC, 0x00, 0x7E, 0x00, 0x3E, 0x00, 0x0C, 0x00, 0x00, 0x00};
static const uint8_t emoji_1F953[] = {0x00, 0x00, 0x00, 0x00, 0xE0, 0x01, 0xD8, 0x01, 0x36, 0x02, 0xCE, 0x05, 0x30, 0x07, 0xC8, 0x03, 0xF6, 0x00, 0x14, 0x00, 0x0C, 0x00, 0x00, 0x00};
static const uint8_t emoji_1F954[] = {0x00, 0x00, 0xC0, 0x01, 0x20, 0x02, 0x10, 0x05, 0x0C, 0x04, 0x02, 0x06, 0x02, 0x07, 0xC2, 0x07, 0xF2, 0x03, 0xFE, 0x00, 0x78, 0x00, 0x00, 0x00};
static const uint8_t emoji_1F955[] = {0x00, 0x00, 0x00, 0x02, 0x80, 0x03, 0x80, 0x07, 0x80, 0x07, 0xE0, 0x02, 0x50, 0x00, 0x68, 0x00, 0x14, 0x00, 0x0E, 0x00, 0x02, 0x00, 0x00, 0x00};
static const uint8_t emoji_1F956[] = {0x00, 0x00, 0x00, 0x07, 0x80, 0x04, 0x40, 0x02, 0x20, 0x02, 0x10, 0x01, 0x88, 0x00, 0x44, 0x00, 0x24, 0x00, 0x12, 0x00, 0x0E, 0x00, 0x00, 0x00};
static const uint8_t emoji_1F957[] = {0x00, 0x00, 0x00, 0x00, 0x90, 0x01, 0xFE, 0x03, 0xFE, 0x07, 0xFE, 0x07, 0xFA, 0x05, 0x02, 0x04, 0x04, 0x02, 0xF8, 0x01, 0x00, 0x00, 0x00, 0x00};
static const uint8_t emoji_1F958[] = {0x00, 0x00, 0xFE, 0x00, 0x0E, 0x03, 0x06, 0x02, 0x02, 0x04, 0x02, 0x04, 0x02, 0x04, 0x02, 0x04, 0x04, 0x06, 0x0C, 0x07, 0xF0, 0x07, 0x00, 0x00};
static const uint8_t emoji_1F959[] = {0x00, 0x00, 0xFC, 0x00, 0xFE, 0x03, 0xFE, 0x04, 0x76, 0x04, 0x3E, 0x04, 0x1E, 0x04, 0x02, 0x04, 0x02, 0x04, 0x04, 0x02, 0xF8, 0x01, 0x00, 0x00};
static const uint8_t emoji_1F95A[] = {0x00, 0x00, 0xF0, 0x00, 0xF8, 0x01, 0xF8, 0x01, 0xFC, 0x03, 0xFC, 0x03, 0xFC, 0x03, 0xFC, 0x03, 0xFC, 0x03, 0xF8, 0x01, 0xF0, 0x00, 0x00, 0x00};
static const uint8_t emoji_1F95B[] = {0x00, 0x00, 0xF8, 0x01, 0xF8, 0x01, 0xF8, 0x01, 0xF8, 0x01, 0xF8, 0x01, 0xF8, 0x01, 0xF8, 0x01, 0xF8, 0x01, 0xF0, 0x01, 0xF0, 0x00, 0x00, 0x00};
static const uint8_t emoji_1F95C[] = {0x00, 0x00, 0x80, 0x07, 0xC0, 0x07, 0xE0, 0x07, 0xF0, 0x07, 0xF8, 0x03, 0xFC, 0x01, 0x7E, 0x00, 0x7E, 0x00, 0x3E, 0x00, 0x1C, 0x00, 0x00, 0x00};
static const uint8_t emoji_1F95D[] = {0x00, 0x00, 0xF8, 0x01, 0x64, 0x02, 0x12, 0x04, 0x8A, 0x04, 0x8A, 0x04, 0x4A, 0x06, 0x1A, 0x06, 0x84, 0x07, 0xFC, 0x03, 0xF0, 0x01, 0x00, 0x00};
static const uint8_t emoji_1F95E[] = {0x00, 0x00, 0xF8, 0x03, 0x9E, 0x07, 0xFE, 0x07, 0xFA, 0x07, 0x82, 0x05, 0x82, 0x07, 0xC2, 0x05, 0x02, 0x07, 0x1C, 0x05, 0xE0, 0x03, 0x00, 0x00};
static const uint8_t emoji_1F95F[] = {0x00, 0x00, 0x00, 0x00, 0xF0, 0x01, 0xFC, 0x07, 0xFC, 0x07, 0xFC, 0x03, 0xFE, 0x01, 0xFE, 0x00, 0x7E, 0x00, 0x1E, 0x00, 0x00, 0x00, 0x00, 0x00};
static const uint8_t emoji_1F960[] = {0x00, 0x00, 0xE0, 0x01, 0xD0, 0x01, 0x4C, 0x02, 0x62, 0x04, 0x62, 0x04, 0x3E, 0x04, 0x1A, 0x06, 0xA4, 0x03, 0xE0, 0x04, 0x40, 0x03, 0x00, 0x00};
static const uint8_t emoji_1F961[] = {0x00, 0x00, 0xF0, 0x00, 0x0E, 0x07, 0x02, 0x06, 0x82, 0x07, 0xCA, 0x03, 0xDC, 0x03, 0xDC, 0x03, 0xDC, 0x03, 0xCC, 0x01, 0xF0, 0x00, 0x00, 0x00};
static const uint8_t emoji_1F962[] = {0x00, 0x00, 0x00, 0x01, 0x80, 0x00, 0x40, 0x04, 0x60, 0x02, 0x30, 0x01, 0x98, 0x00, 0x6C, 0x00, 0x34, 0x00, 0x08, 0x00, 0x04, 0x00, 0x00, 0x00};
static const uint8_t emoji_1F963[] = {0x00, 0x00, 0x00, 0x00, 0x00, 0x06, 0x00, 0x03, 0xFE, 0x06, 0x7E, 0x07, 0x02, 0x04, 0x02, 0x04, 0x04, 0x02, 0xF8, 0x01, 0x00, 0x00, 0x00, 0x00};
static const uint8_t emoji_1F964[] = {0x00, 0x00, 0x00, 0x03, 0xF0, 0x01, 0xF8, 0x01, 0x08, 0x01, 0x08, 0x01, 0x08, 0x01, 0x08, 0x01, 0x08, 0x01, 0x88, 0x00, 0xF0, 0x00, 0x00, 0x00};
static const uint8_t emoji_1F965[] = {0x00, 0x00, 0x80, 0x00, 0x70, 0x03, 0x08, 0x02, 0x04, 0x04, 0x04, 0x04, 0x04, 0x06, 0x02, 0x07, 0x8C, 0x07, 0xF8, 0x03, 0xF0, 0x01, 0x00, 0x00};
static const uint8_t emoji_1F966[] = {0x00, 0x00, 0xFC, 0x01, 0xFE, 0x03, 0xFE, 0x07, 0xFE, 0x03, 0x96, 0x03, 0xC4, 0x07, 0x08, 0x07, 0xE4, 0x07, 0xD2, 0x03, 0x0C, 0x00, 0x00, 0x00};
static const uint8_t emoji_1F967[] = {0x00, 0x00, 0x00, 0x00, 0xC0, 0x00, 0x60, 0x00, 0x60, 0x00, 0x9C, 0x01, 0x02, 0x06, 0xFE, 0x07, 0xFE, 0x07, 0xF4, 0x03, 0xF8, 0x01, 0x00, 0x00};
static const uint8_t emoji_1F968[] = {0x00, 0x00, 0x00, 0x00, 0xFC, 0x03, 0xFE, 0x07, 0x66, 0x06, 0xE6, 0x06, 0xF6, 0x06, 0xFE, 0x07, 0xFC, 0x03, 0xF8, 0x03, 0x00, 0x00, 0x00, 0x00};
static const uint8_t emoji_1F969[] = {0x00, 0x00, 0x00, 0x07, 0x80, 0x06, 0x78, 0x04, 0x76, 0x04, 0x7E, 0x06, 0x3E, 0x07, 0x82, 0x05, 0xEE, 0x02, 0xBC, 0x01, 0x78, 0x00, 0x00, 0x00};
static const uint8_t emoji_1F96A[] = {0x00, 0x00, 0x20, 0x00, 0xD8, 0x03, 0x04, 0x04, 0x02, 0x06, 0x0E, 0x07, 0xFE, 0x05, 0xFE, 0x07, 0xFE, 0x03, 0xF8, 0x01, 0x60, 0x00, 0x00, 0x00};
static const uint8_t emoji_1F96B[] = {0x00, 0x00, 0xF8, 0x01, 0x08, 0x01, 0x08, 0x01, 0xF8, 0x01, 0xF8, 0x01, 0x68, 0x01, 0xF8, 0x01, 0x78, 0x01, 0xF8, 0x01, 0xF8, 0x01, 0x00, 0x00};
static const uint8_t emoji_1F96C[] = {0x00, 0x00, 0xE0, 0x01, 0x10, 0x03, 0x88, 0x02, 0x08, 0x02, 0x08, 0x06, 0x08, 0x02, 0x04, 0x01, 0xC4, 0x00, 0x34, 0x00, 0x0C, 0x00, 0x00, 0x00};
static const uint8_t emoji_1F96D[] = {0x00, 0x00, 0xE0, 0x01, 0xF8, 0x03, 0xF0, 0x07, 0xC8, 0x05, 0x08, 0x04, 0x04, 0x04, 0x02, 0x04, 0x02, 0x02, 0x02, 0x01, 0xFC, 0x00, 0x00, 0x00};
static const uint8_t emoji_1F96E[] = {0x00, 0x00, 0xF8, 0x01, 0xFC, 0x03, 0xEE, 0x07, 0xEE, 0x07, 0xFA, 0x07, 0xFE, 0x07, 0xFA, 0x05, 0x02, 0x04, 0x04, 0x02, 0xF8, 0x01, 0x00, 0x00};
static const uint8_t emoji_1F96F[] = {0x00, 0x00, 0x00, 0x00, 0xFC, 0x03, 0xFE, 0x07, 0x9E, 0x07, 0xFE, 0x07, 0xFE, 0x07, 0xFE, 0x07, 0x02, 0x04, 0xFC, 0x03, 0x00, 0x00, 0x00, 0x00};
static const uint8_t emoji_1F970[] = {0x00, 0x04, 0xF0, 0x0F, 0x0C, 0x07, 0x9A, 0x07, 0x02, 0x04, 0x02, 0x04, 0x1E, 0x05, 0xFF, 0x05, 0x0E, 0x07, 0x0C, 0x07, 0xF0, 0x07, 0x00, 0x00};
static const uint8_t emoji_1F971[] = {0x00, 0x00, 0xF0, 0x00, 0x0C, 0x03, 0x92, 0x04, 0x9A, 0x05, 0x62, 0x04, 0xF2, 0x04, 0x82, 0x05, 0x84, 0x03, 0x84, 0x03, 0xFC, 0x00, 0x00, 0x00};
static const uint8_t emoji_1F972[] = {0x00, 0x00, 0xF0, 0x00, 0x0C, 0x03, 0x02, 0x02, 0x9A, 0x05, 0x92, 0x04, 0x02, 0x04, 0xFA, 0x04, 0x7C, 0x02, 0x0C, 0x03, 0xF0, 0x00, 0x00, 0x00};
static const uint8_t emoji_1F973[] = {0x00, 0x00, 0x04, 0x04, 0x50, 0x07, 0xA8, 0x03, 0x04, 0x02, 0x9C, 0x03, 0x0A, 0x04, 0x46, 0x06, 0xC4, 0x03, 0x44, 0x02, 0xF8, 0x01, 0x00, 0x00};
static const uint8_t emoji_1F974[] = {0x00, 0x00, 0xF0, 0x00, 0x0C, 0x03, 0x02, 0x04, 0x9A, 0x05, 0x9A, 0x04, 0x02, 0x04, 0x0E, 0x05, 0xFC, 0x03, 0x0C, 0x03, 0xF0, 0x00, 0x00, 0x00};
static const uint8_t emoji_1F975[] = {0x00, 0x00, 0xF0, 0x00, 0x0C, 0x07, 0x0A, 0x05, 0x9A, 0x05, 0x9A, 0x07, 0x02, 0x06, 0xF2, 0x04, 0xFA, 0x03, 0x6E, 0x03, 0xF0, 0x00, 0x00, 0x00};
static const uint8_t emoji_1F976[] = {0x00, 0x00, 0xF8, 0x01, 0x04, 0x02, 0x92, 0x04, 0x9A, 0x04, 0x02, 0x04, 0x02, 0x04, 0x02, 0x04, 0x02, 0x06, 0x8C, 0x03, 0x70, 0x00, 0x00, 0x00};
static const uint8_t emoji_1F977[] = {0x00, 0x00, 0xF0, 0x00, 0xF8, 0x01, 0x08, 0x03, 0x08, 0x02, 0x04, 0x02, 0xEA, 0x01, 0xF4, 0x01, 0xEC, 0x00, 0xFC, 0x03, 0xFC, 0x07, 0x00, 0x00};
static const uint8_t emoji_1F978[] = {0x00, 0x00, 0xF8, 0x01, 0x9C, 0x03, 0x9E, 0x07, 0x62, 0x04, 0x82, 0x04, 0x9E, 0x07, 0x02, 0x04, 0xFA, 0x05, 0x04, 0x02, 0xF8, 0x01, 0x00, 0x00};
static const uint8_t emoji_1F979[] = {0x00, 0x00, 0xF0, 0x00, 0x0C, 0x03, 0x0A, 0x05, 0x02, 0x05, 0x32, 0x05, 0x9A, 0x05, 0x02, 0x04, 0xF4, 0x02, 0x6C, 0x03, 0xF0, 0x00, 0x00, 0x00};
static const uint8_t emoji_1F97A[] = {0x00, 0x00, 0xF0, 0x00, 0x0C, 0x03, 0x0A, 0x05, 0x02, 0x05, 0x32, 0x05, 0x9A, 0x05, 0x02, 0x04, 0x64, 0x02, 0x0C, 0x03, 0xF0, 0x00, 0x00, 0x00};
static const uint8_t emoji_1F97B[] = {0x00, 0x00, 0xD8, 0x01, 0x38, 0x01, 0x10, 0x01, 0x10, 0x01, 0x90, 0x03, 0xD0, 0x03, 0xE8, 0x03, 0xF8, 0x01, 0xF8, 0x01, 0xF8, 0x01, 0x00, 0x00};
static const uint8_t emoji_1F97C[] = {0x00, 0x00, 0xF0, 0x00, 0x68, 0x01, 0x64, 0x01, 0x64, 0x02, 0x04, 0x02, 0x04, 0x02, 0x04, 0x02, 0x0E, 0x07, 0x08, 0x01, 0xF8, 0x01, 0x00, 0x00};
static const uint8_t emoji_1F97D[] = {0x00, 0x00, 0x00, 0x00, 0x98, 0x03, 0x02, 0x04, 0x0A, 0x05, 0xF6, 0x06, 0x02, 0x04, 0x02, 0x04, 0x64, 0x02, 0x9C, 0x03, 0x00, 0x00, 0x00, 0x00};
static const uint8_t emoji_1F97E[] = {0x00, 0x00, 0x00, 0x00, 0x3E, 0x00, 0x3E, 0x00, 0x3E, 0x00, 0x7E, 0x00, 0xFE, 0x00, 0xFE, 0x03, 0xFE, 0x07, 0xF8, 0x07, 0xE0, 0x03, 0x00, 0x00};
static const uint8_t emoji_1F97F[] = {0x00, 0x00, 0x00, 0x00, 0x00, 0x00, 0x00, 0x00, 0x00, 0x00, 0x00, 0x00, 0x0E, 0x00, 0x3E, 0x00, 0xFE, 0x03, 0xFE, 0x07, 0xE0, 0x07, 0x00, 0x00};
static const uint8_t emoji_1F980[] = {0x00, 0x00, 0x00, 0x00, 0x90, 0x00, 0x98, 0x01, 0x98, 0x01, 0x68, 0x03, 0xFE, 0x07, 0xFC, 0x03, 0xFC, 0x07, 0xF0, 0x00, 0x00, 0x00, 0x00, 0x00};
static const uint8_t emoji_1F981[] = {0x00, 0x00, 0xF8, 0x01, 0xFC, 0x03, 0x04, 0x02, 0x16, 0x02, 0x06, 0x02, 0x66, 0x02, 0x6C, 0x03, 0x9C, 0x03, 0xF8, 0x01, 0x60, 0x00, 0x00, 0x00};
static const uint8_t emoji_1F982[] = {0x40, 0x00, 0xE0, 0x00, 0xA0, 0x01, 0x80, 0x00, 0xC0, 0x00, 0xF0, 0x01, 0xFC, 0x01, 0xFC, 0x01, 0x06, 0x01, 0x06, 0x01, 0x80, 0x01, 0x00, 0x00};
static const uint8_t emoji_1F983[] = {0x00, 0x00, 0xEC, 0x01, 0x1C, 0x03, 0x56, 0x06, 0xFE, 0x04, 0xFE, 0x05, 0x3A, 0x02, 0xC4, 0x02, 0xE8, 0x01, 0x50, 0x00, 0x30, 0x00, 0x00, 0x00};
static const uint8_t emoji_1F984[] = {0x00, 0x00, 0x00, 0x00, 0xB8, 0x00, 0xCC, 0x01, 0xC8, 0x01, 0x98, 0x03, 0x84, 0x03, 0x1A, 0x07, 0x26, 0x07, 0x20, 0x02, 0xE0, 0x03, 0x00, 0x00};
static const uint8_t emoji_1F985[] = {0x00, 0x00, 0x04, 0x00, 0x0E, 0x00, 0xDE, 0x03, 0xDE, 0x03, 0xE4, 0x01, 0xE4, 0x00, 0xE8, 0x00, 0x70, 0x00, 0xB8, 0x00, 0x60, 0x00, 0x00, 0x00};
static const uint8_t emoji_1F986[] = {0x00, 0x00, 0x38, 0x00, 0x3E, 0x00, 0x30, 0x00, 0x30, 0x00, 0xC8, 0x07, 0x18, 0x02, 0x38, 0x03, 0xF0, 0x01, 0x20, 0x00, 0x50, 0x00, 0x00, 0x00};
static const uint8_t emoji_1F987[] = {0x00, 0x00, 0x00, 0x00, 0x00, 0x00, 0x28, 0x00, 0xDC, 0x03, 0xFE, 0x07, 0x9E, 0x07, 0x9E, 0x0F, 0x60, 0x00, 0x00, 0x00, 0x00, 0x00, 0x00, 0x00};
static const uint8_t emoji_1F988[] = {0x00, 0x00, 0x80, 0x01, 0xF8, 0x01, 0xEE, 0x03, 0x06, 0x05, 0xB8, 0x04, 0x40, 0x05, 0x18, 0x03, 0xF8, 0x00, 0x20, 0x00, 0x20, 0x00, 0x00, 0x00};
static const uint8_t emoji_1F989[] = {0x00, 0x00, 0x08, 0x00, 0xF8, 0x03, 0x78, 0x01, 0xF8, 0x01, 0x68, 0x01, 0x0C, 0x03, 0x04, 0x01, 0x08, 0x01, 0x90, 0x00, 0xF0, 0x01, 0x00, 0x00};
static const uint8_t emoji_1F98A[] = {0x00, 0x00, 0x08, 0x01, 0x1C, 0x03, 0xFC, 0x03, 0xF8, 0x03, 0xFC, 0x03, 0xFC, 0x03, 0xFE, 0x07, 0x66, 0x06, 0xF8, 0x01, 0x60, 0x00, 0x00, 0x00};
static const uint8_t emoji_1F98B[] = {0x00, 0x00, 0x00, 0x00, 0x00, 0x04, 0x00, 0x07, 0xCE, 0x04, 0x72, 0x04, 0xE4, 0x02, 0x0C, 0x02, 0x90, 0x02, 0x50, 0x03, 0x20, 0x00, 0x00, 0x00};
static const uint8_t emoji_1F98C[] = {0x00, 0x00, 0x00, 0x00, 0x28, 0x00, 0x38, 0x00, 0x18, 0x00, 0xF0, 0x00, 0xF0, 0x01, 0xF0, 0x00, 0x10, 0x01, 0x10, 0x00, 0x10, 0x01, 0x00, 0x00};
static const uint8_t emoji_1F98D[] = {0x00, 0x00, 0x18, 0x00, 0x34, 0x00, 0x74, 0x00, 0xF4, 0x00, 0xFC, 0x03, 0xFC, 0x02, 0xFC, 0x03, 0xEC, 0x03, 0xE4, 0x06, 0xE4, 0x06, 0x00, 0x00};
static const uint8_t emoji_1F98E[] = {0x00, 0x00, 0x08, 0x00, 0x5C, 0x00, 0x54, 0x00, 0x28, 0x03, 0xCC, 0x01, 0x98, 0x00, 0x60, 0x01, 0xA0, 0x01, 0x00, 0x01, 0x00, 0x03, 0x00, 0x00};
static const uint8_t emoji_1F98F[] = {0x00, 0x00, 0x00, 0x00, 0x00, 0x00, 0x70, 0x03, 0x88, 0x04, 0x06, 0x04, 0x12, 0x04, 0x2A, 0x06, 0x34, 0x07, 0x20, 0x07, 0xE0, 0x00, 0x00, 0x00};
static const uint8_t emoji_1F990[] = {0x00, 0x00, 0x00, 0x00, 0x00, 0x00, 0x00, 0x00, 0x3E, 0x00, 0xFC, 0x03, 0xF8, 0x07, 0xF8, 0x05, 0x00, 0x04, 0x00, 0x06, 0x00, 0x00, 0x00, 0x00};
static const uint8_t emoji_1F991[] = {0x00, 0x00, 0x20, 0x00, 0xB0, 0x03, 0x50, 0x02, 0x28, 0x06, 0x24, 0x01, 0xDC, 0x00, 0x2A, 0x07, 0xB8, 0x00, 0x60, 0x00, 0x10, 0x00, 0x00, 0x00};
static const uint8_t emoji_1F992[] = {0x00, 0x00, 0x18, 0x00, 0x1C, 0x00, 0x10, 0x00, 0x30, 0x00, 0xE0, 0x00, 0xE0, 0x01, 0xE0, 0x01, 0xA0, 0x01, 0x20, 0x01, 0xA0, 0x00, 0x00, 0x00};
static const uint8_t emoji_1F993[] = {0x00, 0x00, 0x1C, 0x00, 0x24, 0x00, 0x26, 0x00, 0xCA, 0x03, 0x10, 0x05, 0x90, 0x05, 0x60, 0x05, 0x60, 0x05, 0x60, 0x03, 0x60, 0x00, 0x00, 0x00};
static const uint8_t emoji_1F994[] = {0x00, 0x00, 0x00, 0x00, 0x00, 0x00, 0xC0, 0x01, 0xFC, 0x03, 0xFC, 0x07, 0xEC, 0x07, 0xE2, 0x07, 0xC4, 0x07, 0x78, 0x03, 0x80, 0x00, 0x00, 0x00};
static const uint8_t emoji_1F995[] = {0x00, 0x00, 0x0C, 0x00, 0x0E, 0x00, 0x02, 0x00, 0x02, 0x00, 0x06, 0x00, 0x7C, 0x00, 0xF8, 0x04, 0xF8, 0x07, 0xB8, 0x03, 0xDC, 0x00, 0x00, 0x00};
static const uint8_t emoji_1F996[] = {0x00, 0x00, 0x00, 0x00, 0x0E, 0x00, 0x12, 0x06, 0xE2, 0x04, 0x0E, 0x07, 0x08, 0x01, 0x90, 0x00, 0xA0, 0x00, 0xE0, 0x00, 0xF0, 0x00, 0x00, 0x00};
static const uint8_t emoji_1F997[] = {0x00, 0x00, 0x00, 0x00, 0x00, 0x00, 0x00, 0x00, 0x80, 0x00, 0x44, 0x03, 0x7C, 0x01, 0x34, 0x03, 0xF4, 0x03, 0x88, 0x04, 0x00, 0x00, 0x00, 0x00};
static const uint8_t emoji_1F998[] = {0x00, 0x00, 0x00, 0x00, 0x08, 0x00, 0xE6, 0x00, 0xFE, 0x01, 0xF8, 0x01, 0xF0, 0x03, 0x90, 0x04, 0x80, 0x00, 0xC0, 0x00, 0x00, 0x00, 0x00, 0x00};
static const uint8_t emoji_1F999[] = {0x00, 0x00, 0x04, 0x00, 0x0A, 0x00, 0x0C, 0x00, 0xF4, 0x00, 0x08, 0x07, 0x08, 0x02, 0x10, 0x02, 0xD0, 0x02, 0x20, 0x03, 0x20, 0x01, 0x00, 0x00};
static const uint8_t emoji_1F99A[] = {0x00, 0x00, 0x00, 0x00, 0xF0, 0x01, 0x4C, 0x02, 0x04, 0x04, 0x22, 0x04, 0x22, 0x04, 0x22, 0x04, 0xFC, 0x07, 0x60, 0x00, 0x00, 0x00, 0x00, 0x00};
static const uint8_t emoji_1F99B[] = {0x00, 0x00, 0x00, 0x00, 0x00, 0x00, 0x00, 0x00, 0xF8, 0x03, 0xFC, 0x07, 0xFC, 0x07, 0xFE, 0x07, 0xFE, 0x07, 0x70, 0x02, 0x70, 0x00, 0x00, 0x00};
static const uint8_t emoji_1F99C[] = {0x00, 0x00, 0x1C, 0x00, 0x3C, 0x00, 0x3A, 0x00, 0x5C, 0x00, 0x4C, 0x00, 0x84, 0x00, 0x84, 0x00, 0x08, 0x01, 0x90, 0x03, 0x78, 0x00, 0x00, 0x00};
static const uint8_t emoji_1F99D[] = {0x00, 0x00, 0x00, 0x00, 0x00, 0x00, 0x00, 0x00, 0x00, 0x00, 0xE4, 0x01, 0x1C, 0x02, 0x86, 0x06, 0xF8, 0x06, 0xAC, 0x03, 0x00, 0x00, 0x00, 0x00};
static const uint8_t emoji_1F99E[] = {0x00, 0x00, 0x00, 0x01, 0x0C, 0x03, 0x0C, 0x03, 0x6C, 0x03, 0x68, 0x01, 0xF0, 0x00, 0xF0, 0x00, 0x60, 0x00, 0x60, 0x00, 0xE0, 0x00, 0x00, 0x00};
static const uint8_t emoji_1F99F[] = {0x00, 0x00, 0x00, 0x00, 0x00, 0x02, 0x00, 0x01, 0xC0, 0x07, 0xF0, 0x03, 0x38, 0x00, 0x18, 0x00, 0x00, 0x00, 0x00, 0x00, 0x00, 0x00, 0x00, 0x00};
static const uint8_t emoji_1F9A0[] = {0x00, 0x00, 0x18, 0x00, 0x24, 0x00, 0x44, 0x00, 0x44, 0x00, 0x84, 0x00, 0x18, 0x03, 0x20, 0x02, 0x40, 0x02, 0xC0, 0x03, 0x00, 0x00, 0x00, 0x00};
static const uint8_t emoji_1F9A1[] = {0x00, 0x00, 0x00, 0x00, 0x00, 0x00, 0x00, 0x00, 0x00, 0x00, 0xC8, 0x00, 0x3E, 0x03, 0x06, 0x02, 0x78, 0x04, 0xB0, 0x03, 0x10, 0x02, 0x00, 0x00};
static const uint8_t emoji_1F9A2[] = {0x00, 0x00, 0x08, 0x00, 0x0C, 0x00, 0x0A, 0x00, 0x08, 0x00, 0x84, 0x00, 0x76, 0x07, 0xCA, 0x06, 0x7A, 0x05, 0x06, 0x03, 0xF8, 0x00, 0x00, 0x00};
static const uint8_t emoji_1F9A3[] = {0x00, 0x00, 0x18, 0x00, 0xFC, 0x00, 0xFC, 0x01, 0xFC, 0x03, 0xFC, 0x07, 0xEE, 0x07, 0xE2, 0x07, 0xF6, 0x07, 0xFC, 0x06, 0x70, 0x00, 0x00, 0x00};
static const uint8_t emoji_1F9A4[] = {0x00, 0x00, 0x1E, 0x00, 0x18, 0x00, 0x18, 0x00, 0xFE, 0x07, 0xFC, 0x05, 0xFC, 0x05, 0xF8, 0x03, 0xF0, 0x01, 0x40, 0x00, 0x60, 0x00, 0x00, 0x00};
static const uint8_t emoji_1F9A5[] = {0x00, 0x00, 0x5E, 0x00, 0xB8, 0x03, 0x94, 0x02, 0x42, 0x03, 0xA2, 0x02, 0xC2, 0x04, 0x0A, 0x04, 0x04, 0x02, 0x0C, 0x02, 0xF0, 0x01, 0x00, 0x00};
static const uint8_t emoji_1F9A6[] = {0x00, 0x00, 0x00, 0x00, 0x00, 0x00, 0x1C, 0x02, 0x1A, 0x06, 0x22, 0x07, 0x7C, 0x07, 0x9C, 0x07, 0x18, 0x07, 0xF0, 0x03, 0xC0, 0x00, 0x00, 0x00};
static const uint8_t emoji_1F9A7[] = {0x00, 0x00, 0xC0, 0x03, 0xA0, 0x04, 0xE0, 0x05, 0x30, 0x03, 0xA8, 0x03, 0xE8, 0x01, 0xE4, 0x03, 0x6E, 0x02, 0x70, 0x03, 0xC0, 0x00, 0x00, 0x00};
static const uint8_t emoji_1F9A8[] = {0x00, 0x00, 0xC0, 0x03, 0x20, 0x07, 0xA0, 0x07, 0xA0, 0x04, 0x50, 0x00, 0xC8, 0x00, 0xE4, 0x00, 0xFE, 0x00, 0x3C, 0x00, 0x18, 0x00, 0x00, 0x00};
static const uint8_t emoji_1F9A9[] = {0x00, 0x00, 0x38, 0x00, 0x10, 0x00, 0x10, 0x00, 0xE8, 0x00, 0xF8, 0x01, 0xF0, 0x01, 0x80, 0x00, 0x60, 0x00, 0x00, 0x00, 0x00, 0x00, 0x00, 0x00};
static const uint8_t emoji_1F9AA[] = {0x00, 0x00, 0x80, 0x07, 0x60, 0x06, 0x10, 0x04, 0x0C, 0x06, 0x04, 0x06, 0x02, 0x06, 0x02, 0x02, 0x04, 0x02, 0x04, 0x01, 0xF8, 0x00, 0x00, 0x00};
static const uint8_t emoji_1F9AB[] = {0x00, 0x00, 0x1E, 0x00, 0x1E, 0x00, 0x3E, 0x00, 0x7E, 0x00, 0xFE, 0x04, 0xFE, 0x07, 0xFE, 0x03, 0xFC, 0x00, 0x7C, 0x00, 0x30, 0x00, 0x00, 0x00};
static const uint8_t emoji_1F9AC[] = {0x00, 0x00, 0x30, 0x00, 0x5E, 0x00, 0xDE, 0x01, 0xDE, 0x06, 0xEC, 0x04, 0x74, 0x04, 0x34, 0x04, 0xC8, 0x05, 0x48, 0x06, 0x48, 0x00, 0x00, 0x00};
static const uint8_t emoji_1F9AD[] = {0x00, 0x00, 0x08, 0x00, 0x3C, 0x00, 0x3E, 0x05, 0x3E, 0x07, 0x3E, 0x03, 0xFE, 0x03, 0xFE, 0x03, 0xFC, 0x01, 0xFC, 0x00, 0x70, 0x00, 0x00, 0x00};
static const uint8_t emoji_1F9AE[] = {0x00, 0x00, 0x0C, 0x00, 0x0E, 0x00, 0x1E, 0x04, 0xFC, 0x07, 0xF8, 0x03, 0xF8, 0x03, 0xF8, 0x03, 0x38, 0x07, 0xA8, 0x04, 0x20, 0x00, 0x00, 0x00};
static const uint8_t emoji_1F9AF[] = {0x00, 0x00, 0x00, 0x04, 0x00, 0x06, 0x00, 0x01, 0x80, 0x00, 0x40, 0x00, 0x20, 0x00, 0x10, 0x00, 0x08, 0x00, 0x04, 0x00, 0x02, 0x00, 0x00, 0x00};
static const uint8_t emoji_1F9B0[] = {0x00, 0x00, 0x00, 0x00, 0xF8, 0x01, 0xFC, 0x03, 0xFE, 0x07, 0xFE, 0x07, 0x02, 0x04, 0x02, 0x04, 0x02, 0x04, 0x00, 0x00, 0x00, 0x00, 0x00, 0x00};
static const uint8_t emoji_1F9B1[] = {0x00, 0x00, 0x00, 0x00, 0xF0, 0x01, 0xFC, 0x03, 0xFC, 0x07, 0xFE, 0x07, 0xFE, 0x07, 0x06, 0x04, 0x02, 0x04, 0x02, 0x04, 0x00, 0x00, 0x00, 0x00};
static const uint8_t emoji_1F9B2[] = {0x00, 0x00, 0x00, 0x00, 0xF8, 0x01, 0xFC, 0x03, 0xFC, 0x03, 0xFC, 0x03, 0xFE, 0x07, 0xFE, 0x07, 0xFE, 0x07, 0xFE, 0x07, 0xFC, 0x03, 0x00, 0x00};
static const uint8_t emoji_1F9B3[] = {0x00, 0x00, 0x00, 0x00, 0xF8, 0x01, 0xFC, 0x03, 0xFE, 0x07, 0xFE, 0x07, 0x02, 0x04, 0x02, 0x04, 0x02, 0x04, 0x00, 0x00, 0x00, 0x00, 0x00, 0x00};
static const uint8_t emoji_1F9B4[] = {0x00, 0x00, 0x80, 0x01, 0x80, 0x03, 0x80, 0x07, 0xC0, 0x07, 0xE0, 0x00, 0x70, 0x00, 0x3E, 0x00, 0x1E, 0x00, 0x1C, 0x00, 0x18, 0x00, 0x00, 0x00};
static const uint8_t emoji_1F9B5[] = {0x00, 0x00, 0xC0, 0x03, 0xF0, 0x07, 0xF8, 0x07, 0x38, 0x00, 0x38, 0x00, 0x30, 0x00, 0x10, 0x00, 0x10, 0x00, 0x18, 0x00, 0x1C, 0x00, 0x00, 0x00};
static const uint8_t emoji_1F9B6[] = {0x00, 0x00, 0x80, 0x07, 0x80, 0x07, 0x80, 0x07, 0x80, 0x07, 0x80, 0x07, 0xC0, 0x07, 0xE0, 0x07, 0xF8, 0x07, 0xFE, 0x01, 0x7C, 0x00, 0x00, 0x00};
static const uint8_t emoji_1F9B7[] = {0x00, 0x00, 0xF8, 0x01, 0xFC, 0x03, 0xFC, 0x03, 0xFC, 0x03, 0xF8, 0x01, 0xF8, 0x01, 0xB8, 0x01, 0x98, 0x01, 0x98, 0x01, 0x10, 0x01, 0x00, 0x00};
static const uint8_t emoji_1F9B8[] = {0x00, 0x00, 0xC0, 0x01, 0x40, 0x03, 0x20, 0x01, 0x10, 0x01, 0xF8, 0x01, 0xB8, 0x01, 0xB0, 0x00, 0xF0, 0x00, 0x20, 0x00, 0x20, 0x00, 0x00, 0x00};
static const uint8_t emoji_1F9B9[] = {0x00, 0x00, 0xE4, 0x00, 0x9C, 0x00, 0x78, 0x02, 0xF0, 0x01, 0xF0, 0x00, 0xF0, 0x00, 0x90, 0x00, 0x98, 0x01, 0xF8, 0x01, 0x10, 0x01, 0x00, 0x00};
static const uint8_t emoji_1F9BA[] = {0x00, 0x00, 0xF0, 0x00, 0xF8, 0x01, 0xF4, 0x02, 0x64, 0x02, 0x64, 0x02, 0x66, 0x06, 0x62, 0x04, 0x62, 0x04, 0x62, 0x04, 0xFC, 0x03, 0x00, 0x00};
static const uint8_t emoji_1F9BB[] = {0x00, 0x00, 0xF8, 0x00, 0xFC, 0x03, 0xFC, 0x03, 0xFC, 0x03, 0xFC, 0x03, 0xF8, 0x01, 0xF8, 0x00, 0xF8, 0x00, 0x78, 0x00, 0x38, 0x00, 0x00, 0x00};
static const uint8_t emoji_1F9BC[] = {0x00, 0x00, 0x00, 0x03, 0x00, 0x01, 0x00, 0x01, 0x00, 0x01, 0xE0, 0x01, 0x80, 0x01, 0xE0, 0x01, 0x90, 0x00, 0x30, 0x01, 0xD0, 0x02, 0x00, 0x00};
static const uint8_t emoji_1F9BD[] = {0x00, 0x00, 0x00, 0x00, 0x00, 0x00, 0x00, 0x02, 0x80, 0x03, 0xE0, 0x03, 0xF0, 0x07, 0xB0, 0x05, 0x28, 0x04, 0x2C, 0x04, 0xDC, 0x03, 0x00, 0x00};
static const uint8_t emoji_1F9BE[] = {0x00, 0x00, 0x30, 0x00, 0x78, 0x00, 0x78, 0x00, 0x08, 0x00, 0x0C, 0x00, 0xCC, 0x03, 0xFE, 0x07, 0xFE, 0x07, 0xFE, 0x07, 0xFE, 0x03, 0x00, 0x00};
static const uint8_t emoji_1F9BF[] = {0x00, 0x00, 0xC0, 0x03, 0x20, 0x02, 0x50, 0x02, 0xC8, 0x01, 0x38, 0x00, 0x18, 0x00, 0x30, 0x00, 0x20, 0x00, 0x20, 0x00, 0x60, 0x00, 0x00, 0x00};
static const uint8_t emoji_1F9C0[] = {0x00, 0x00, 0x00, 0x00, 0xC0, 0x03, 0x20, 0x04, 0x98, 0x07, 0xEC, 0x07, 0xFE, 0x07, 0xFE, 0x07, 0xFE, 0x07, 0x7E, 0x00, 0x02, 0x00, 0x00, 0x00};
static const uint8_t emoji_1F9C1[] = {0x00, 0x00, 0x60, 0x00, 0xF0, 0x00, 0xF8, 0x01, 0xF8, 0x01, 0xFC, 0x03, 0xFC, 0x03, 0xFC, 0x03, 0xFC, 0x03, 0xF8, 0x03, 0xF8, 0x01, 0x00, 0x00};
static const uint8_t emoji_1F9C2[] = {0x00, 0x00, 0xF0, 0x00, 0xF0, 0x00, 0xF0, 0x00, 0xF0, 0x00, 0xF8, 0x00, 0xF8, 0x01, 0xF8, 0x01, 0xF8, 0x01, 0xF8, 0x01, 0xF8, 0x01, 0x00, 0x00};
static const uint8_t emoji_1F9C3[] = {0x00, 0x00, 0x00, 0x00, 0x70, 0x00, 0x88, 0x01, 0x88, 0x01, 0x88, 0x01, 0x98, 0x01, 0x98, 0x01, 0x88, 0x01, 0x88, 0x01, 0xF0, 0x01, 0x00, 0x00};
static const uint8_t emoji_1F9C4[] = {0x00, 0x00, 0x60, 0x00, 0x60, 0x00, 0x60, 0x00, 0xF0, 0x00, 0xFC, 0x03, 0xFC, 0x03, 0xFC, 0x03, 0xFC, 0x03, 0xF8, 0x01, 0x60, 0x00, 0x00, 0x00};
static const uint8_t emoji_1F9C5[] = {0x00, 0x00, 0x60, 0x00, 0xF0, 0x00, 0xFC, 0x01, 0xFC, 0x03, 0xFE, 0x07, 0xFE, 0x07, 0xFE, 0x07, 0xFC, 0x03, 0xF8, 0x01, 0xF0, 0x00, 0x00, 0x00};
static const uint8_t emoji_1F9C6[] = {0x00, 0x00, 0x00, 0x00, 0xF0, 0x00, 0xF8, 0x01, 0xF4, 0x03, 0xEA, 0x07, 0xFA, 0x07, 0xB2, 0x07, 0x02, 0x04, 0xFC, 0x03, 0x00, 0x00, 0x00, 0x00};
static const uint8_t emoji_1F9C7[] = {0x00, 0x00, 0x00, 0x00, 0x60, 0x00, 0xF8, 0x01, 0x9C, 0x07, 0x8E, 0x07, 0xDA, 0x04, 0x64, 0x03, 0x98, 0x01, 0x60, 0x00, 0x00, 0x00, 0x00, 0x00};
static const uint8_t emoji_1F9C8[] = {0x00, 0x00, 0x00, 0x00, 0x80, 0x00, 0x60, 0x03, 0xA0, 0x03, 0x90, 0x07, 0x9E, 0x07, 0xE2, 0x01, 0x74, 0x00, 0x18, 0x00, 0x00, 0x00, 0x00, 0x00};
static const uint8_t emoji_1F9C9[] = {0x00, 0x00, 0x00, 0x02, 0x00, 0x01, 0xE0, 0x00, 0xF8, 0x00, 0x08, 0x01, 0x98, 0x01, 0xFC, 0x03, 0xFC, 0x03, 0xF8, 0x01, 0xF0, 0x00, 0x00, 0x00};
static const uint8_t emoji_1F9CA[] = {0x00, 0x00, 0xF0, 0x01, 0x6E, 0x06, 0x72, 0x04, 0x82, 0x07, 0xC2, 0x07, 0xC2, 0x07, 0xCE, 0x07, 0xDE, 0x07, 0xFE, 0x01, 0x78, 0x00, 0x00, 0x00};
static const uint8_t emoji_1F9CB[] = {0x00, 0x00, 0x80, 0x00, 0xE0, 0x00, 0x98, 0x01, 0xF8, 0x01, 0xF8, 0x01, 0xE8, 0x01, 0x48, 0x01, 0xF8, 0x01, 0xF8, 0x01, 0xF0, 0x00, 0x00, 0x00};
static const uint8_t emoji_1F9CC[] = {0x00, 0x00, 0xE0, 0x00, 0xB0, 0x01, 0x9C, 0x03, 0xB2, 0x03, 0xFA, 0x05, 0xFC, 0x05, 0xF8, 0x05, 0xF8, 0x03, 0xB8, 0x03, 0x98, 0x01, 0x00, 0x00};
static const uint8_t emoji_1F9CD[] = {0x00, 0x00, 0x60, 0x00, 0x60, 0x00, 0x60, 0x00, 0x70, 0x00, 0xF0, 0x00, 0xF0, 0x00, 0x70, 0x00, 0x60, 0x00, 0x60, 0x00, 0x60, 0x00, 0x00, 0x00};
static const uint8_t emoji_1F9CE[] = {0x00, 0x00, 0x70, 0x00, 0x50, 0x00, 0x20, 0x00, 0x60, 0x00, 0x60, 0x00, 0x60, 0x00, 0x50, 0x00, 0x78, 0x00, 0x78, 0x00, 0xC8, 0x01, 0x00, 0x00};
static const uint8_t emoji_1F9CF[] = {0x00, 0x00, 0xF0, 0x07, 0x30, 0x05, 0x10, 0x05, 0x20, 0x04, 0x60, 0x04, 0x68, 0x04, 0xA0, 0x05, 0x50, 0x06, 0x90, 0x05, 0xF8, 0x07, 0x00, 0x00};
static const uint8_t emoji_1F9D0[] = {0x00, 0x00, 0xF0, 0x00, 0x8C, 0x03, 0x0E, 0x04, 0x0A, 0x04, 0x8A, 0x06, 0x02, 0x04, 0x02, 0x04, 0x74, 0x02, 0x0C, 0x03, 0xF0, 0x00, 0x00, 0x00};
static const uint8_t emoji_1F9D1[] = {0x00, 0x00, 0xF8, 0x01, 0xFC, 0x03, 0xFE, 0x07, 0x1E, 0x07, 0x0E, 0x06, 0x96, 0x04, 0x02, 0x04, 0x04, 0x02, 0x04, 0x02, 0xF8, 0x01, 0x00, 0x00};
static const uint8_t emoji_1F9D2[] = {0x00, 0x00, 0xF8, 0x01, 0xFC, 0x03, 0xFE, 0x07, 0xFE, 0x07, 0x06, 0x06, 0x02, 0x04, 0x02, 0x04, 0x04, 0x02, 0x0C, 0x03, 0xF0, 0x00, 0x00, 0x00};
static const uint8_t emoji_1F9D3[] = {0x00, 0x00, 0xF8, 0x01, 0xFC, 0x03, 0xFE, 0x07, 0xFE, 0x07, 0xFE, 0x07, 0xFE, 0x07, 0xFE, 0x07, 0xFC, 0x03, 0xFC, 0x03, 0xF8, 0x01, 0x00, 0x00};
static const uint8_t emoji_1F9D4[] = {0x00, 0x00, 0xF8, 0x01, 0xFC, 0x03, 0xFC, 0x03, 0x1C, 0x02, 0x06, 0x06, 0x96, 0x06, 0x04, 0x02, 0x64, 0x02, 0xFC, 0x03, 0xF0, 0x00, 0x00, 0x00};
static const uint8_t emoji_1F9D5[] = {0x00, 0x00, 0xF0, 0x00, 0xF8, 0x01, 0xFC, 0x01, 0x9C, 0x03, 0x0C, 0x03, 0x08, 0x02, 0x08, 0x03, 0x98, 0x01, 0xFC, 0x03, 0xFC, 0x03, 0x00, 0x00};
static const uint8_t emoji_1F9D6[] = {0x00, 0x00, 0xF8, 0x00, 0xFC, 0x03, 0xBC, 0x07, 0x1C, 0x07, 0x04, 0x06, 0x04, 0x04, 0x44, 0x04, 0x02, 0x04, 0x02, 0x02, 0xFE, 0x07, 0x00, 0x00};
static const uint8_t emoji_1F9D7[] = {0x00, 0x00, 0xDE, 0x00, 0xAE, 0x00, 0x6E, 0x00, 0x6E, 0x00, 0xA6, 0x00, 0x76, 0x00, 0x4E, 0x00, 0x2E, 0x00, 0x0E, 0x00, 0x4E, 0x00, 0x00, 0x00};
static const uint8_t emoji_1F9D8[] = {0x00, 0x00, 0xF0, 0x00, 0x90, 0x00, 0x90, 0x00, 0x60, 0x00, 0xF0, 0x00, 0xF0, 0x00, 0xF0, 0x01, 0xF8, 0x02, 0x04, 0x02, 0xFC, 0x03, 0x00, 0x00};
static const uint8_t emoji_1F9D9[] = {0x00, 0x00, 0xC0, 0x01, 0xA0, 0x00, 0x10, 0x01, 0xF8, 0x07, 0x1C, 0x06, 0xAC, 0x02, 0x16, 0x01, 0x1A, 0x01, 0x1C, 0x01, 0xF8, 0x03, 0x00, 0x00};
static const uint8_t emoji_1F9DA[] = {0x00, 0x00, 0x60, 0x00, 0x60, 0x00, 0x9E, 0x07, 0x64, 0x02, 0x68, 0x01, 0x64, 0x01, 0x9C, 0x03, 0x60, 0x00, 0x30, 0x00, 0x10, 0x00, 0x00, 0x00};
static const uint8_t emoji_1F9DB[] = {0x00, 0x00, 0xF8, 0x00, 0xF8, 0x01, 0x0C, 0x03, 0x04, 0x02, 0x94, 0x02, 0x04, 0x02, 0x0E, 0x07, 0x9C, 0x03, 0x9C, 0x03, 0xFC, 0x03, 0x00, 0x00};
static const uint8_t emoji_1F9DC[] = {0x00, 0x00, 0x60, 0x00, 0xE0, 0x00, 0x60, 0x00, 0x60, 0x00, 0x70, 0x00, 0x60, 0x00, 0x60, 0x00, 0x60, 0x00, 0xA0, 0x00, 0xE0, 0x01, 0x00, 0x00};
static const uint8_t emoji_1F9DD[] = {0x00, 0x00, 0xF0, 0x00, 0x08, 0x01, 0x48, 0x01, 0xF4, 0x02, 0x94, 0x02, 0x04, 0x02, 0x68, 0x01, 0x98, 0x01, 0xFC, 0x03, 0xFC, 0x03, 0x00, 0x00};
static const uint8_t emoji_1F9DE[] = {0x00, 0x00, 0x38, 0x00, 0x14, 0x00, 0x14, 0x00, 0x08, 0x00, 0x36, 0x03, 0xA2, 0x07, 0x92, 0x04, 0x4E, 0x00, 0x6E, 0x00, 0x1C, 0x06, 0x00, 0x00};
static const uint8_t emoji_1F9DF[] = {0x00, 0x00, 0xF0, 0x00, 0xF8, 0x01, 0xBC, 0x03, 0x0C, 0x02, 0x04, 0x02, 0x04, 0x01, 0x68, 0x03, 0x94, 0x02, 0x0A, 0x05, 0xFE, 0x07, 0x00, 0x00};
static const uint8_t emoji_1F9E0[] = {0x00, 0x00, 0x00, 0x00, 0xF8, 0x01, 0xFE, 0x03, 0xFE, 0x07, 0xFE, 0x07, 0xFE, 0x07, 0xFC, 0x07, 0xF8, 0x03, 0x80, 0x01, 0x00, 0x00, 0x00, 0x00};
static const uint8_t emoji_1F9E1[] = {0x00, 0x00, 0x9C, 0x03, 0xFE, 0x07, 0xFE, 0x07, 0xFE, 0x07, 0xFE, 0x07, 0xFC, 0x03, 0xFC, 0x03, 0xF8, 0x01, 0xF0, 0x00, 0x40, 0x00, 0x00, 0x00};
static const uint8_t emoji_1F9E2[] = {0x00, 0x00, 0x00, 0x00, 0xC0, 0x01, 0xF0, 0x03, 0xF0, 0x07, 0xF8, 0x07, 0xE8, 0x07, 0x04, 0x07, 0x9A, 0x01, 0x60, 0x00, 0x00, 0x00, 0x00, 0x00};
static const uint8_t emoji_1F9E3[] = {0x00, 0x00, 0xF0, 0x01, 0xF8, 0x01, 0x08, 0x01, 0xF8, 0x01, 0x90, 0x01, 0xD0, 0x00, 0x48, 0x01, 0x18, 0x01, 0xE0, 0x01, 0xC0, 0x00, 0x00, 0x00};
static const uint8_t emoji_1F9E4[] = {0x00, 0x00, 0x08, 0x00, 0x1C, 0x00, 0x3E, 0x00, 0xBE, 0x03, 0xBE, 0x07, 0xFC, 0x07, 0xFC, 0x07, 0xDC, 0x03, 0xC0, 0x03, 0x80, 0x03, 0x00, 0x00};
static const uint8_t emoji_1F9E5[] = {0x00, 0x00, 0xF0, 0x00, 0x08, 0x01, 0x04, 0x01, 0x0C, 0x02, 0x14, 0x03, 0x94, 0x02, 0x94, 0x02, 0x90, 0x00, 0x08, 0x01, 0xF0, 0x01, 0x00, 0x00};
static const uint8_t emoji_1F9E6[] = {0x00, 0x00, 0x30, 0x00, 0x30, 0x03, 0x30, 0x03, 0x30, 0x03, 0x68, 0x03, 0x24, 0x03, 0x92, 0x06, 0x4E, 0x02, 0x20, 0x01, 0xE0, 0x00, 0x00, 0x00};
static const uint8_t emoji_1F9E7[] = {0x00, 0x00, 0xF8, 0x03, 0xF8, 0x03, 0x88, 0x01, 0x08, 0x01, 0x08, 0x01, 0x08, 0x01, 0x08, 0x01, 0x98, 0x01, 0xF8, 0x01, 0xF8, 0x01, 0x00, 0x00};
static const uint8_t emoji_1F9E8[] = {0x00, 0x00, 0x00, 0x02, 0x00, 0x05, 0xE0, 0x05, 0xD0, 0x02, 0x78, 0x00, 0x38, 0x00, 0x3C, 0x00, 0x1E, 0x00, 0x0E, 0x00, 0x0E, 0x00, 0x00, 0x00};
static const uint8_t emoji_1F9E9[] = {0x00, 0x00, 0x30, 0x02, 0x50, 0x05, 0xA0, 0x02, 0x26, 0x01, 0x1A, 0x02, 0xFC, 0x07, 0x78, 0x02, 0x7C, 0x00, 0xEE, 0x00, 0x40, 0x00, 0x00, 0x00};
static const uint8_t emoji_1F9EA[] = {0x00, 0x00, 0x00, 0x01, 0x80, 0x02, 0x40, 0x02, 0x20, 0x01, 0xD0, 0x00, 0x68, 0x00, 0x34, 0x00, 0x1A, 0x00, 0x0E, 0x00, 0x06, 0x00, 0x00, 0x00};
static const uint8_t emoji_1F9EB[] = {0x00, 0x00, 0x00, 0x00, 0x00, 0x00, 0x00, 0x00, 0x00, 0x00, 0x00, 0x00, 0xFE, 0x07, 0x02, 0x04, 0x02, 0x04, 0x02, 0x04, 0xFC, 0x03, 0x00, 0x00};
static const uint8_t emoji_1F9EC[] = {0x00, 0x00, 0xC0, 0x07, 0xE0, 0x05, 0x60, 0x06, 0x60, 0x06, 0xFC, 0x07, 0xF6, 0x03, 0x6E, 0x00, 0x66, 0x00, 0x5A, 0x00, 0x3E, 0x00, 0x00, 0x00};
static const uint8_t emoji_1F9ED[] = {0x00, 0x00, 0xF0, 0x06, 0x0C, 0x07, 0x02, 0x03, 0xC2, 0x04, 0xF2, 0x04, 0x72, 0x04, 0x72, 0x04, 0x0A, 0x02, 0x04, 0x03, 0xF8, 0x01, 0x00, 0x00};
static const uint8_t emoji_1F9EE[] = {0x00, 0x00, 0xFE, 0x07, 0x0E, 0x04, 0xFE, 0x07, 0xFE, 0x07, 0xF6, 0x07, 0xF6, 0x07, 0xFE, 0x07, 0xFE, 0x04, 0x0E, 0x07, 0xFE, 0x07, 0x00, 0x00};
static const uint8_t emoji_1F9EF[] = {0x00, 0x00, 0x40, 0x00, 0x70, 0x00, 0x68, 0x00, 0xE0, 0x00, 0x90, 0x00, 0x90, 0x00, 0x90, 0x00, 0xF0, 0x00, 0xF0, 0x00, 0xF0, 0x00, 0x00, 0x00};
static const uint8_t emoji_1F9F0[] = {0x00, 0x00, 0x60, 0x00, 0x90, 0x00, 0x6E, 0x07, 0x02, 0x04, 0xF6, 0x06, 0xF2, 0x04, 0xF6, 0x06, 0xFE, 0x07, 0xFE, 0x07, 0xFE, 0x07, 0x00, 0x00};
static const uint8_t emoji_1F9F1[] = {0x00, 0x00, 0xFE, 0x07, 0xFE, 0x07, 0xFE, 0x07, 0xFE, 0x07, 0xFE, 0x07, 0xFE, 0x07, 0xFE, 0x07, 0xFE, 0x07, 0xFE, 0x07, 0xFE, 0x07, 0x00, 0x00};
static const uint8_t emoji_1F9F2[] = {0x00, 0x00, 0xF8, 0x07, 0xFC, 0x05, 0xFE, 0x05, 0xFE, 0x07, 0x0E, 0x00, 0x0E, 0x00, 0xFE, 0x07, 0xFE, 0x05, 0xFC, 0x05, 0xF8, 0x07, 0x00, 0x00};
static const uint8_t emoji_1F9F3[] = {0x00, 0x00, 0x00, 0x01, 0x20, 0x02, 0xD0, 0x01, 0x08, 0x01, 0x08, 0x03, 0x84, 0x01, 0x84, 0x01, 0xCC, 0x00, 0x70, 0x00, 0x20, 0x00, 0x00, 0x00};
static const uint8_t emoji_1F9F4[] = {0x00, 0x00, 0x60, 0x00, 0x60, 0x00, 0xF0, 0x00, 0xF0, 0x00, 0xF0, 0x00, 0x98, 0x01, 0x98, 0x01, 0x98, 0x01, 0xF8, 0x01, 0xF8, 0x01, 0x00, 0x00};
static const uint8_t emoji_1F9F5[] = {0x00, 0x00, 0xF8, 0x01, 0x08, 0x01, 0xF0, 0x00, 0xF0, 0x00, 0xF0, 0x00, 0xF0, 0x00, 0xF0, 0x00, 0xF8, 0x00, 0x08, 0x01, 0xF8, 0x01, 0x00, 0x00};
static const uint8_t emoji_1F9F6[] = {0x00, 0x00, 0xF8, 0x01, 0xE4, 0x01, 0xE4, 0x03, 0xE2, 0x03, 0xC2, 0x03, 0x8A, 0x03, 0x1C, 0x03, 0xFC, 0x01, 0xF0, 0x00, 0x00, 0x02, 0x00, 0x00};
static const uint8_t emoji_1F9F7[] = {0x00, 0x00, 0x00, 0x07, 0x80, 0x05, 0x40, 0x06, 0x20, 0x02, 0x10, 0x01, 0x88, 0x00, 0x44, 0x00, 0x22, 0x00, 0x12, 0x00, 0x0C, 0x00, 0x00, 0x00};
static const uint8_t emoji_1F9F8[] = {0x00, 0x00, 0xF0, 0x01, 0xF0, 0x01, 0xF0, 0x01, 0xF0, 0x01, 0x90, 0x00, 0x88, 0x01, 0xBC, 0x01, 0xFC, 0x03, 0xFC, 0x05, 0x9C, 0x03, 0x00, 0x00};
static const uint8_t emoji_1F9F9[] = {0x00, 0x00, 0x00, 0x04, 0x00, 0x02, 0x00, 0x01, 0x80, 0x00, 0x40, 0x00, 0x30, 0x00, 0x2C, 0x00, 0x12, 0x00, 0x12, 0x00, 0x0C, 0x00, 0x00, 0x00};
static const uint8_t emoji_1F9FA[] = {0x00, 0x00, 0x00, 0x00, 0x0E, 0x07, 0x8A, 0x05, 0xF6, 0x07, 0xE2, 0x04, 0x4E, 0x07, 0xF2, 0x03, 0x84, 0x03, 0x84, 0x02, 0xFC, 0x01, 0x00, 0x00};
static const uint8_t emoji_1F9FB[] = {0x00, 0x00, 0xFC, 0x03, 0xF4, 0x02, 0x84, 0x03, 0x04, 0x03, 0x84, 0x03, 0x84, 0x03, 0x04, 0x03, 0x84, 0x03, 0x04, 0x03, 0xF8, 0x00, 0x00, 0x00};
static const uint8_t emoji_1F9FC[] = {0x00, 0x00, 0x00, 0x00, 0xF0, 0x01, 0xF8, 0x03, 0xFC, 0x07, 0xFE, 0x07, 0xFE, 0x07, 0xFE, 0x03, 0xFC, 0x01, 0x78, 0x00, 0x00, 0x00, 0x00, 0x00};
static const uint8_t emoji_1F9FD[] = {0x00, 0x00, 0x00, 0x00, 0xC0, 0x00, 0xF0, 0x03, 0xFC, 0x07, 0xFE, 0x07, 0xFE, 0x07, 0xFE, 0x07, 0xFE, 0x01, 0x7C, 0x00, 0x30, 0x00, 0x00, 0x00};
static const uint8_t emoji_1F9FE[] = {0x00, 0x00, 0xFC, 0x03, 0x04, 0x04, 0x44, 0x04, 0x14, 0x04, 0x04, 0x04, 0x04, 0x04, 0x04, 0x04, 0x04, 0x02, 0x04, 0x02, 0xFE, 0x03, 0x00, 0x00};
static const uint8_t emoji_1F9FF[] = {0x00, 0x00, 0xF0, 0x01, 0xFC, 0x03, 0x0C, 0x03, 0x06, 0x07, 0x66, 0x06, 0x66, 0x06, 0x06, 0x06, 0x0E, 0x07, 0xFC, 0x03, 0xF8, 0x01, 0x00, 0x00};
static const uint8_t emoji_1FA70[] = {0x00, 0x00, 0x9C, 0x01, 0x94, 0x02, 0x9C, 0x04, 0xAC, 0x04, 0x9C, 0x02, 0x94, 0x02, 0x8E, 0x03, 0x8A, 0x02, 0x8A, 0x02, 0x0C, 0x03, 0x00, 0x00};
static const uint8_t emoji_1FA71[] = {0x00, 0x00, 0x80, 0x00, 0x90, 0x00, 0x98, 0x01, 0xE8, 0x01, 0x90, 0x00, 0xB0, 0x00, 0x78, 0x01, 0xF8, 0x01, 0xF0, 0x00, 0x60, 0x00, 0x00, 0x00};
static const uint8_t emoji_1FA72[] = {0x00, 0x00, 0x00, 0x00, 0x00, 0x00, 0xFE, 0x07, 0xFE, 0x07, 0xFE, 0x07, 0xFE, 0x07, 0xFC, 0x03, 0xF8, 0x01, 0xF0, 0x00, 0x00, 0x00, 0x00, 0x00};
static const uint8_t emoji_1FA73[] = {0x00, 0x00, 0xFC, 0x03, 0x1C, 0x03, 0x04, 0x02, 0x02, 0x04, 0x02, 0x04, 0x02, 0x04, 0x02, 0x04, 0x62, 0x04, 0x96, 0x06, 0x9E, 0x07, 0x00, 0x00};
static const uint8_t emoji_1FA74[] = {0x00, 0x00, 0x04, 0x00, 0x1A, 0x00, 0xE2, 0x00, 0xFA, 0x01, 0xE4, 0x01, 0x08, 0x03, 0x08, 0x05, 0x10, 0x04, 0x60, 0x06, 0x80, 0x01, 0x00, 0x00};
static const uint8_t emoji_1FA75[] = {0x00, 0x00, 0x9C, 0x03, 0x62, 0x04, 0x02, 0x04, 0x02, 0x04, 0x02, 0x04, 0x04, 0x02, 0x04, 0x02, 0x08, 0x01, 0xB0, 0x00, 0x40, 0x00, 0x00, 0x00};
static const uint8_t emoji_1FA76[] = {0x00, 0x00, 0x9C, 0x03, 0x62, 0x04, 0x02, 0x04, 0x02, 0x04, 0x02, 0x04, 0x04, 0x02, 0x04, 0x02, 0x08, 0x01, 0xB0, 0x00, 0x40, 0x00, 0x00, 0x00};
static const uint8_t emoji_1FA77[] = {0x00, 0x00, 0x9C, 0x03, 0xFE, 0x07, 0xFE, 0x07, 0xFE, 0x07, 0xFE, 0x07, 0xFC, 0x03, 0xFC, 0x03, 0xF8, 0x01, 0xF0, 0x00, 0x40, 0x00, 0x00, 0x00};
static const uint8_t emoji_1FA78[] = {0x00, 0x00, 0x00, 0x00, 0x60, 0x00, 0xF0, 0x00, 0xF0, 0x00, 0xF8, 0x01, 0xF8, 0x01, 0xFC, 0x03, 0xF8, 0x01, 0xF8, 0x01, 0xF0, 0x00, 0x00, 0x00};
static const uint8_t emoji_1FA79[] = {0x00, 0x00, 0x80, 0x07, 0xC0, 0x07, 0xE0, 0x07, 0xF0, 0x07, 0xF8, 0x03, 0xFC, 0x01, 0xFE, 0x00, 0x7E, 0x00, 0x3E, 0x00, 0x1E, 0x00, 0x00, 0x00};
static const uint8_t emoji_1FA7A[] = {0x00, 0x00, 0x50, 0x00, 0x02, 0x03, 0x00, 0x05, 0x42, 0x03, 0x44, 0x01, 0x40, 0x02, 0x58, 0x04, 0x50, 0x04, 0x60, 0x04, 0xC0, 0x02, 0x00, 0x00};
static const uint8_t emoji_1FA7B[] = {0x00, 0x00, 0xFE, 0x07, 0x9E, 0x07, 0x02, 0x04, 0x02, 0x04, 0x02, 0x04, 0x02, 0x04, 0x02, 0x04, 0x0A, 0x04, 0x06, 0x06, 0xFE, 0x07, 0x00, 0x00};
static const uint8_t emoji_1FA7C[] = {0x00, 0x00, 0x00, 0x01, 0x80, 0x02, 0x00, 0x04, 0x60, 0x02, 0x80, 0x00, 0x80, 0x00, 0x30, 0x00, 0x08, 0x00, 0x04, 0x00, 0x02, 0x00, 0x00, 0x00};
static const uint8_t emoji_1FA80[] = {0x00, 0x00, 0xF8, 0x01, 0x04, 0x03, 0x86, 0x03, 0x02, 0x07, 0x02, 0x05, 0x02, 0x05, 0x84, 0x03, 0xF8, 0x01, 0xF0, 0x00, 0x00, 0x00, 0x00, 0x00};
static const uint8_t emoji_1FA81[] = {0x00, 0x00, 0x38, 0x00, 0xCC, 0x00, 0x8E, 0x00, 0x42, 0x04, 0x54, 0x02, 0x48, 0x00, 0x30, 0x00, 0x20, 0x01, 0x80, 0x00, 0x40, 0x00, 0x00, 0x00};
static const uint8_t emoji_1FA82[] = {0x00, 0x00, 0xF0, 0x00, 0xFC, 0x03, 0x1C, 0x05, 0x0A, 0x02, 0x06, 0x00, 0x00, 0x00, 0x00, 0x00, 0x40, 0x00, 0x40, 0x00, 0x00, 0x00, 0x00, 0x00};
static const uint8_t emoji_1FA83[] = {0x00, 0x00, 0x00, 0x02, 0x00, 0x00, 0xFC, 0x01, 0xF8, 0x03, 0x00, 0x03, 0x00, 0x02, 0x62, 0x06, 0x3A, 0x06, 0x1E, 0x04, 0x00, 0x04, 0x00, 0x00};
static const uint8_t emoji_1FA84[] = {0x00, 0x00, 0x00, 0x06, 0x40, 0x06, 0x04, 0x01, 0x80, 0x00, 0x40, 0x00, 0x20, 0x01, 0x10, 0x00, 0x08, 0x00, 0x04, 0x00, 0x02, 0x00, 0x00, 0x00};
static const uint8_t emoji_1FA85[] = {0x00, 0x00, 0xC0, 0x00, 0x2C, 0x00, 0x64, 0x03, 0x98, 0x02, 0xA8, 0x00, 0x72, 0x03, 0xDE, 0x06, 0xA0, 0x02, 0x38, 0x01, 0x90, 0x01, 0x00, 0x00};
static const uint8_t emoji_1FA86[] = {0x00, 0x00, 0x60, 0x00, 0x90, 0x00, 0xF0, 0x00, 0xFC, 0x03, 0x9C, 0x03, 0x9C, 0x03, 0x0C, 0x03, 0x0C, 0x03, 0x9C, 0x03, 0xF8, 0x01, 0x00, 0x00};
static const uint8_t emoji_1FA87[] = {0x00, 0x00, 0x0E, 0x00, 0x12, 0x07, 0x92, 0x04, 0x94, 0x04, 0x18, 0x05, 0x10, 0x03, 0x30, 0x01, 0xA0, 0x01, 0xA0, 0x00, 0x80, 0x00, 0x00, 0x00};
static const uint8_t emoji_1FA88[] = {0x00, 0x00, 0x00, 0x06, 0x00, 0x05, 0x80, 0x02, 0x40, 0x01, 0xA0, 0x00, 0x50, 0x00, 0x28, 0x00, 0x14, 0x00, 0x0E, 0x00, 0x06, 0x00, 0x00, 0x00};
static const uint8_t emoji_1FA89[] = {0x00, 0x00, 0x3C, 0x00, 0x78, 0x01, 0xC8, 0x03, 0x08, 0x03, 0x88, 0x01, 0xC8, 0x00, 0x68, 0x00, 0x78, 0x00, 0x38, 0x00, 0x1C, 0x00, 0x00, 0x00};
static const uint8_t emoji_1FA8A[] = {0x00, 0x00, 0x00, 0x07, 0x80, 0x05, 0xE0, 0x06, 0x9C, 0x01, 0xD8, 0x00, 0x50, 0x00, 0x30, 0x00, 0x1C, 0x00, 0x0E, 0x00, 0x06, 0x00, 0x00, 0x00};
static const uint8_t emoji_1FA8E[] = {0x00, 0x00, 0xF8, 0x00, 0x88, 0x03, 0xD0, 0x03, 0x88, 0x03, 0x04, 0x02, 0x04, 0x02, 0x74, 0x02, 0xDC, 0x03, 0xF0, 0x03, 0x20, 0x01, 0x00, 0x00};
static const uint8_t emoji_1FA8F[] = {0x00, 0x00, 0x00, 0x03, 0x00, 0x07, 0x00, 0x05, 0x80, 0x01, 0x40, 0x00, 0x2C, 0x00, 0x1E, 0x00, 0x3E, 0x00, 0x3E, 0x00, 0x1E, 0x00, 0x00, 0x00};
static const uint8_t emoji_1FA90[] = {0x00, 0x00, 0x00, 0x00, 0x00, 0x00, 0xE0, 0x06, 0xF0, 0x07, 0xF8, 0x01, 0xF8, 0x01, 0xFC, 0x01, 0xFE, 0x00, 0x00, 0x00, 0x00, 0x00, 0x00, 0x00};
static const uint8_t emoji_1FA91[] = {0x00, 0x00, 0x78, 0x00, 0x78, 0x00, 0x58, 0x00, 0x40, 0x00, 0xB8, 0x01, 0x98, 0x01, 0xF8, 0x01, 0x68, 0x00, 0x20, 0x00, 0x20, 0x00, 0x00, 0x00};
static const uint8_t emoji_1FA92[] = {0x00, 0x00, 0xC0, 0x00, 0x20, 0x01, 0x40, 0x02, 0xC0, 0x05, 0xE0, 0x07, 0x30, 0x02, 0x28, 0x00, 0x14, 0x00, 0x0A, 0x00, 0x06, 0x00, 0x00, 0x00};
static const uint8_t emoji_1FA93[] = {0x00, 0x00, 0x38, 0x00, 0x7E, 0x00, 0x7E, 0x00, 0x6A, 0x00, 0xCC, 0x00, 0x80, 0x01, 0x80, 0x02, 0x00, 0x03, 0x00, 0x06, 0x00, 0x06, 0x00, 0x00};
static const uint8_t emoji_1FA94[] = {0x00, 0x00, 0x00, 0x00, 0x00, 0x01, 0x00, 0x03, 0x80, 0x02, 0x80, 0x02, 0x7E, 0x02, 0x32, 0x02, 0x02, 0x01, 0xFE, 0x00, 0x7C, 0x00, 0x00, 0x00};
static const uint8_t emoji_1FA95[] = {0x00, 0x00, 0x00, 0x06, 0x00, 0x02, 0x80, 0x01, 0xC0, 0x00, 0x68, 0x00, 0x36, 0x00, 0x22, 0x00, 0x42, 0x00, 0x22, 0x00, 0x3C, 0x00, 0x00, 0x00};
static const uint8_t emoji_1FA96[] = {0x00, 0x00, 0x78, 0x00, 0xFC, 0x00, 0xFE, 0x01, 0xFE, 0x01, 0xFE, 0x07, 0xFE, 0x01, 0xFE, 0x00, 0xBE, 0x00, 0xA0, 0x00, 0xE0, 0x00, 0x00, 0x00};
static const uint8_t emoji_1FA97[] = {0x00, 0x00, 0x00, 0x00, 0xC0, 0x07, 0x30, 0x06, 0x08, 0x06, 0x04, 0x06, 0x0E, 0x06, 0x1A, 0x07, 0xB4, 0x00, 0x68, 0x00, 0x30, 0x00, 0x00, 0x00};
static const uint8_t emoji_1FA98[] = {0x00, 0x00, 0xF8, 0x01, 0x08, 0x01, 0xF8, 0x01, 0xF8, 0x01, 0xF0, 0x01, 0xF0, 0x00, 0x60, 0x00, 0x60, 0x00, 0xF0, 0x00, 0xF0, 0x00, 0x00, 0x00};
static const uint8_t emoji_1FA99[] = {0x00, 0x00, 0xF8, 0x01, 0xFC, 0x03, 0xFE, 0x07, 0xFE, 0x07, 0xFE, 0x07, 0xFE, 0x07, 0xFE, 0x07, 0xFE, 0x03, 0xFC, 0x03, 0xF8, 0x01, 0x00, 0x00};
static const uint8_t emoji_1FA9A[] = {0x00, 0x00, 0x80, 0x01, 0xC0, 0x07, 0x40, 0x04, 0xE0, 0x03, 0xD0, 0x03, 0x90, 0x00, 0x48, 0x00, 0x24, 0x00, 0x1A, 0x00, 0x06, 0x00, 0x00, 0x00};
static const uint8_t emoji_1FA9B[] = {0x00, 0x00, 0x02, 0x00, 0x06, 0x00, 0x08, 0x00, 0x10, 0x00, 0x60, 0x00, 0xE0, 0x00, 0xC0, 0x03, 0x80, 0x07, 0x00, 0x07, 0x00, 0x06, 0x00, 0x00};
static const uint8_t emoji_1FA9C[] = {0x00, 0x00, 0x98, 0x01, 0xF8, 0x01, 0x08, 0x01, 0xF8, 0x01, 0x08, 0x01, 0x08, 0x01, 0xF8, 0x01, 0x08, 0x01, 0xF8, 0x01, 0x98, 0x01, 0x00, 0x00};
static const uint8_t emoji_1FA9D[] = {0x00, 0x00, 0x60, 0x00, 0xF0, 0x00, 0x60, 0x00, 0x30, 0x00, 0x18, 0x03, 0x18, 0x01, 0x1C, 0x01, 0xFC, 0x01, 0xF8, 0x01, 0xF0, 0x00, 0x00, 0x00};
static const uint8_t emoji_1FA9E[] = {0x00, 0x00, 0xF0, 0x00, 0x98, 0x01, 0x08, 0x01, 0x04, 0x02, 0x04, 0x02, 0x04, 0x02, 0x04, 0x02, 0x08, 0x03, 0x98, 0x01, 0xF0, 0x00, 0x00, 0x00};
static const uint8_t emoji_1FA9F[] = {0x00, 0x00, 0xFE, 0x07, 0x62, 0x04, 0x22, 0x04, 0x22, 0x04, 0x6A, 0x04, 0xFE, 0x07, 0x62, 0x04, 0x0E, 0x04, 0x02, 0x04, 0xFE, 0x07, 0x00, 0x00};
static const uint8_t emoji_1FAA0[] = {0x00, 0x00, 0x00, 0x04, 0x00, 0x02, 0x00, 0x01, 0x80, 0x00, 0x40, 0x00, 0x38, 0x00, 0x3E, 0x00, 0x3E, 0x00, 0x1E, 0x00, 0x1C, 0x00, 0x00, 0x00};
static const uint8_t emoji_1FAA1[] = {0x00, 0x00, 0x00, 0x06, 0x00, 0x07, 0x80, 0x02, 0x80, 0x01, 0x40, 0x04, 0x30, 0x02, 0x30, 0x00, 0x08, 0x00, 0x04, 0x00, 0x02, 0x00, 0x00, 0x00};
static const uint8_t emoji_1FAA2[] = {0x00, 0x00, 0xB0, 0x00, 0xF0, 0x00, 0xF0, 0x00, 0xF8, 0x01, 0x90, 0x00, 0x98, 0x01, 0xF8, 0x01, 0xF0, 0x00, 0x70, 0x00, 0xD0, 0x00, 0x00, 0x00};
static const uint8_t emoji_1FAA3[] = {0x00, 0x00, 0xFC, 0x07, 0x02, 0x04, 0xFC, 0x07, 0x7E, 0x03, 0x0E, 0x03, 0xC2, 0x03, 0xFC, 0x03, 0xF8, 0x03, 0xF8, 0x03, 0xF8, 0x01, 0x00, 0x00};
static const uint8_t emoji_1FAA4[] = {0x00, 0x00, 0xFC, 0x00, 0x84, 0x01, 0x82, 0x03, 0xFA, 0x03, 0xFC, 0x07, 0xFC, 0x07, 0xF8, 0x03, 0x10, 0x03, 0xD0, 0x01, 0x34, 0x00, 0x00, 0x00};
static const uint8_t emoji_1FAA5[] = {0x00, 0x00, 0x00, 0x02, 0x00, 0x05, 0x00, 0x03, 0x00, 0x01, 0xC0, 0x00, 0x60, 0x00, 0x30, 0x00, 0x1C, 0x00, 0x0E, 0x00, 0x06, 0x00, 0x00, 0x00};
static const uint8_t emoji_1FAA6[] = {0x00, 0x00, 0xF0, 0x00, 0xF8, 0x01, 0xFC, 0x03, 0xFC, 0x03, 0xFC, 0x03, 0xFC, 0x03, 0xFC, 0x03, 0xFC, 0x03, 0xFC, 0x03, 0xFC, 0x03, 0x00, 0x00};
static const uint8_t emoji_1FAA7[] = {0x00, 0x00, 0xE0, 0x00, 0x1C, 0x03, 0xF4, 0x02, 0x04, 0x02, 0xF4, 0x02, 0x04, 0x02, 0x9C, 0x03, 0x60, 0x00, 0x60, 0x00, 0x60, 0x00, 0x00, 0x00};
static const uint8_t emoji_1FAA8[] = {0x00, 0x00, 0xC0, 0x00, 0x20, 0x01, 0x18, 0x01, 0x34, 0x02, 0x7C, 0x02, 0xFE, 0x03, 0x7E, 0x04, 0x7E, 0x04, 0xFC, 0x03, 0xF8, 0x01, 0x00, 0x00};
static const uint8_t emoji_1FAA9[] = {0x00, 0x00, 0x60, 0x00, 0x98, 0x01, 0x04, 0x03, 0x04, 0x07, 0x02, 0x06, 0x02, 0x07, 0x04, 0x07, 0xC4, 0x03, 0xF8, 0x03, 0xF0, 0x00, 0x00, 0x00};
static const uint8_t emoji_1FAAA[] = {0x00, 0x00, 0x00, 0x00, 0x00, 0x00, 0xFE, 0x07, 0x02, 0x04, 0x06, 0x04, 0x0E, 0x04, 0x0E, 0x04, 0xFE, 0x07, 0x00, 0x00, 0x00, 0x00, 0x00, 0x00};
static const uint8_t emoji_1FAAB[] = {0x00, 0x00, 0xF0, 0x00, 0x08, 0x01, 0x08, 0x01, 0x08, 0x01, 0x08, 0x01, 0x08, 0x01, 0x68, 0x01, 0xF8, 0x01, 0x98, 0x01, 0xF0, 0x00, 0x00, 0x00};
static const uint8_t emoji_1FAAC[] = {0x00, 0x00, 0x60, 0x00, 0xF0, 0x00, 0xF8, 0x01, 0xF8, 0x01, 0xFC, 0x03, 0xFC, 0x03, 0x08, 0x01, 0x08, 0x01, 0xF8, 0x01, 0xF0, 0x00, 0x00, 0x00};
static const uint8_t emoji_1FAAD[] = {0x00, 0x00, 0x00, 0x00, 0x00, 0x00, 0xF8, 0x01, 0xFC, 0x03, 0xFE, 0x07, 0x9C, 0x03, 0xF8, 0x01, 0x60, 0x00, 0x60, 0x00, 0x00, 0x00, 0x00, 0x00};
static const uint8_t emoji_1FAAE[] = {0x00, 0x00, 0x00, 0x00, 0x40, 0x00, 0x20, 0x00, 0x70, 0x00, 0xF8, 0x02, 0xF8, 0x01, 0xF8, 0x00, 0x7C, 0x00, 0x0E, 0x00, 0x06, 0x00, 0x00, 0x00};
static const uint8_t emoji_1FAAF[] = {0x00, 0x00, 0xFE, 0x07, 0x8E, 0x07, 0x0A, 0x06, 0x9A, 0x04, 0x9A, 0x04, 0x8A, 0x04, 0x12, 0x06, 0x06, 0x06, 0x8E, 0x07, 0xFE, 0x07, 0x00, 0x00};
static const uint8_t emoji_1FAB0[] = {0x00, 0x00, 0x08, 0x00, 0xD8, 0x00, 0x28, 0x03, 0x08, 0x02, 0x08, 0x01, 0xBC, 0x00, 0xBC, 0x00, 0x4C, 0x01, 0xB0, 0x01, 0x90, 0x00, 0x00, 0x00};
static const uint8_t emoji_1FAB1[] = {0x00, 0x00, 0x00, 0x00, 0x00, 0x00, 0xC0, 0x07, 0xC0, 0x00, 0x8E, 0x03, 0x1E, 0x02, 0x70, 0x02, 0xE0, 0x03, 0x00, 0x00, 0x00, 0x00, 0x00, 0x00};
static const uint8_t emoji_1FAB2[] = {0x00, 0x00, 0x00, 0x00, 0x7C, 0x00, 0xFC, 0x00, 0xF8, 0x01, 0xFC, 0x01, 0xF8, 0x03, 0xF0, 0x03, 0xE0, 0x01, 0x20, 0x00, 0x00, 0x00, 0x00, 0x00};
static const uint8_t emoji_1FAB3[] = {0x00, 0x00, 0x00, 0x00, 0x00, 0x00, 0x10, 0x00, 0xF8, 0x00, 0xF0, 0x01, 0xF0, 0x01, 0xF0, 0x01, 0xE0, 0x03, 0x40, 0x03, 0x00, 0x00, 0x00, 0x00};
static const uint8_t emoji_1FAB4[] = {0x00, 0x00, 0x40, 0x00, 0x60, 0x03, 0xF8, 0x01, 0x68, 0x07, 0x6E, 0x03, 0x28, 0x01, 0x48, 0x02, 0x04, 0x03, 0x8C, 0x00, 0xF0, 0x00, 0x00, 0x00};
static const uint8_t emoji_1FAB5[] = {0x00, 0x00, 0xF8, 0x01, 0x04, 0x01, 0x8C, 0x01, 0xFC, 0x03, 0xFC, 0x03, 0xFC, 0x03, 0xFC, 0x01, 0xFC, 0x01, 0xFC, 0x01, 0xF8, 0x01, 0x00, 0x00};
static const uint8_t emoji_1FAB6[] = {0x00, 0x00, 0x80, 0x07, 0xC0, 0x07, 0xF0, 0x03, 0xF8, 0x01, 0xFC, 0x00, 0x7C, 0x00, 0x64, 0x00, 0x1A, 0x00, 0x06, 0x00, 0x00, 0x00, 0x00, 0x00};
static const uint8_t emoji_1FAB7[] = {0x00, 0x00, 0x00, 0x00, 0x68, 0x01, 0xF8, 0x01, 0xFE, 0x07, 0xFC, 0x03, 0xFC, 0x03, 0xFC, 0x07, 0xFC, 0x03, 0x60, 0x00, 0x00, 0x00, 0x00, 0x00};
static const uint8_t emoji_1FAB8[] = {0x00, 0x00, 0x40, 0x00, 0x50, 0x00, 0x70, 0x04, 0x22, 0x04, 0xB6, 0x04, 0x1E, 0x03, 0xB8, 0x01, 0xD8, 0x00, 0xD0, 0x00, 0xF0, 0x00, 0x00, 0x00};
static const uint8_t emoji_1FAB9[] = {0x00, 0x00, 0x00, 0x00, 0x60, 0x00, 0xFC, 0x07, 0xFE, 0x07, 0xFE, 0x07, 0xFC, 0x07, 0xFC, 0x03, 0xFC, 0x03, 0x64, 0x00, 0x00, 0x00, 0x00, 0x00};
static const uint8_t emoji_1FABA[] = {0x00, 0x00, 0x00, 0x00, 0x60, 0x00, 0xFC, 0x07, 0xFE, 0x07, 0xFE, 0x07, 0xFC, 0x07, 0xFC, 0x03, 0xFC, 0x03, 0xEC, 0x00, 0x00, 0x00, 0x00, 0x00};
static const uint8_t emoji_1FABB[] = {0x00, 0x00, 0x60, 0x00, 0xB0, 0x00, 0xD0, 0x00, 0xD0, 0x00, 0xF0, 0x00, 0xF0, 0x00, 0xD0, 0x00, 0x78, 0x01, 0xB0, 0x00, 0x60, 0x00, 0x00, 0x00};
static const uint8_t emoji_1FABC[] = {0x00, 0x00, 0x78, 0x00, 0x84, 0x00, 0x8C, 0x00, 0xBC, 0x00, 0xF8, 0x00, 0x24, 0x00, 0xA4, 0x00, 0x54, 0x01, 0xE8, 0x01, 0x10, 0x01, 0x00, 0x00};
static const uint8_t emoji_1FABD[] = {0x00, 0x00, 0x00, 0x04, 0x00, 0x06, 0x80, 0x05, 0xE0, 0x05, 0xF8, 0x03, 0xF6, 0x01, 0x72, 0x01, 0xFA, 0x00, 0x7A, 0x00, 0x3E, 0x00, 0x00, 0x00};
static const uint8_t emoji_1FABE[] = {0x00, 0x00, 0x20, 0x00, 0x10, 0x00, 0x94, 0x00, 0x70, 0x00, 0x60, 0x00, 0x4C, 0x03, 0xF0, 0x01, 0xE0, 0x00, 0x60, 0x00, 0x60, 0x00, 0x00, 0x00};
static const uint8_t emoji_1FABF[] = {0x00, 0x00, 0x1C, 0x00, 0x30, 0x00, 0x10, 0x00, 0x10, 0x00, 0x68, 0x00, 0x88, 0x03, 0x10, 0x02, 0x10, 0x01, 0xE0, 0x00, 0x20, 0x01, 0x00, 0x00};
static const uint8_t emoji_1FAC0[] = {0x00, 0x00, 0x60, 0x00, 0xF8, 0x01, 0xF8, 0x00, 0xFC, 0x01, 0xF8, 0x01, 0xF8, 0x01, 0xF8, 0x01, 0xF8, 0x01, 0xF0, 0x01, 0xC0, 0x00, 0x00, 0x00};
static const uint8_t emoji_1FAC1[] = {0x00, 0x00, 0x00, 0x00, 0x38, 0x01, 0xFC, 0x03, 0xFE, 0x07, 0xFE, 0x07, 0x9E, 0x07, 0xBE, 0x07, 0xBE, 0x07, 0x9E, 0x07, 0x00, 0x00, 0x00, 0x00};
static const uint8_t emoji_1FAC2[] = {0x00, 0x00, 0xF8, 0x01, 0x38, 0x01, 0x78, 0x01, 0x7C, 0x01, 0x34, 0x02, 0x04, 0x02, 0xDE, 0x04, 0xFE, 0x04, 0x7E, 0x04, 0xFE, 0x07, 0x00, 0x00};
static const uint8_t emoji_1FAC3[] = {0x00, 0x00, 0xE0, 0x00, 0xF0, 0x00, 0xA0, 0x00, 0xA0, 0x00, 0xC0, 0x00, 0xC0, 0x01, 0xE0, 0x01, 0x50, 0x01, 0x08, 0x01, 0xF8, 0x01, 0x00, 0x00};
static const uint8_t emoji_1FAC4[] = {0x00, 0x00, 0xF0, 0x00, 0xF0, 0x01, 0xA0, 0x01, 0xA0, 0x00, 0xC0, 0x00, 0x40, 0x01, 0x20, 0x01, 0x10, 0x01, 0x08, 0x01, 0xF8, 0x01, 0x00, 0x00};
static const uint8_t emoji_1FAC5[] = {0x00, 0x00, 0x40, 0x00, 0xBC, 0x03, 0x04, 0x02, 0x04, 0x02, 0x0C, 0x02, 0x9C, 0x02, 0x94, 0x02, 0x04, 0x02, 0x64, 0x02, 0xF8, 0x01, 0x00, 0x00};
static const uint8_t emoji_1FAC6[] = {0x00, 0x00, 0x7C, 0x00, 0xF6, 0x00, 0xFA, 0x01, 0xF6, 0x03, 0xFA, 0x05, 0x7E, 0x07, 0xFC, 0x07, 0xFC, 0x06, 0xF8, 0x07, 0xE0, 0x03, 0x00, 0x00};
static const uint8_t emoji_1FAC8[] = {0x00, 0x00, 0x30, 0x00, 0x50, 0x00, 0xF0, 0x00, 0xF8, 0x01, 0xEC, 0x01, 0xE0, 0x00, 0xF0, 0x00, 0xF0, 0x00, 0x90, 0x01, 0x10, 0x01, 0x00, 0x00};
static const uint8_t emoji_1FACD[] = {0x00, 0x00, 0xF8, 0x03, 0xF4, 0x01, 0xE6, 0x03, 0x9E, 0x02, 0xE0, 0x06, 0x20, 0x07, 0x00, 0x03, 0xC0, 0x01, 0xC0, 0x00, 0x80, 0x00, 0x00, 0x00};
static const uint8_t emoji_1FACE[] = {0x00, 0x00, 0x00, 0x00, 0x96, 0x06, 0xF6, 0x06, 0x7A, 0x07, 0xFC, 0x01, 0xF0, 0x00, 0x90, 0x00, 0x90, 0x00, 0x60, 0x00, 0x60, 0x00, 0x00, 0x00};
static const uint8_t emoji_1FACF[] = {0x00, 0x00, 0x00, 0x00, 0x00, 0x00, 0xC0, 0x03, 0xE0, 0x01, 0xE0, 0x03, 0x7C, 0x02, 0x3E, 0x00, 0x38, 0x00, 0x38, 0x00, 0x10, 0x00, 0x00, 0x00};
static const uint8_t emoji_1FAD0[] = {0x00, 0x00, 0x1C, 0x00, 0x7C, 0x00, 0xFC, 0x07, 0xFC, 0x07, 0xFC, 0x07, 0xFE, 0x07, 0xFE, 0x07, 0x7E, 0x01, 0x3E, 0x00, 0x3C, 0x00, 0x00, 0x00};
static const uint8_t emoji_1FAD1[] = {0x00, 0x00, 0x30, 0x00, 0x40, 0x00, 0xB0, 0x01, 0xFC, 0x03, 0x6C, 0x03, 0xFC, 0x03, 0xF8, 0x03, 0xF8, 0x01, 0xF8, 0x01, 0xF0, 0x01, 0x00, 0x00};
static const uint8_t emoji_1FAD2[] = {0x00, 0x00, 0x06, 0x00, 0x0C, 0x06, 0x90, 0x03, 0xEC, 0x00, 0xD2, 0x01, 0xB2, 0x03, 0x2A, 0x07, 0x2E, 0x06, 0x20, 0x01, 0xC0, 0x00, 0x00, 0x00};
static const uint8_t emoji_1FAD3[] = {0x00, 0x00, 0xF8, 0x01, 0xFC, 0x03, 0xFE, 0x07, 0xFE, 0x07, 0xFE, 0x07, 0xFE, 0x07, 0xFE, 0x07, 0xFC, 0x07, 0xFC, 0x03, 0xF8, 0x01, 0x00, 0x00};
static const uint8_t emoji_1FAD4[] = {0x00, 0x00, 0xD0, 0x01, 0x20, 0x06, 0x10, 0x04, 0x48, 0x06, 0x88, 0x02, 0x04, 0x01, 0x82, 0x00, 0x82, 0x00, 0x46, 0x00, 0x38, 0x00, 0x00, 0x00};
static const uint8_t emoji_1FAD5[] = {0x00, 0x00, 0x00, 0x00, 0x00, 0x00, 0xFA, 0x07, 0xFE, 0x07, 0xF8, 0x07, 0xF0, 0x03, 0xE0, 0x01, 0xD0, 0x02, 0xF0, 0x02, 0x70, 0x03, 0x00, 0x00};
static const uint8_t emoji_1FAD6[] = {0x00, 0x00, 0x00, 0x00, 0x00, 0x00, 0x60, 0x00, 0xF2, 0x00, 0xFA, 0x07, 0xFE, 0x01, 0xFC, 0x05, 0xFC, 0x03, 0xF8, 0x00, 0x70, 0x00, 0x00, 0x00};
static const uint8_t emoji_1FAD7[] = {0x00, 0x00, 0x1C, 0x00, 0xE4, 0x03, 0x02, 0x02, 0x04, 0x02, 0x18, 0x02, 0x60, 0x02, 0x80, 0x01, 0x00, 0x01, 0x00, 0x01, 0x00, 0x01, 0x00, 0x00};
static const uint8_t emoji_1FAD8[] = {0x00, 0x00, 0x30, 0x00, 0x68, 0x00, 0xF6, 0x01, 0xBE, 0x02, 0x9E, 0x03, 0x80, 0x07, 0x7C, 0x07, 0xCC, 0x06, 0xFC, 0x00, 0x78, 0x00, 0x00, 0x00};
static const uint8_t emoji_1FAD9[] = {0x00, 0x00, 0xF8, 0x01, 0xF8, 0x01, 0xF8, 0x01, 0x04, 0x02, 0x04, 0x02, 0x04, 0x02, 0x04, 0x02, 0x04, 0x02, 0xF4, 0x03, 0xF8, 0x01, 0x00, 0x00};
static const uint8_t emoji_1FADA[] = {0x00, 0x00, 0xE0, 0x03, 0x2E, 0x03, 0xEA, 0x02, 0x26, 0x04, 0xDA, 0x03, 0x1C, 0x01, 0xA4, 0x06, 0xA2, 0x05, 0xE2, 0x07, 0x1C, 0x00, 0x00, 0x00};
static const uint8_t emoji_1FADB[] = {0x00, 0x00, 0x00, 0x06, 0x80, 0x03, 0xC0, 0x03, 0x60, 0x02, 0x70, 0x02, 0x58, 0x02, 0x18, 0x01, 0x04, 0x01, 0xC6, 0x00, 0x3E, 0x00, 0x00, 0x00};
static const uint8_t emoji_1FADC[] = {0x00, 0x00, 0xC0, 0x03, 0x40, 0x04, 0x40, 0x04, 0x98, 0x04, 0xFC, 0x05, 0xFC, 0x02, 0xFC, 0x00, 0xFC, 0x00, 0xFC, 0x00, 0x7E, 0x00, 0x00, 0x00};
static const uint8_t emoji_1FADF[] = {0x00, 0x00, 0x10, 0x01, 0x36, 0x01, 0xFC, 0x01, 0xF8, 0x07, 0xF2, 0x03, 0xFA, 0x03, 0xF8, 0x03, 0xE0, 0x03, 0x10, 0x06, 0x98, 0x00, 0x00, 0x00};
static const uint8_t emoji_1FAE0[] = {0x00, 0x00, 0x70, 0x00, 0x88, 0x01, 0x24, 0x02, 0x32, 0x02, 0x82, 0x02, 0x9A, 0x02, 0x32, 0x04, 0xC4, 0x02, 0x1C, 0x07, 0xE0, 0x00, 0x00, 0x00};
static const uint8_t emoji_1FAE1[] = {0x00, 0x00, 0xF8, 0x00, 0x06, 0x01, 0x02, 0x02, 0x02, 0x04, 0x9A, 0x04, 0x02, 0x04, 0x02, 0x04, 0xF2, 0x04, 0x04, 0x03, 0xF8, 0x00, 0x00, 0x00};
static const uint8_t emoji_1FAE2[] = {0x00, 0x00, 0xF0, 0x00, 0x0C, 0x03, 0x02, 0x04, 0x9A, 0x04, 0x92, 0x04, 0x02, 0x04, 0x02, 0x04, 0x04, 0x02, 0x0C, 0x03, 0xF0, 0x00, 0x00, 0x00};
static const uint8_t emoji_1FAE3[] = {0x00, 0x00, 0xF0, 0x00, 0x0C, 0x03, 0x02, 0x02, 0x02, 0x04, 0x82, 0x04, 0x02, 0x04, 0x02, 0x04, 0x62, 0x04, 0x6C, 0x03, 0xF0, 0x00, 0x00, 0x00};
static const uint8_t emoji_1FAE4[] = {0x00, 0x00, 0xF0, 0x00, 0x0C, 0x03, 0x02, 0x04, 0x92, 0x04, 0x9A, 0x05, 0x02, 0x04, 0xC2, 0x04, 0x34, 0x02, 0x0C, 0x03, 0xF0, 0x00, 0x00, 0x00};
static const uint8_t emoji_1FAE5[] = {0x00, 0x00, 0x00, 0x00, 0x00, 0x00, 0x00, 0x00, 0x00, 0x00, 0x90, 0x00, 0x00, 0x00, 0x60, 0x00, 0x00, 0x00, 0x00, 0x00, 0x00, 0x00, 0x00, 0x00};
static const uint8_t emoji_1FAE6[] = {0x00, 0x00, 0x00, 0x00, 0x00, 0x00, 0x90, 0x00, 0xFC, 0x03, 0x0E, 0x07, 0x0E, 0x07, 0xF8, 0x07, 0xE0, 0x03, 0x00, 0x00, 0x00, 0x00, 0x00, 0x00};
static const uint8_t emoji_1FAE7[] = {0x00, 0x00, 0x3C, 0x00, 0x7E, 0x00, 0x06, 0x00, 0x02, 0x02, 0x42, 0x05, 0x74, 0x04, 0x90, 0x01, 0xC0, 0x00, 0x40, 0x02, 0x80, 0x03, 0x00, 0x00};
static const uint8_t emoji_1FAE8[] = {0x00, 0x00, 0x40, 0x00, 0xB8, 0x03, 0xC4, 0x04, 0xC4, 0x04, 0x1A, 0x04, 0x1A, 0x04, 0xC2, 0x02, 0x84, 0x03, 0xFC, 0x00, 0x00, 0x00, 0x00, 0x00};
static const uint8_t emoji_1FAE9[] = {0x00, 0x00, 0xF0, 0x00, 0x0C, 0x03, 0x9A, 0x03, 0x82, 0x05, 0x9A, 0x05, 0x02, 0x04, 0x0A, 0x05, 0xF4, 0x02, 0xFC, 0x03, 0xF0, 0x00, 0x00, 0x00};
static const uint8_t emoji_1FAEA[] = {0x00, 0x00, 0xF0, 0x00, 0x0C, 0x03, 0x02, 0x04, 0x06, 0x06, 0x06, 0x06, 0x02, 0x04, 0x02, 0x04, 0x04, 0x02, 0xFC, 0x03, 0xF0, 0x00, 0x00, 0x00};
static const uint8_t emoji_1FAEF[] = {0x00, 0x00, 0x00, 0x00, 0x00, 0x00, 0xE0, 0x02, 0x18, 0x03, 0xF4, 0x03, 0xDC, 0x02, 0xB4, 0x03, 0x1A, 0x01, 0xFC, 0x01, 0x00, 0x00, 0x00, 0x00};
static const uint8_t emoji_1FAF0[] = {0x00, 0x00, 0x70, 0x00, 0x30, 0x00, 0x70, 0x00, 0xF8, 0x00, 0xF8, 0x01, 0xF8, 0x01, 0xF8, 0x01, 0xF0, 0x01, 0xF0, 0x01, 0xE0, 0x00, 0x00, 0x00};
static const uint8_t emoji_1FAF1[] = {0x00, 0x00, 0x00, 0x00, 0x20, 0x00, 0x38, 0x00, 0xFC, 0x00, 0xFE, 0x03, 0xFE, 0x07, 0xFE, 0x03, 0xFC, 0x01, 0x70, 0x00, 0x00, 0x00, 0x00, 0x00};
static const uint8_t emoji_1FAF2[] = {0x00, 0x00, 0x00, 0x00, 0x40, 0x00, 0xC0, 0x01, 0xF0, 0x03, 0xFC, 0x07, 0xFE, 0x07, 0xFC, 0x07, 0xF8, 0x03, 0xE0, 0x00, 0x00, 0x00, 0x00, 0x00};
static const uint8_t emoji_1FAF3[] = {0x00, 0x00, 0x00, 0x00, 0x00, 0x00, 0xFE, 0x03, 0xFE, 0x03, 0xFE, 0x07, 0x1C, 0x00, 0x18, 0x00, 0x18, 0x00, 0x00, 0x00, 0x00, 0x00, 0x00, 0x00};
static const uint8_t emoji_1FAF4[] = {0x00, 0x00, 0x00, 0x00, 0x00, 0x00, 0x20, 0x00, 0x38, 0x00, 0x9C, 0x01, 0xFE, 0x07, 0xFE, 0x07, 0x7E, 0x00, 0x00, 0x00, 0x00, 0x00, 0x00, 0x00};
static const uint8_t emoji_1FAF5[] = {0x00, 0x00, 0x60, 0x00, 0x90, 0x00, 0xE8, 0x00, 0xE8, 0x01, 0x84, 0x02, 0xB2, 0x05, 0xEA, 0x05, 0xDA, 0x02, 0x74, 0x01, 0x38, 0x00, 0x00, 0x00};
static const uint8_t emoji_1FAF6[] = {0x00, 0x00, 0x00, 0x00, 0x98, 0x01, 0xFC, 0x03, 0x6E, 0x07, 0x0E, 0x07, 0x8E, 0x07, 0xFE, 0x07, 0x02, 0x04, 0x00, 0x00, 0x00, 0x00, 0x00, 0x00};
static const uint8_t emoji_1FAF7[] = {0x00, 0x00, 0x10, 0x00, 0x10, 0x00, 0x10, 0x00, 0x30, 0x00, 0x38, 0x00, 0x38, 0x00, 0x38, 0x00, 0xF8, 0x03, 0xF8, 0x03, 0xF0, 0x03, 0x00, 0x00};
static const uint8_t emoji_1FAF8[] = {0x00, 0x00, 0x80, 0x00, 0x80, 0x01, 0x80, 0x01, 0x80, 0x01, 0x80, 0x01, 0xC0, 0x01, 0xC0, 0x01, 0xFC, 0x01, 0xFC, 0x01, 0xFC, 0x00, 0x00, 0x00};
static const uint8_t emoji_FE4E5[] = {0x00, 0x00, 0x00, 0x00, 0xFE, 0x0F, 0x01, 0x08, 0x71, 0x08, 0xF1, 0x08, 0xF1, 0x08, 0xE1, 0x08, 0x01, 0x08, 0xFF, 0x07, 0x00, 0x00, 0x00, 0x00};
static const uint8_t emoji_FE4E6[] = {0x00, 0x00, 0x00, 0x00, 0xFE, 0x0F, 0x1F, 0x08, 0x1F, 0x08, 0x1F, 0x08, 0x01, 0x08, 0x01, 0x08, 0x01, 0x08, 0xFF, 0x07, 0x00, 0x00, 0x00, 0x00};
static const uint8_t emoji_FE4E7[] = {0x00, 0x00, 0x00, 0x00, 0xFE, 0x0F, 0x0F, 0x0F, 0x0F, 0x0F, 0x0F, 0x0F, 0x0F, 0x0F, 0x0F, 0x0F, 0x0F, 0x0F, 0xFF, 0x07, 0x00, 0x00, 0x00, 0x00};
static const uint8_t emoji_FE4E8[] = {0x00, 0x00, 0x00, 0x00, 0xFE, 0x0F, 0xFF, 0x0F, 0xFF, 0x0F, 0xFF, 0x0F, 0xFF, 0x0F, 0x01, 0x08, 0x01, 0x08, 0xFF, 0x07, 0x00, 0x00, 0x00, 0x00};
static const uint8_t emoji_FE4E9[] = {0x00, 0x00, 0x00, 0x00, 0xFE, 0x0F, 0x0F, 0x0F, 0x0F, 0x0F, 0x0F, 0x0F, 0x0F, 0x0F, 0x0F, 0x0F, 0x0F, 0x0F, 0xFF, 0x07, 0x00, 0x00, 0x00, 0x00};
static const uint8_t emoji_FE4EA[] = {0x00, 0x00, 0x00, 0x00, 0xFE, 0x0F, 0xB3, 0x09, 0x03, 0x0C, 0x7F, 0x0C, 0xE3, 0x0F, 0x03, 0x0C, 0xD9, 0x0C, 0xFF, 0x07, 0x00, 0x00, 0x00, 0x00};
static const uint8_t emoji_FE4EB[] = {0x00, 0x00, 0x00, 0x00, 0xFE, 0x0F, 0xFF, 0x0F, 0x01, 0x08, 0x09, 0x08, 0x01, 0x08, 0x01, 0x08, 0xFF, 0x0F, 0xFF, 0x07, 0x00, 0x00, 0x00, 0x00};
static const uint8_t emoji_FE4EC[] = {0x00, 0x00, 0x00, 0x00, 0xFE, 0x0F, 0x01, 0x08, 0x0D, 0x08, 0xFF, 0x0F, 0xFF, 0x0F, 0xFF, 0x0F, 0xFF, 0x0F, 0xFF, 0x07, 0x00, 0x00, 0x00, 0x00};
static const uint8_t emoji_FE4ED[] = {0x00, 0x00, 0x00, 0x00, 0xFE, 0x0F, 0xF9, 0x0F, 0xF9, 0x0F, 0xFF, 0x0F, 0xFF, 0x0F, 0xFF, 0x0F, 0xFF, 0x0F, 0xFF, 0x07, 0x00, 0x00, 0x00, 0x00};
static const uint8_t emoji_FE4EE[] = {0x00, 0x00, 0x00, 0x00, 0xFE, 0x0F, 0x0D, 0x09, 0x6D, 0x0B, 0xF1, 0x08, 0xF1, 0x08, 0x6D, 0x0B, 0x09, 0x09, 0xFF, 0x07, 0x00, 0x00, 0x00, 0x00};
static const uint8_t emoji_FE82C[] = {0x00, 0x00, 0xFE, 0x07, 0x02, 0x06, 0x02, 0x06, 0x02, 0x06, 0x02, 0x06, 0x02, 0x06, 0x02, 0x06, 0x02, 0x06, 0xFE, 0x07, 0xFE, 0x07, 0x00, 0x00};
static const uint8_t emoji_FE82E[] = {0x00, 0x00, 0xFE, 0x07, 0x02, 0x06, 0x02, 0x06, 0x02, 0x06, 0x02, 0x06, 0x02, 0x06, 0x02, 0x06, 0x02, 0x06, 0xFE, 0x07, 0xFE, 0x07, 0x00, 0x00};
static const uint8_t emoji_FE82F[] = {0x00, 0x00, 0xFE, 0x07, 0x02, 0x06, 0x02, 0x06, 0x02, 0x06, 0x02, 0x06, 0x02, 0x06, 0x02, 0x06, 0x02, 0x06, 0xFE, 0x07, 0xFE, 0x07, 0x00, 0x00};
static const uint8_t emoji_FE830[] = {0x00, 0x00, 0xFE, 0x07, 0x02, 0x06, 0x02, 0x06, 0x02, 0x06, 0x02, 0x06, 0x02, 0x06, 0x02, 0x06, 0x02, 0x06, 0xFE, 0x07, 0xFE, 0x07, 0x00, 0x00};
static const uint8_t emoji_FE831[] = {0x00, 0x00, 0xFE, 0x07, 0x02, 0x06, 0x02, 0x06, 0x02, 0x06, 0x02, 0x06, 0x02, 0x06, 0x02, 0x06, 0x02, 0x06, 0xFE, 0x07, 0xFE, 0x07, 0x00, 0x00};
static const uint8_t emoji_FE832[] = {0x00, 0x00, 0xFE, 0x07, 0x02, 0x06, 0x02, 0x06, 0x02, 0x06, 0x02, 0x06, 0x02, 0x06, 0x02, 0x06, 0x02, 0x06, 0xFE, 0x07, 0xFE, 0x07, 0x00, 0x00};
static const uint8_t emoji_FE833[] = {0x00, 0x00, 0xFE, 0x07, 0x02, 0x06, 0x02, 0x06, 0x02, 0x06, 0x02, 0x06, 0x02, 0x06, 0x02, 0x06, 0x02, 0x06, 0xFE, 0x07, 0xFE, 0x07, 0x00, 0x00};
static const uint8_t emoji_FE834[] = {0x00, 0x00, 0xFE, 0x07, 0x02, 0x06, 0x02, 0x06, 0x02, 0x06, 0x02, 0x06, 0x02, 0x06, 0x02, 0x06, 0x02, 0x06, 0xFE, 0x07, 0xFE, 0x07, 0x00, 0x00};
static const uint8_t emoji_FE835[] = {0x00, 0x00, 0xFE, 0x07, 0x02, 0x06, 0x02, 0x06, 0x02, 0x06, 0x02, 0x06, 0x02, 0x06, 0x02, 0x06, 0x02, 0x06, 0xFE, 0x07, 0xFE, 0x07, 0x00, 0x00};
static const uint8_t emoji_FE836[] = {0x00, 0x00, 0xFE, 0x07, 0x02, 0x06, 0x02, 0x06, 0x02, 0x06, 0x02, 0x06, 0x02, 0x06, 0x02, 0x06, 0x02, 0x06, 0xFE, 0x07, 0xFE, 0x07, 0x00, 0x00};
static const uint8_t emoji_FE837[] = {0x00, 0x00, 0xFE, 0x07, 0x02, 0x06, 0x02, 0x06, 0x02, 0x06, 0x02, 0x06, 0x02, 0x06, 0x02, 0x06, 0x02, 0x06, 0xFE, 0x07, 0xFE, 0x07, 0x00, 0x00};

const BuiltinEmoji BUILTIN_EMOJIS[] = {
    { 0x203C, emoji_203C },
    { 0x2049, emoji_2049 },
    { 0x20E3, emoji_20E3 },
    { 0x2122, emoji_2122 },
    { 0x2139, emoji_2139 },
    { 0x2194, emoji_2194 },
    { 0x2195, emoji_2195 },
    { 0x2196, emoji_2196 },
    { 0x2197, emoji_2197 },
    { 0x2198, emoji_2198 },
    { 0x2199, emoji_2199 },
    { 0x21A9, emoji_21A9 },
    { 0x21AA, emoji_21AA },
    { 0x231A, emoji_231A },
    { 0x231B, emoji_231B },
    { 0x2328, emoji_2328 },
    { 0x23CF, emoji_23CF },
    { 0x23E9, emoji_23E9 },
    { 0x23EA, emoji_23EA },
    { 0x23EB, emoji_23EB },
    { 0x23EC, emoji_23EC },
    { 0x23ED, emoji_23ED },
    { 0x23EE, emoji_23EE },
    { 0x23EF, emoji_23EF },
    { 0x23F0, emoji_23F0 },
    { 0x23F1, emoji_23F1 },
    { 0x23F2, emoji_23F2 },
    { 0x23F3, emoji_23F3 },
    { 0x23F8, emoji_23F8 },
    { 0x23F9, emoji_23F9 },
    { 0x23FA, emoji_23FA },
    { 0x24C2, emoji_24C2 },
    { 0x25AA, emoji_25AA },
    { 0x25AB, emoji_25AB },
    { 0x25B6, emoji_25B6 },
    { 0x25C0, emoji_25C0 },
    { 0x25FB, emoji_25FB },
    { 0x25FC, emoji_25FC },
    { 0x25FD, emoji_25FD },
    { 0x25FE, emoji_25FE },
    { 0x2600, emoji_2600 },
    { 0x2601, emoji_2601 },
    { 0x2602, emoji_2602 },
    { 0x2603, emoji_2603 },
    { 0x2604, emoji_2604 },
    { 0x260E, emoji_260E },
    { 0x2611, emoji_2611 },
    { 0x2614, emoji_2614 },
    { 0x2615, emoji_2615 },
    { 0x2618, emoji_2618 },
    { 0x261D, emoji_261D },
    { 0x2620, emoji_2620 },
    { 0x2622, emoji_2622 },
    { 0x2623, emoji_2623 },
    { 0x2626, emoji_2626 },
    { 0x262A, emoji_262A },
    { 0x262E, emoji_262E },
    { 0x262F, emoji_262F },
    { 0x2638, emoji_2638 },
    { 0x2639, emoji_2639 },
    { 0x263A, emoji_263A },
    { 0x2640, emoji_2640 },
    { 0x2642, emoji_2642 },
    { 0x2648, emoji_2648 },
    { 0x2649, emoji_2649 },
    { 0x264A, emoji_264A },
    { 0x264B, emoji_264B },
    { 0x264C, emoji_264C },
    { 0x264D, emoji_264D },
    { 0x264E, emoji_264E },
    { 0x264F, emoji_264F },
    { 0x2650, emoji_2650 },
    { 0x2651, emoji_2651 },
    { 0x2652, emoji_2652 },
    { 0x2653, emoji_2653 },
    { 0x265F, emoji_265F },
    { 0x2660, emoji_2660 },
    { 0x2663, emoji_2663 },
    { 0x2665, emoji_2665 },
    { 0x2666, emoji_2666 },
    { 0x2668, emoji_2668 },
    { 0x267B, emoji_267B },
    { 0x267E, emoji_267E },
    { 0x267F, emoji_267F },
    { 0x2692, emoji_2692 },
    { 0x2693, emoji_2693 },
    { 0x2694, emoji_2694 },
    { 0x2695, emoji_2695 },
    { 0x2696, emoji_2696 },
    { 0x2697, emoji_2697 },
    { 0x2699, emoji_2699 },
    { 0x269B, emoji_269B },
    { 0x269C, emoji_269C },
    { 0x26A0, emoji_26A0 },
    { 0x26A1, emoji_26A1 },
    { 0x26A7, emoji_26A7 },
    { 0x26AA, emoji_26AA },
    { 0x26AB, emoji_26AB },
    { 0x26B0, emoji_26B0 },
    { 0x26B1, emoji_26B1 },
    { 0x26BD, emoji_26BD },
    { 0x26BE, emoji_26BE },
    { 0x26C4, emoji_26C4 },
    { 0x26C5, emoji_26C5 },
    { 0x26C8, emoji_26C8 },
    { 0x26CE, emoji_26CE },
    { 0x26CF, emoji_26CF },
    { 0x26D1, emoji_26D1 },
    { 0x26D3, emoji_26D3 },
    { 0x26D4, emoji_26D4 },
    { 0x26E9, emoji_26E9 },
    { 0x26EA, emoji_26EA },
    { 0x26F0, emoji_26F0 },
    { 0x26F1, emoji_26F1 },
    { 0x26F2, emoji_26F2 },
    { 0x26F3, emoji_26F3 },
    { 0x26F4, emoji_26F4 },
    { 0x26F5, emoji_26F5 },
    { 0x26F7, emoji_26F7 },
    { 0x26F8, emoji_26F8 },
    { 0x26F9, emoji_26F9 },
    { 0x26FA, emoji_26FA },
    { 0x26FD, emoji_26FD },
    { 0x2702, emoji_2702 },
    { 0x2705, emoji_2705 },
    { 0x2708, emoji_2708 },
    { 0x2709, emoji_2709 },
    { 0x270A, emoji_270A },
    { 0x270B, emoji_270B },
    { 0x270C, emoji_270C },
    { 0x270D, emoji_270D },
    { 0x270F, emoji_270F },
    { 0x2712, emoji_2712 },
    { 0x2714, emoji_2714 },
    { 0x2716, emoji_2716 },
    { 0x271D, emoji_271D },
    { 0x2721, emoji_2721 },
    { 0x2728, emoji_2728 },
    { 0x2733, emoji_2733 },
    { 0x2734, emoji_2734 },
    { 0x2744, emoji_2744 },
    { 0x2747, emoji_2747 },
    { 0x274C, emoji_274C },
    { 0x274E, emoji_274E },
    { 0x2753, emoji_2753 },
    { 0x2754, emoji_2754 },
    { 0x2755, emoji_2755 },
    { 0x2757, emoji_2757 },
    { 0x2763, emoji_2763 },
    { 0x2764, emoji_2764 },
    { 0x2795, emoji_2795 },
    { 0x2796, emoji_2796 },
    { 0x2797, emoji_2797 },
    { 0x27A1, emoji_27A1 },
    { 0x27B0, emoji_27B0 },
    { 0x27BF, emoji_27BF },
    { 0x2934, emoji_2934 },
    { 0x2935, emoji_2935 },
    { 0x2B05, emoji_2B05 },
    { 0x2B06, emoji_2B06 },
    { 0x2B07, emoji_2B07 },
    { 0x2B1B, emoji_2B1B },
    { 0x2B1C, emoji_2B1C },
    { 0x2B50, emoji_2B50 },
    { 0x2B55, emoji_2B55 },
    { 0x3030, emoji_3030 },
    { 0x303D, emoji_303D },
    { 0x3297, emoji_3297 },
    { 0x3299, emoji_3299 },
    { 0x1F004, emoji_1F004 },
    { 0x1F0CF, emoji_1F0CF },
    { 0x1F170, emoji_1F170 },
    { 0x1F171, emoji_1F171 },
    { 0x1F17E, emoji_1F17E },
    { 0x1F17F, emoji_1F17F },
    { 0x1F18E, emoji_1F18E },
    { 0x1F191, emoji_1F191 },
    { 0x1F192, emoji_1F192 },
    { 0x1F193, emoji_1F193 },
    { 0x1F194, emoji_1F194 },
    { 0x1F195, emoji_1F195 },
    { 0x1F196, emoji_1F196 },
    { 0x1F197, emoji_1F197 },
    { 0x1F198, emoji_1F198 },
    { 0x1F199, emoji_1F199 },
    { 0x1F19A, emoji_1F19A },
    { 0x1F1E6, emoji_1F1E6 },
    { 0x1F1E7, emoji_1F1E7 },
    { 0x1F1E8, emoji_1F1E8 },
    { 0x1F1E9, emoji_1F1E9 },
    { 0x1F1EA, emoji_1F1EA },
    { 0x1F1EB, emoji_1F1EB },
    { 0x1F1EC, emoji_1F1EC },
    { 0x1F1ED, emoji_1F1ED },
    { 0x1F1EE, emoji_1F1EE },
    { 0x1F1EF, emoji_1F1EF },
    { 0x1F1F0, emoji_1F1F0 },
    { 0x1F1F1, emoji_1F1F1 },
    { 0x1F1F2, emoji_1F1F2 },
    { 0x1F1F3, emoji_1F1F3 },
    { 0x1F1F4, emoji_1F1F4 },
    { 0x1F1F5, emoji_1F1F5 },
    { 0x1F1F6, emoji_1F1F6 },
    { 0x1F1F7, emoji_1F1F7 },
    { 0x1F1F8, emoji_1F1F8 },
    { 0x1F1F9, emoji_1F1F9 },
    { 0x1F1FA, emoji_1F1FA },
    { 0x1F1FB, emoji_1F1FB },
    { 0x1F1FC, emoji_1F1FC },
    { 0x1F1FD, emoji_1F1FD },
    { 0x1F1FE, emoji_1F1FE },
    { 0x1F1FF, emoji_1F1FF },
    { 0x1F201, emoji_1F201 },
    { 0x1F202, emoji_1F202 },
    { 0x1F21A, emoji_1F21A },
    { 0x1F22F, emoji_1F22F },
    { 0x1F232, emoji_1F232 },
    { 0x1F233, emoji_1F233 },
    { 0x1F234, emoji_1F234 },
    { 0x1F235, emoji_1F235 },
    { 0x1F236, emoji_1F236 },
    { 0x1F237, emoji_1F237 },
    { 0x1F238, emoji_1F238 },
    { 0x1F239, emoji_1F239 },
    { 0x1F23A, emoji_1F23A },
    { 0x1F250, emoji_1F250 },
    { 0x1F251, emoji_1F251 },
    { 0x1F300, emoji_1F300 },
    { 0x1F301, emoji_1F301 },
    { 0x1F302, emoji_1F302 },
    { 0x1F303, emoji_1F303 },
    { 0x1F304, emoji_1F304 },
    { 0x1F305, emoji_1F305 },
    { 0x1F306, emoji_1F306 },
    { 0x1F307, emoji_1F307 },
    { 0x1F308, emoji_1F308 },
    { 0x1F309, emoji_1F309 },
    { 0x1F30A, emoji_1F30A },
    { 0x1F30B, emoji_1F30B },
    { 0x1F30C, emoji_1F30C },
    { 0x1F30D, emoji_1F30D },
    { 0x1F30E, emoji_1F30E },
    { 0x1F30F, emoji_1F30F },
    { 0x1F310, emoji_1F310 },
    { 0x1F311, emoji_1F311 },
    { 0x1F312, emoji_1F312 },
    { 0x1F313, emoji_1F313 },
    { 0x1F314, emoji_1F314 },
    { 0x1F315, emoji_1F315 },
    { 0x1F316, emoji_1F316 },
    { 0x1F317, emoji_1F317 },
    { 0x1F318, emoji_1F318 },
    { 0x1F319, emoji_1F319 },
    { 0x1F31A, emoji_1F31A },
    { 0x1F31B, emoji_1F31B },
    { 0x1F31C, emoji_1F31C },
    { 0x1F31D, emoji_1F31D },
    { 0x1F31E, emoji_1F31E },
    { 0x1F31F, emoji_1F31F },
    { 0x1F320, emoji_1F320 },
    { 0x1F321, emoji_1F321 },
    { 0x1F324, emoji_1F324 },
    { 0x1F325, emoji_1F325 },
    { 0x1F326, emoji_1F326 },
    { 0x1F327, emoji_1F327 },
    { 0x1F328, emoji_1F328 },
    { 0x1F329, emoji_1F329 },
    { 0x1F32A, emoji_1F32A },
    { 0x1F32B, emoji_1F32B },
    { 0x1F32C, emoji_1F32C },
    { 0x1F32D, emoji_1F32D },
    { 0x1F32E, emoji_1F32E },
    { 0x1F32F, emoji_1F32F },
    { 0x1F330, emoji_1F330 },
    { 0x1F331, emoji_1F331 },
    { 0x1F332, emoji_1F332 },
    { 0x1F333, emoji_1F333 },
    { 0x1F334, emoji_1F334 },
    { 0x1F335, emoji_1F335 },
    { 0x1F336, emoji_1F336 },
    { 0x1F337, emoji_1F337 },
    { 0x1F338, emoji_1F338 },
    { 0x1F339, emoji_1F339 },
    { 0x1F33A, emoji_1F33A },
    { 0x1F33B, emoji_1F33B },
    { 0x1F33C, emoji_1F33C },
    { 0x1F33D, emoji_1F33D },
    { 0x1F33E, emoji_1F33E },
    { 0x1F33F, emoji_1F33F },
    { 0x1F340, emoji_1F340 },
    { 0x1F341, emoji_1F341 },
    { 0x1F342, emoji_1F342 },
    { 0x1F343, emoji_1F343 },
    { 0x1F344, emoji_1F344 },
    { 0x1F345, emoji_1F345 },
    { 0x1F346, emoji_1F346 },
    { 0x1F347, emoji_1F347 },
    { 0x1F348, emoji_1F348 },
    { 0x1F349, emoji_1F349 },
    { 0x1F34A, emoji_1F34A },
    { 0x1F34B, emoji_1F34B },
    { 0x1F34C, emoji_1F34C },
    { 0x1F34D, emoji_1F34D },
    { 0x1F34E, emoji_1F34E },
    { 0x1F34F, emoji_1F34F },
    { 0x1F350, emoji_1F350 },
    { 0x1F351, emoji_1F351 },
    { 0x1F352, emoji_1F352 },
    { 0x1F353, emoji_1F353 },
    { 0x1F354, emoji_1F354 },
    { 0x1F355, emoji_1F355 },
    { 0x1F356, emoji_1F356 },
    { 0x1F357, emoji_1F357 },
    { 0x1F358, emoji_1F358 },
    { 0x1F359, emoji_1F359 },
    { 0x1F35A, emoji_1F35A },
    { 0x1F35B, emoji_1F35B },
    { 0x1F35C, emoji_1F35C },
    { 0x1F35D, emoji_1F35D },
    { 0x1F35E, emoji_1F35E },
    { 0x1F35F, emoji_1F35F },
    { 0x1F360, emoji_1F360 },
    { 0x1F361, emoji_1F361 },
    { 0x1F362, emoji_1F362 },
    { 0x1F363, emoji_1F363 },
    { 0x1F364, emoji_1F364 },
    { 0x1F365, emoji_1F365 },
    { 0x1F366, emoji_1F366 },
    { 0x1F367, emoji_1F367 },
    { 0x1F368, emoji_1F368 },
    { 0x1F369, emoji_1F369 },
    { 0x1F36A, emoji_1F36A },
    { 0x1F36B, emoji_1F36B },
    { 0x1F36C, emoji_1F36C },
    { 0x1F36D, emoji_1F36D },
    { 0x1F36E, emoji_1F36E },
    { 0x1F36F, emoji_1F36F },
    { 0x1F370, emoji_1F370 },
    { 0x1F371, emoji_1F371 },
    { 0x1F372, emoji_1F372 },
    { 0x1F373, emoji_1F373 },
    { 0x1F374, emoji_1F374 },
    { 0x1F375, emoji_1F375 },
    { 0x1F376, emoji_1F376 },
    { 0x1F377, emoji_1F377 },
    { 0x1F378, emoji_1F378 },
    { 0x1F379, emoji_1F379 },
    { 0x1F37A, emoji_1F37A },
    { 0x1F37B, emoji_1F37B },
    { 0x1F37C, emoji_1F37C },
    { 0x1F37D, emoji_1F37D },
    { 0x1F37E, emoji_1F37E },
    { 0x1F37F, emoji_1F37F },
    { 0x1F380, emoji_1F380 },
    { 0x1F381, emoji_1F381 },
    { 0x1F382, emoji_1F382 },
    { 0x1F383, emoji_1F383 },
    { 0x1F384, emoji_1F384 },
    { 0x1F385, emoji_1F385 },
    { 0x1F386, emoji_1F386 },
    { 0x1F387, emoji_1F387 },
    { 0x1F388, emoji_1F388 },
    { 0x1F389, emoji_1F389 },
    { 0x1F38A, emoji_1F38A },
    { 0x1F38B, emoji_1F38B },
    { 0x1F38C, emoji_1F38C },
    { 0x1F38D, emoji_1F38D },
    { 0x1F38E, emoji_1F38E },
    { 0x1F38F, emoji_1F38F },
    { 0x1F390, emoji_1F390 },
    { 0x1F391, emoji_1F391 },
    { 0x1F392, emoji_1F392 },
    { 0x1F393, emoji_1F393 },
    { 0x1F396, emoji_1F396 },
    { 0x1F397, emoji_1F397 },
    { 0x1F399, emoji_1F399 },
    { 0x1F39A, emoji_1F39A },
    { 0x1F39B, emoji_1F39B },
    { 0x1F39E, emoji_1F39E },
    { 0x1F39F, emoji_1F39F },
    { 0x1F3A0, emoji_1F3A0 },
    { 0x1F3A1, emoji_1F3A1 },
    { 0x1F3A2, emoji_1F3A2 },
    { 0x1F3A3, emoji_1F3A3 },
    { 0x1F3A4, emoji_1F3A4 },
    { 0x1F3A5, emoji_1F3A5 },
    { 0x1F3A6, emoji_1F3A6 },
    { 0x1F3A7, emoji_1F3A7 },
    { 0x1F3A8, emoji_1F3A8 },
    { 0x1F3A9, emoji_1F3A9 },
    { 0x1F3AA, emoji_1F3AA },
    { 0x1F3AB, emoji_1F3AB },
    { 0x1F3AC, emoji_1F3AC },
    { 0x1F3AD, emoji_1F3AD },
    { 0x1F3AE, emoji_1F3AE },
    { 0x1F3AF, emoji_1F3AF },
    { 0x1F3B0, emoji_1F3B0 },
    { 0x1F3B1, emoji_1F3B1 },
    { 0x1F3B2, emoji_1F3B2 },
    { 0x1F3B3, emoji_1F3B3 },
    { 0x1F3B4, emoji_1F3B4 },
    { 0x1F3B5, emoji_1F3B5 },
    { 0x1F3B6, emoji_1F3B6 },
    { 0x1F3B7, emoji_1F3B7 },
    { 0x1F3B8, emoji_1F3B8 },
    { 0x1F3B9, emoji_1F3B9 },
    { 0x1F3BA, emoji_1F3BA },
    { 0x1F3BB, emoji_1F3BB },
    { 0x1F3BC, emoji_1F3BC },
    { 0x1F3BD, emoji_1F3BD },
    { 0x1F3BE, emoji_1F3BE },
    { 0x1F3BF, emoji_1F3BF },
    { 0x1F3C0, emoji_1F3C0 },
    { 0x1F3C1, emoji_1F3C1 },
    { 0x1F3C2, emoji_1F3C2 },
    { 0x1F3C3, emoji_1F3C3 },
    { 0x1F3C4, emoji_1F3C4 },
    { 0x1F3C5, emoji_1F3C5 },
    { 0x1F3C6, emoji_1F3C6 },
    { 0x1F3C7, emoji_1F3C7 },
    { 0x1F3C8, emoji_1F3C8 },
    { 0x1F3C9, emoji_1F3C9 },
    { 0x1F3CA, emoji_1F3CA },
    { 0x1F3CB, emoji_1F3CB },
    { 0x1F3CC, emoji_1F3CC },
    { 0x1F3CD, emoji_1F3CD },
    { 0x1F3CE, emoji_1F3CE },
    { 0x1F3CF, emoji_1F3CF },
    { 0x1F3D0, emoji_1F3D0 },
    { 0x1F3D1, emoji_1F3D1 },
    { 0x1F3D2, emoji_1F3D2 },
    { 0x1F3D3, emoji_1F3D3 },
    { 0x1F3D4, emoji_1F3D4 },
    { 0x1F3D5, emoji_1F3D5 },
    { 0x1F3D6, emoji_1F3D6 },
    { 0x1F3D7, emoji_1F3D7 },
    { 0x1F3D8, emoji_1F3D8 },
    { 0x1F3D9, emoji_1F3D9 },
    { 0x1F3DA, emoji_1F3DA },
    { 0x1F3DB, emoji_1F3DB },
    { 0x1F3DC, emoji_1F3DC },
    { 0x1F3DD, emoji_1F3DD },
    { 0x1F3DE, emoji_1F3DE },
    { 0x1F3DF, emoji_1F3DF },
    { 0x1F3E0, emoji_1F3E0 },
    { 0x1F3E1, emoji_1F3E1 },
    { 0x1F3E2, emoji_1F3E2 },
    { 0x1F3E3, emoji_1F3E3 },
    { 0x1F3E4, emoji_1F3E4 },
    { 0x1F3E5, emoji_1F3E5 },
    { 0x1F3E6, emoji_1F3E6 },
    { 0x1F3E7, emoji_1F3E7 },
    { 0x1F3E8, emoji_1F3E8 },
    { 0x1F3E9, emoji_1F3E9 },
    { 0x1F3EA, emoji_1F3EA },
    { 0x1F3EB, emoji_1F3EB },
    { 0x1F3EC, emoji_1F3EC },
    { 0x1F3ED, emoji_1F3ED },
    { 0x1F3EE, emoji_1F3EE },
    { 0x1F3EF, emoji_1F3EF },
    { 0x1F3F0, emoji_1F3F0 },
    { 0x1F3F3, emoji_1F3F3 },
    { 0x1F3F4, emoji_1F3F4 },
    { 0x1F3F5, emoji_1F3F5 },
    { 0x1F3F7, emoji_1F3F7 },
    { 0x1F3F8, emoji_1F3F8 },
    { 0x1F3F9, emoji_1F3F9 },
    { 0x1F3FA, emoji_1F3FA },
    { 0x1F3FB, emoji_1F3FB },
    { 0x1F3FC, emoji_1F3FC },
    { 0x1F3FD, emoji_1F3FD },
    { 0x1F3FE, emoji_1F3FE },
    { 0x1F3FF, emoji_1F3FF },
    { 0x1F400, emoji_1F400 },
    { 0x1F401, emoji_1F401 },
    { 0x1F402, emoji_1F402 },
    { 0x1F403, emoji_1F403 },
    { 0x1F404, emoji_1F404 },
    { 0x1F405, emoji_1F405 },
    { 0x1F406, emoji_1F406 },
    { 0x1F407, emoji_1F407 },
    { 0x1F408, emoji_1F408 },
    { 0x1F409, emoji_1F409 },
    { 0x1F40A, emoji_1F40A },
    { 0x1F40B, emoji_1F40B },
    { 0x1F40C, emoji_1F40C },
    { 0x1F40D, emoji_1F40D },
    { 0x1F40E, emoji_1F40E },
    { 0x1F40F, emoji_1F40F },
    { 0x1F410, emoji_1F410 },
    { 0x1F411, emoji_1F411 },
    { 0x1F412, emoji_1F412 },
    { 0x1F413, emoji_1F413 },
    { 0x1F414, emoji_1F414 },
    { 0x1F415, emoji_1F415 },
    { 0x1F416, emoji_1F416 },
    { 0x1F417, emoji_1F417 },
    { 0x1F418, emoji_1F418 },
    { 0x1F419, emoji_1F419 },
    { 0x1F41A, emoji_1F41A },
    { 0x1F41B, emoji_1F41B },
    { 0x1F41C, emoji_1F41C },
    { 0x1F41D, emoji_1F41D },
    { 0x1F41E, emoji_1F41E },
    { 0x1F41F, emoji_1F41F },
    { 0x1F420, emoji_1F420 },
    { 0x1F421, emoji_1F421 },
    { 0x1F422, emoji_1F422 },
    { 0x1F423, emoji_1F423 },
    { 0x1F424, emoji_1F424 },
    { 0x1F425, emoji_1F425 },
    { 0x1F426, emoji_1F426 },
    { 0x1F427, emoji_1F427 },
    { 0x1F428, emoji_1F428 },
    { 0x1F429, emoji_1F429 },
    { 0x1F42A, emoji_1F42A },
    { 0x1F42B, emoji_1F42B },
    { 0x1F42C, emoji_1F42C },
    { 0x1F42D, emoji_1F42D },
    { 0x1F42E, emoji_1F42E },
    { 0x1F42F, emoji_1F42F },
    { 0x1F430, emoji_1F430 },
    { 0x1F431, emoji_1F431 },
    { 0x1F432, emoji_1F432 },
    { 0x1F433, emoji_1F433 },
    { 0x1F434, emoji_1F434 },
    { 0x1F435, emoji_1F435 },
    { 0x1F436, emoji_1F436 },
    { 0x1F437, emoji_1F437 },
    { 0x1F438, emoji_1F438 },
    { 0x1F439, emoji_1F439 },
    { 0x1F43A, emoji_1F43A },
    { 0x1F43B, emoji_1F43B },
    { 0x1F43C, emoji_1F43C },
    { 0x1F43D, emoji_1F43D },
    { 0x1F43E, emoji_1F43E },
    { 0x1F43F, emoji_1F43F },
    { 0x1F440, emoji_1F440 },
    { 0x1F441, emoji_1F441 },
    { 0x1F442, emoji_1F442 },
    { 0x1F443, emoji_1F443 },
    { 0x1F444, emoji_1F444 },
    { 0x1F445, emoji_1F445 },
    { 0x1F446, emoji_1F446 },
    { 0x1F447, emoji_1F447 },
    { 0x1F448, emoji_1F448 },
    { 0x1F449, emoji_1F449 },
    { 0x1F44A, emoji_1F44A },
    { 0x1F44B, emoji_1F44B },
    { 0x1F44C, emoji_1F44C },
    { 0x1F44D, emoji_1F44D },
    { 0x1F44E, emoji_1F44E },
    { 0x1F44F, emoji_1F44F },
    { 0x1F450, emoji_1F450 },
    { 0x1F451, emoji_1F451 },
    { 0x1F452, emoji_1F452 },
    { 0x1F453, emoji_1F453 },
    { 0x1F454, emoji_1F454 },
    { 0x1F455, emoji_1F455 },
    { 0x1F456, emoji_1F456 },
    { 0x1F457, emoji_1F457 },
    { 0x1F458, emoji_1F458 },
    { 0x1F459, emoji_1F459 },
    { 0x1F45A, emoji_1F45A },
    { 0x1F45B, emoji_1F45B },
    { 0x1F45C, emoji_1F45C },
    { 0x1F45D, emoji_1F45D },
    { 0x1F45E, emoji_1F45E },
    { 0x1F45F, emoji_1F45F },
    { 0x1F460, emoji_1F460 },
    { 0x1F461, emoji_1F461 },
    { 0x1F462, emoji_1F462 },
    { 0x1F463, emoji_1F463 },
    { 0x1F464, emoji_1F464 },
    { 0x1F465, emoji_1F465 },
    { 0x1F466, emoji_1F466 },
    { 0x1F467, emoji_1F467 },
    { 0x1F468, emoji_1F468 },
    { 0x1F469, emoji_1F469 },
    { 0x1F46A, emoji_1F46A },
    { 0x1F46B, emoji_1F46B },
    { 0x1F46C, emoji_1F46C },
    { 0x1F46D, emoji_1F46D },
    { 0x1F46E, emoji_1F46E },
    { 0x1F46F, emoji_1F46F },
    { 0x1F470, emoji_1F470 },
    { 0x1F471, emoji_1F471 },
    { 0x1F472, emoji_1F472 },
    { 0x1F473, emoji_1F473 },
    { 0x1F474, emoji_1F474 },
    { 0x1F475, emoji_1F475 },
    { 0x1F476, emoji_1F476 },
    { 0x1F477, emoji_1F477 },
    { 0x1F478, emoji_1F478 },
    { 0x1F479, emoji_1F479 },
    { 0x1F47A, emoji_1F47A },
    { 0x1F47B, emoji_1F47B },
    { 0x1F47C, emoji_1F47C },
    { 0x1F47D, emoji_1F47D },
    { 0x1F47E, emoji_1F47E },
    { 0x1F47F, emoji_1F47F },
    { 0x1F480, emoji_1F480 },
    { 0x1F481, emoji_1F481 },
    { 0x1F482, emoji_1F482 },
    { 0x1F483, emoji_1F483 },
    { 0x1F484, emoji_1F484 },
    { 0x1F485, emoji_1F485 },
    { 0x1F486, emoji_1F486 },
    { 0x1F487, emoji_1F487 },
    { 0x1F488, emoji_1F488 },
    { 0x1F489, emoji_1F489 },
    { 0x1F48A, emoji_1F48A },
    { 0x1F48B, emoji_1F48B },
    { 0x1F48C, emoji_1F48C },
    { 0x1F48D, emoji_1F48D },
    { 0x1F48E, emoji_1F48E },
    { 0x1F48F, emoji_1F48F },
    { 0x1F490, emoji_1F490 },
    { 0x1F491, emoji_1F491 },
    { 0x1F492, emoji_1F492 },
    { 0x1F493, emoji_1F493 },
    { 0x1F494, emoji_1F494 },
    { 0x1F495, emoji_1F495 },
    { 0x1F496, emoji_1F496 },
    { 0x1F497, emoji_1F497 },
    { 0x1F498, emoji_1F498 },
    { 0x1F499, emoji_1F499 },
    { 0x1F49A, emoji_1F49A },
    { 0x1F49B, emoji_1F49B },
    { 0x1F49C, emoji_1F49C },
    { 0x1F49D, emoji_1F49D },
    { 0x1F49E, emoji_1F49E },
    { 0x1F49F, emoji_1F49F },
    { 0x1F4A0, emoji_1F4A0 },
    { 0x1F4A1, emoji_1F4A1 },
    { 0x1F4A2, emoji_1F4A2 },
    { 0x1F4A3, emoji_1F4A3 },
    { 0x1F4A4, emoji_1F4A4 },
    { 0x1F4A5, emoji_1F4A5 },
    { 0x1F4A6, emoji_1F4A6 },
    { 0x1F4A7, emoji_1F4A7 },
    { 0x1F4A8, emoji_1F4A8 },
    { 0x1F4A9, emoji_1F4A9 },
    { 0x1F4AA, emoji_1F4AA },
    { 0x1F4AB, emoji_1F4AB },
    { 0x1F4AC, emoji_1F4AC },
    { 0x1F4AD, emoji_1F4AD },
    { 0x1F4AE, emoji_1F4AE },
    { 0x1F4AF, emoji_1F4AF },
    { 0x1F4B0, emoji_1F4B0 },
    { 0x1F4B1, emoji_1F4B1 },
    { 0x1F4B2, emoji_1F4B2 },
    { 0x1F4B3, emoji_1F4B3 },
    { 0x1F4B4, emoji_1F4B4 },
    { 0x1F4B5, emoji_1F4B5 },
    { 0x1F4B6, emoji_1F4B6 },
    { 0x1F4B7, emoji_1F4B7 },
    { 0x1F4B8, emoji_1F4B8 },
    { 0x1F4B9, emoji_1F4B9 },
    { 0x1F4BA, emoji_1F4BA },
    { 0x1F4BB, emoji_1F4BB },
    { 0x1F4BC, emoji_1F4BC },
    { 0x1F4BD, emoji_1F4BD },
    { 0x1F4BE, emoji_1F4BE },
    { 0x1F4BF, emoji_1F4BF },
    { 0x1F4C0, emoji_1F4C0 },
    { 0x1F4C1, emoji_1F4C1 },
    { 0x1F4C2, emoji_1F4C2 },
    { 0x1F4C3, emoji_1F4C3 },
    { 0x1F4C4, emoji_1F4C4 },
    { 0x1F4C5, emoji_1F4C5 },
    { 0x1F4C6, emoji_1F4C6 },
    { 0x1F4C7, emoji_1F4C7 },
    { 0x1F4C8, emoji_1F4C8 },
    { 0x1F4C9, emoji_1F4C9 },
    { 0x1F4CA, emoji_1F4CA },
    { 0x1F4CB, emoji_1F4CB },
    { 0x1F4CC, emoji_1F4CC },
    { 0x1F4CD, emoji_1F4CD },
    { 0x1F4CE, emoji_1F4CE },
    { 0x1F4CF, emoji_1F4CF },
    { 0x1F4D0, emoji_1F4D0 },
    { 0x1F4D1, emoji_1F4D1 },
    { 0x1F4D2, emoji_1F4D2 },
    { 0x1F4D3, emoji_1F4D3 },
    { 0x1F4D4, emoji_1F4D4 },
    { 0x1F4D5, emoji_1F4D5 },
    { 0x1F4D6, emoji_1F4D6 },
    { 0x1F4D7, emoji_1F4D7 },
    { 0x1F4D8, emoji_1F4D8 },
    { 0x1F4D9, emoji_1F4D9 },
    { 0x1F4DA, emoji_1F4DA },
    { 0x1F4DB, emoji_1F4DB },
    { 0x1F4DC, emoji_1F4DC },
    { 0x1F4DD, emoji_1F4DD },
    { 0x1F4DE, emoji_1F4DE },
    { 0x1F4DF, emoji_1F4DF },
    { 0x1F4E0, emoji_1F4E0 },
    { 0x1F4E1, emoji_1F4E1 },
    { 0x1F4E2, emoji_1F4E2 },
    { 0x1F4E3, emoji_1F4E3 },
    { 0x1F4E4, emoji_1F4E4 },
    { 0x1F4E5, emoji_1F4E5 },
    { 0x1F4E6, emoji_1F4E6 },
    { 0x1F4E7, emoji_1F4E7 },
    { 0x1F4E8, emoji_1F4E8 },
    { 0x1F4E9, emoji_1F4E9 },
    { 0x1F4EA, emoji_1F4EA },
    { 0x1F4EB, emoji_1F4EB },
    { 0x1F4EC, emoji_1F4EC },
    { 0x1F4ED, emoji_1F4ED },
    { 0x1F4EE, emoji_1F4EE },
    { 0x1F4EF, emoji_1F4EF },
    { 0x1F4F0, emoji_1F4F0 },
    { 0x1F4F1, emoji_1F4F1 },
    { 0x1F4F2, emoji_1F4F2 },
    { 0x1F4F3, emoji_1F4F3 },
    { 0x1F4F4, emoji_1F4F4 },
    { 0x1F4F5, emoji_1F4F5 },
    { 0x1F4F6, emoji_1F4F6 },
    { 0x1F4F7, emoji_1F4F7 },
    { 0x1F4F8, emoji_1F4F8 },
    { 0x1F4F9, emoji_1F4F9 },
    { 0x1F4FA, emoji_1F4FA },
    { 0x1F4FB, emoji_1F4FB },
    { 0x1F4FC, emoji_1F4FC },
    { 0x1F4FD, emoji_1F4FD },
    { 0x1F4FF, emoji_1F4FF },
    { 0x1F500, emoji_1F500 },
    { 0x1F501, emoji_1F501 },
    { 0x1F502, emoji_1F502 },
    { 0x1F503, emoji_1F503 },
    { 0x1F504, emoji_1F504 },
    { 0x1F505, emoji_1F505 },
    { 0x1F506, emoji_1F506 },
    { 0x1F507, emoji_1F507 },
    { 0x1F508, emoji_1F508 },
    { 0x1F509, emoji_1F509 },
    { 0x1F50A, emoji_1F50A },
    { 0x1F50B, emoji_1F50B },
    { 0x1F50C, emoji_1F50C },
    { 0x1F50D, emoji_1F50D },
    { 0x1F50E, emoji_1F50E },
    { 0x1F50F, emoji_1F50F },
    { 0x1F510, emoji_1F510 },
    { 0x1F511, emoji_1F511 },
    { 0x1F512, emoji_1F512 },
    { 0x1F513, emoji_1F513 },
    { 0x1F514, emoji_1F514 },
    { 0x1F515, emoji_1F515 },
    { 0x1F516, emoji_1F516 },
    { 0x1F517, emoji_1F517 },
    { 0x1F518, emoji_1F518 },
    { 0x1F519, emoji_1F519 },
    { 0x1F51A, emoji_1F51A },
    { 0x1F51B, emoji_1F51B },
    { 0x1F51C, emoji_1F51C },
    { 0x1F51D, emoji_1F51D },
    { 0x1F51E, emoji_1F51E },
    { 0x1F51F, emoji_1F51F },
    { 0x1F520, emoji_1F520 },
    { 0x1F521, emoji_1F521 },
    { 0x1F522, emoji_1F522 },
    { 0x1F523, emoji_1F523 },
    { 0x1F524, emoji_1F524 },
    { 0x1F525, emoji_1F525 },
    { 0x1F526, emoji_1F526 },
    { 0x1F527, emoji_1F527 },
    { 0x1F528, emoji_1F528 },
    { 0x1F529, emoji_1F529 },
    { 0x1F52A, emoji_1F52A },
    { 0x1F52B, emoji_1F52B },
    { 0x1F52C, emoji_1F52C },
    { 0x1F52D, emoji_1F52D },
    { 0x1F52E, emoji_1F52E },
    { 0x1F52F, emoji_1F52F },
    { 0x1F530, emoji_1F530 },
    { 0x1F531, emoji_1F531 },
    { 0x1F532, emoji_1F532 },
    { 0x1F533, emoji_1F533 },
    { 0x1F534, emoji_1F534 },
    { 0x1F535, emoji_1F535 },
    { 0x1F536, emoji_1F536 },
    { 0x1F537, emoji_1F537 },
    { 0x1F538, emoji_1F538 },
    { 0x1F539, emoji_1F539 },
    { 0x1F53A, emoji_1F53A },
    { 0x1F53B, emoji_1F53B },
    { 0x1F53C, emoji_1F53C },
    { 0x1F53D, emoji_1F53D },
    { 0x1F549, emoji_1F549 },
    { 0x1F54A, emoji_1F54A },
    { 0x1F54B, emoji_1F54B },
    { 0x1F54C, emoji_1F54C },
    { 0x1F54D, emoji_1F54D },
    { 0x1F54E, emoji_1F54E },
    { 0x1F550, emoji_1F550 },
    { 0x1F551, emoji_1F551 },
    { 0x1F552, emoji_1F552 },
    { 0x1F553, emoji_1F553 },
    { 0x1F554, emoji_1F554 },
    { 0x1F555, emoji_1F555 },
    { 0x1F556, emoji_1F556 },
    { 0x1F557, emoji_1F557 },
    { 0x1F558, emoji_1F558 },
    { 0x1F559, emoji_1F559 },
    { 0x1F55A, emoji_1F55A },
    { 0x1F55B, emoji_1F55B },
    { 0x1F55C, emoji_1F55C },
    { 0x1F55D, emoji_1F55D },
    { 0x1F55E, emoji_1F55E },
    { 0x1F55F, emoji_1F55F },
    { 0x1F560, emoji_1F560 },
    { 0x1F561, emoji_1F561 },
    { 0x1F562, emoji_1F562 },
    { 0x1F563, emoji_1F563 },
    { 0x1F564, emoji_1F564 },
    { 0x1F565, emoji_1F565 },
    { 0x1F566, emoji_1F566 },
    { 0x1F567, emoji_1F567 },
    { 0x1F56F, emoji_1F56F },
    { 0x1F570, emoji_1F570 },
    { 0x1F573, emoji_1F573 },
    { 0x1F574, emoji_1F574 },
    { 0x1F575, emoji_1F575 },
    { 0x1F576, emoji_1F576 },
    { 0x1F577, emoji_1F577 },
    { 0x1F578, emoji_1F578 },
    { 0x1F579, emoji_1F579 },
    { 0x1F57A, emoji_1F57A },
    { 0x1F587, emoji_1F587 },
    { 0x1F58A, emoji_1F58A },
    { 0x1F58B, emoji_1F58B },
    { 0x1F58C, emoji_1F58C },
    { 0x1F58D, emoji_1F58D },
    { 0x1F590, emoji_1F590 },
    { 0x1F595, emoji_1F595 },
    { 0x1F596, emoji_1F596 },
    { 0x1F5A4, emoji_1F5A4 },
    { 0x1F5A5, emoji_1F5A5 },
    { 0x1F5A8, emoji_1F5A8 },
    { 0x1F5B1, emoji_1F5B1 },
    { 0x1F5B2, emoji_1F5B2 },
    { 0x1F5BC, emoji_1F5BC },
    { 0x1F5C2, emoji_1F5C2 },
    { 0x1F5C3, emoji_1F5C3 },
    { 0x1F5C4, emoji_1F5C4 },
    { 0x1F5D1, emoji_1F5D1 },
    { 0x1F5D2, emoji_1F5D2 },
    { 0x1F5D3, emoji_1F5D3 },
    { 0x1F5DC, emoji_1F5DC },
    { 0x1F5DD, emoji_1F5DD },
    { 0x1F5DE, emoji_1F5DE },
    { 0x1F5E1, emoji_1F5E1 },
    { 0x1F5E3, emoji_1F5E3 },
    { 0x1F5E8, emoji_1F5E8 },
    { 0x1F5EF, emoji_1F5EF },
    { 0x1F5F3, emoji_1F5F3 },
    { 0x1F5FA, emoji_1F5FA },
    { 0x1F5FB, emoji_1F5FB },
    { 0x1F5FC, emoji_1F5FC },
    { 0x1F5FD, emoji_1F5FD },
    { 0x1F5FE, emoji_1F5FE },
    { 0x1F5FF, emoji_1F5FF },
    { 0x1F600, emoji_1F600 },
    { 0x1F601, emoji_1F601 },
    { 0x1F602, emoji_1F602 },
    { 0x1F603, emoji_1F603 },
    { 0x1F604, emoji_1F604 },
    { 0x1F605, emoji_1F605 },
    { 0x1F606, emoji_1F606 },
    { 0x1F607, emoji_1F607 },
    { 0x1F608, emoji_1F608 },
    { 0x1F609, emoji_1F609 },
    { 0x1F60A, emoji_1F60A },
    { 0x1F60B, emoji_1F60B },
    { 0x1F60C, emoji_1F60C },
    { 0x1F60D, emoji_1F60D },
    { 0x1F60E, emoji_1F60E },
    { 0x1F60F, emoji_1F60F },
    { 0x1F610, emoji_1F610 },
    { 0x1F611, emoji_1F611 },
    { 0x1F612, emoji_1F612 },
    { 0x1F613, emoji_1F613 },
    { 0x1F614, emoji_1F614 },
    { 0x1F615, emoji_1F615 },
    { 0x1F616, emoji_1F616 },
    { 0x1F617, emoji_1F617 },
    { 0x1F618, emoji_1F618 },
    { 0x1F619, emoji_1F619 },
    { 0x1F61A, emoji_1F61A },
    { 0x1F61B, emoji_1F61B },
    { 0x1F61C, emoji_1F61C },
    { 0x1F61D, emoji_1F61D },
    { 0x1F61E, emoji_1F61E },
    { 0x1F61F, emoji_1F61F },
    { 0x1F620, emoji_1F620 },
    { 0x1F621, emoji_1F621 },
    { 0x1F622, emoji_1F622 },
    { 0x1F623, emoji_1F623 },
    { 0x1F624, emoji_1F624 },
    { 0x1F625, emoji_1F625 },
    { 0x1F626, emoji_1F626 },
    { 0x1F627, emoji_1F627 },
    { 0x1F628, emoji_1F628 },
    { 0x1F629, emoji_1F629 },
    { 0x1F62A, emoji_1F62A },
    { 0x1F62B, emoji_1F62B },
    { 0x1F62C, emoji_1F62C },
    { 0x1F62D, emoji_1F62D },
    { 0x1F62E, emoji_1F62E },
    { 0x1F62F, emoji_1F62F },
    { 0x1F630, emoji_1F630 },
    { 0x1F631, emoji_1F631 },
    { 0x1F632, emoji_1F632 },
    { 0x1F633, emoji_1F633 },
    { 0x1F634, emoji_1F634 },
    { 0x1F635, emoji_1F635 },
    { 0x1F636, emoji_1F636 },
    { 0x1F637, emoji_1F637 },
    { 0x1F638, emoji_1F638 },
    { 0x1F639, emoji_1F639 },
    { 0x1F63A, emoji_1F63A },
    { 0x1F63B, emoji_1F63B },
    { 0x1F63C, emoji_1F63C },
    { 0x1F63D, emoji_1F63D },
    { 0x1F63E, emoji_1F63E },
    { 0x1F63F, emoji_1F63F },
    { 0x1F640, emoji_1F640 },
    { 0x1F641, emoji_1F641 },
    { 0x1F642, emoji_1F642 },
    { 0x1F643, emoji_1F643 },
    { 0x1F644, emoji_1F644 },
    { 0x1F645, emoji_1F645 },
    { 0x1F646, emoji_1F646 },
    { 0x1F647, emoji_1F647 },
    { 0x1F648, emoji_1F648 },
    { 0x1F649, emoji_1F649 },
    { 0x1F64A, emoji_1F64A },
    { 0x1F64B, emoji_1F64B },
    { 0x1F64C, emoji_1F64C },
    { 0x1F64D, emoji_1F64D },
    { 0x1F64E, emoji_1F64E },
    { 0x1F64F, emoji_1F64F },
    { 0x1F680, emoji_1F680 },
    { 0x1F681, emoji_1F681 },
    { 0x1F682, emoji_1F682 },
    { 0x1F683, emoji_1F683 },
    { 0x1F684, emoji_1F684 },
    { 0x1F685, emoji_1F685 },
    { 0x1F686, emoji_1F686 },
    { 0x1F687, emoji_1F687 },
    { 0x1F688, emoji_1F688 },
    { 0x1F689, emoji_1F689 },
    { 0x1F68A, emoji_1F68A },
    { 0x1F68B, emoji_1F68B },
    { 0x1F68C, emoji_1F68C },
    { 0x1F68D, emoji_1F68D },
    { 0x1F68E, emoji_1F68E },
    { 0x1F68F, emoji_1F68F },
    { 0x1F690, emoji_1F690 },
    { 0x1F691, emoji_1F691 },
    { 0x1F692, emoji_1F692 },
    { 0x1F693, emoji_1F693 },
    { 0x1F694, emoji_1F694 },
    { 0x1F695, emoji_1F695 },
    { 0x1F696, emoji_1F696 },
    { 0x1F697, emoji_1F697 },
    { 0x1F698, emoji_1F698 },
    { 0x1F699, emoji_1F699 },
    { 0x1F69A, emoji_1F69A },
    { 0x1F69B, emoji_1F69B },
    { 0x1F69C, emoji_1F69C },
    { 0x1F69D, emoji_1F69D },
    { 0x1F69E, emoji_1F69E },
    { 0x1F69F, emoji_1F69F },
    { 0x1F6A0, emoji_1F6A0 },
    { 0x1F6A1, emoji_1F6A1 },
    { 0x1F6A2, emoji_1F6A2 },
    { 0x1F6A3, emoji_1F6A3 },
    { 0x1F6A4, emoji_1F6A4 },
    { 0x1F6A5, emoji_1F6A5 },
    { 0x1F6A6, emoji_1F6A6 },
    { 0x1F6A7, emoji_1F6A7 },
    { 0x1F6A8, emoji_1F6A8 },
    { 0x1F6A9, emoji_1F6A9 },
    { 0x1F6AA, emoji_1F6AA },
    { 0x1F6AB, emoji_1F6AB },
    { 0x1F6AC, emoji_1F6AC },
    { 0x1F6AD, emoji_1F6AD },
    { 0x1F6AE, emoji_1F6AE },
    { 0x1F6AF, emoji_1F6AF },
    { 0x1F6B0, emoji_1F6B0 },
    { 0x1F6B1, emoji_1F6B1 },
    { 0x1F6B2, emoji_1F6B2 },
    { 0x1F6B3, emoji_1F6B3 },
    { 0x1F6B4, emoji_1F6B4 },
    { 0x1F6B5, emoji_1F6B5 },
    { 0x1F6B6, emoji_1F6B6 },
    { 0x1F6B7, emoji_1F6B7 },
    { 0x1F6B8, emoji_1F6B8 },
    { 0x1F6B9, emoji_1F6B9 },
    { 0x1F6BA, emoji_1F6BA },
    { 0x1F6BB, emoji_1F6BB },
    { 0x1F6BC, emoji_1F6BC },
    { 0x1F6BD, emoji_1F6BD },
    { 0x1F6BE, emoji_1F6BE },
    { 0x1F6BF, emoji_1F6BF },
    { 0x1F6C0, emoji_1F6C0 },
    { 0x1F6C1, emoji_1F6C1 },
    { 0x1F6C2, emoji_1F6C2 },
    { 0x1F6C3, emoji_1F6C3 },
    { 0x1F6C4, emoji_1F6C4 },
    { 0x1F6C5, emoji_1F6C5 },
    { 0x1F6CB, emoji_1F6CB },
    { 0x1F6CC, emoji_1F6CC },
    { 0x1F6CD, emoji_1F6CD },
    { 0x1F6CE, emoji_1F6CE },
    { 0x1F6CF, emoji_1F6CF },
    { 0x1F6D0, emoji_1F6D0 },
    { 0x1F6D1, emoji_1F6D1 },
    { 0x1F6D2, emoji_1F6D2 },
    { 0x1F6D5, emoji_1F6D5 },
    { 0x1F6D6, emoji_1F6D6 },
    { 0x1F6D7, emoji_1F6D7 },
    { 0x1F6D8, emoji_1F6D8 },
    { 0x1F6DC, emoji_1F6DC },
    { 0x1F6DD, emoji_1F6DD },
    { 0x1F6DE, emoji_1F6DE },
    { 0x1F6DF, emoji_1F6DF },
    { 0x1F6E0, emoji_1F6E0 },
    { 0x1F6E1, emoji_1F6E1 },
    { 0x1F6E2, emoji_1F6E2 },
    { 0x1F6E3, emoji_1F6E3 },
    { 0x1F6E4, emoji_1F6E4 },
    { 0x1F6E5, emoji_1F6E5 },
    { 0x1F6E9, emoji_1F6E9 },
    { 0x1F6EB, emoji_1F6EB },
    { 0x1F6EC, emoji_1F6EC },
    { 0x1F6F0, emoji_1F6F0 },
    { 0x1F6F3, emoji_1F6F3 },
    { 0x1F6F4, emoji_1F6F4 },
    { 0x1F6F5, emoji_1F6F5 },
    { 0x1F6F6, emoji_1F6F6 },
    { 0x1F6F7, emoji_1F6F7 },
    { 0x1F6F8, emoji_1F6F8 },
    { 0x1F6F9, emoji_1F6F9 },
    { 0x1F6FA, emoji_1F6FA },
    { 0x1F6FB, emoji_1F6FB },
    { 0x1F6FC, emoji_1F6FC },
    { 0x1F7E0, emoji_1F7E0 },
    { 0x1F7E1, emoji_1F7E1 },
    { 0x1F7E2, emoji_1F7E2 },
    { 0x1F7E3, emoji_1F7E3 },
    { 0x1F7E4, emoji_1F7E4 },
    { 0x1F7E5, emoji_1F7E5 },
    { 0x1F7E6, emoji_1F7E6 },
    { 0x1F7E7, emoji_1F7E7 },
    { 0x1F7E8, emoji_1F7E8 },
    { 0x1F7E9, emoji_1F7E9 },
    { 0x1F7EA, emoji_1F7EA },
    { 0x1F7EB, emoji_1F7EB },
    { 0x1F7F0, emoji_1F7F0 },
    { 0x1F90C, emoji_1F90C },
    { 0x1F90D, emoji_1F90D },
    { 0x1F90E, emoji_1F90E },
    { 0x1F90F, emoji_1F90F },
    { 0x1F910, emoji_1F910 },
    { 0x1F911, emoji_1F911 },
    { 0x1F912, emoji_1F912 },
    { 0x1F913, emoji_1F913 },
    { 0x1F914, emoji_1F914 },
    { 0x1F915, emoji_1F915 },
    { 0x1F916, emoji_1F916 },
    { 0x1F917, emoji_1F917 },
    { 0x1F918, emoji_1F918 },
    { 0x1F919, emoji_1F919 },
    { 0x1F91A, emoji_1F91A },
    { 0x1F91B, emoji_1F91B },
    { 0x1F91C, emoji_1F91C },
    { 0x1F91D, emoji_1F91D },
    { 0x1F91E, emoji_1F91E },
    { 0x1F91F, emoji_1F91F },
    { 0x1F920, emoji_1F920 },
    { 0x1F921, emoji_1F921 },
    { 0x1F922, emoji_1F922 },
    { 0x1F923, emoji_1F923 },
    { 0x1F924, emoji_1F924 },
    { 0x1F925, emoji_1F925 },
    { 0x1F926, emoji_1F926 },
    { 0x1F927, emoji_1F927 },
    { 0x1F928, emoji_1F928 },
    { 0x1F929, emoji_1F929 },
    { 0x1F92A, emoji_1F92A },
    { 0x1F92B, emoji_1F92B },
    { 0x1F92C, emoji_1F92C },
    { 0x1F92D, emoji_1F92D },
    { 0x1F92E, emoji_1F92E },
    { 0x1F92F, emoji_1F92F },
    { 0x1F930, emoji_1F930 },
    { 0x1F931, emoji_1F931 },
    { 0x1F932, emoji_1F932 },
    { 0x1F933, emoji_1F933 },
    { 0x1F934, emoji_1F934 },
    { 0x1F935, emoji_1F935 },
    { 0x1F936, emoji_1F936 },
    { 0x1F937, emoji_1F937 },
    { 0x1F938, emoji_1F938 },
    { 0x1F939, emoji_1F939 },
    { 0x1F93A, emoji_1F93A },
    { 0x1F93C, emoji_1F93C },
    { 0x1F93D, emoji_1F93D },
    { 0x1F93E, emoji_1F93E },
    { 0x1F93F, emoji_1F93F },
    { 0x1F940, emoji_1F940 },
    { 0x1F941, emoji_1F941 },
    { 0x1F942, emoji_1F942 },
    { 0x1F943, emoji_1F943 },
    { 0x1F944, emoji_1F944 },
    { 0x1F945, emoji_1F945 },
    { 0x1F947, emoji_1F947 },
    { 0x1F948, emoji_1F948 },
    { 0x1F949, emoji_1F949 },
    { 0x1F94A, emoji_1F94A },
    { 0x1F94B, emoji_1F94B },
    { 0x1F94C, emoji_1F94C },
    { 0x1F94D, emoji_1F94D },
    { 0x1F94E, emoji_1F94E },
    { 0x1F94F, emoji_1F94F },
    { 0x1F950, emoji_1F950 },
    { 0x1F951, emoji_1F951 },
    { 0x1F952, emoji_1F952 },
    { 0x1F953, emoji_1F953 },
    { 0x1F954, emoji_1F954 },
    { 0x1F955, emoji_1F955 },
    { 0x1F956, emoji_1F956 },
    { 0x1F957, emoji_1F957 },
    { 0x1F958, emoji_1F958 },
    { 0x1F959, emoji_1F959 },
    { 0x1F95A, emoji_1F95A },
    { 0x1F95B, emoji_1F95B },
    { 0x1F95C, emoji_1F95C },
    { 0x1F95D, emoji_1F95D },
    { 0x1F95E, emoji_1F95E },
    { 0x1F95F, emoji_1F95F },
    { 0x1F960, emoji_1F960 },
    { 0x1F961, emoji_1F961 },
    { 0x1F962, emoji_1F962 },
    { 0x1F963, emoji_1F963 },
    { 0x1F964, emoji_1F964 },
    { 0x1F965, emoji_1F965 },
    { 0x1F966, emoji_1F966 },
    { 0x1F967, emoji_1F967 },
    { 0x1F968, emoji_1F968 },
    { 0x1F969, emoji_1F969 },
    { 0x1F96A, emoji_1F96A },
    { 0x1F96B, emoji_1F96B },
    { 0x1F96C, emoji_1F96C },
    { 0x1F96D, emoji_1F96D },
    { 0x1F96E, emoji_1F96E },
    { 0x1F96F, emoji_1F96F },
    { 0x1F970, emoji_1F970 },
    { 0x1F971, emoji_1F971 },
    { 0x1F972, emoji_1F972 },
    { 0x1F973, emoji_1F973 },
    { 0x1F974, emoji_1F974 },
    { 0x1F975, emoji_1F975 },
    { 0x1F976, emoji_1F976 },
    { 0x1F977, emoji_1F977 },
    { 0x1F978, emoji_1F978 },
    { 0x1F979, emoji_1F979 },
    { 0x1F97A, emoji_1F97A },
    { 0x1F97B, emoji_1F97B },
    { 0x1F97C, emoji_1F97C },
    { 0x1F97D, emoji_1F97D },
    { 0x1F97E, emoji_1F97E },
    { 0x1F97F, emoji_1F97F },
    { 0x1F980, emoji_1F980 },
    { 0x1F981, emoji_1F981 },
    { 0x1F982, emoji_1F982 },
    { 0x1F983, emoji_1F983 },
    { 0x1F984, emoji_1F984 },
    { 0x1F985, emoji_1F985 },
    { 0x1F986, emoji_1F986 },
    { 0x1F987, emoji_1F987 },
    { 0x1F988, emoji_1F988 },
    { 0x1F989, emoji_1F989 },
    { 0x1F98A, emoji_1F98A },
    { 0x1F98B, emoji_1F98B },
    { 0x1F98C, emoji_1F98C },
    { 0x1F98D, emoji_1F98D },
    { 0x1F98E, emoji_1F98E },
    { 0x1F98F, emoji_1F98F },
    { 0x1F990, emoji_1F990 },
    { 0x1F991, emoji_1F991 },
    { 0x1F992, emoji_1F992 },
    { 0x1F993, emoji_1F993 },
    { 0x1F994, emoji_1F994 },
    { 0x1F995, emoji_1F995 },
    { 0x1F996, emoji_1F996 },
    { 0x1F997, emoji_1F997 },
    { 0x1F998, emoji_1F998 },
    { 0x1F999, emoji_1F999 },
    { 0x1F99A, emoji_1F99A },
    { 0x1F99B, emoji_1F99B },
    { 0x1F99C, emoji_1F99C },
    { 0x1F99D, emoji_1F99D },
    { 0x1F99E, emoji_1F99E },
    { 0x1F99F, emoji_1F99F },
    { 0x1F9A0, emoji_1F9A0 },
    { 0x1F9A1, emoji_1F9A1 },
    { 0x1F9A2, emoji_1F9A2 },
    { 0x1F9A3, emoji_1F9A3 },
    { 0x1F9A4, emoji_1F9A4 },
    { 0x1F9A5, emoji_1F9A5 },
    { 0x1F9A6, emoji_1F9A6 },
    { 0x1F9A7, emoji_1F9A7 },
    { 0x1F9A8, emoji_1F9A8 },
    { 0x1F9A9, emoji_1F9A9 },
    { 0x1F9AA, emoji_1F9AA },
    { 0x1F9AB, emoji_1F9AB },
    { 0x1F9AC, emoji_1F9AC },
    { 0x1F9AD, emoji_1F9AD },
    { 0x1F9AE, emoji_1F9AE },
    { 0x1F9AF, emoji_1F9AF },
    { 0x1F9B0, emoji_1F9B0 },
    { 0x1F9B1, emoji_1F9B1 },
    { 0x1F9B2, emoji_1F9B2 },
    { 0x1F9B3, emoji_1F9B3 },
    { 0x1F9B4, emoji_1F9B4 },
    { 0x1F9B5, emoji_1F9B5 },
    { 0x1F9B6, emoji_1F9B6 },
    { 0x1F9B7, emoji_1F9B7 },
    { 0x1F9B8, emoji_1F9B8 },
    { 0x1F9B9, emoji_1F9B9 },
    { 0x1F9BA, emoji_1F9BA },
    { 0x1F9BB, emoji_1F9BB },
    { 0x1F9BC, emoji_1F9BC },
    { 0x1F9BD, emoji_1F9BD },
    { 0x1F9BE, emoji_1F9BE },
    { 0x1F9BF, emoji_1F9BF },
    { 0x1F9C0, emoji_1F9C0 },
    { 0x1F9C1, emoji_1F9C1 },
    { 0x1F9C2, emoji_1F9C2 },
    { 0x1F9C3, emoji_1F9C3 },
    { 0x1F9C4, emoji_1F9C4 },
    { 0x1F9C5, emoji_1F9C5 },
    { 0x1F9C6, emoji_1F9C6 },
    { 0x1F9C7, emoji_1F9C7 },
    { 0x1F9C8, emoji_1F9C8 },
    { 0x1F9C9, emoji_1F9C9 },
    { 0x1F9CA, emoji_1F9CA },
    { 0x1F9CB, emoji_1F9CB },
    { 0x1F9CC, emoji_1F9CC },
    { 0x1F9CD, emoji_1F9CD },
    { 0x1F9CE, emoji_1F9CE },
    { 0x1F9CF, emoji_1F9CF },
    { 0x1F9D0, emoji_1F9D0 },
    { 0x1F9D1, emoji_1F9D1 },
    { 0x1F9D2, emoji_1F9D2 },
    { 0x1F9D3, emoji_1F9D3 },
    { 0x1F9D4, emoji_1F9D4 },
    { 0x1F9D5, emoji_1F9D5 },
    { 0x1F9D6, emoji_1F9D6 },
    { 0x1F9D7, emoji_1F9D7 },
    { 0x1F9D8, emoji_1F9D8 },
    { 0x1F9D9, emoji_1F9D9 },
    { 0x1F9DA, emoji_1F9DA },
    { 0x1F9DB, emoji_1F9DB },
    { 0x1F9DC, emoji_1F9DC },
    { 0x1F9DD, emoji_1F9DD },
    { 0x1F9DE, emoji_1F9DE },
    { 0x1F9DF, emoji_1F9DF },
    { 0x1F9E0, emoji_1F9E0 },
    { 0x1F9E1, emoji_1F9E1 },
    { 0x1F9E2, emoji_1F9E2 },
    { 0x1F9E3, emoji_1F9E3 },
    { 0x1F9E4, emoji_1F9E4 },
    { 0x1F9E5, emoji_1F9E5 },
    { 0x1F9E6, emoji_1F9E6 },
    { 0x1F9E7, emoji_1F9E7 },
    { 0x1F9E8, emoji_1F9E8 },
    { 0x1F9E9, emoji_1F9E9 },
    { 0x1F9EA, emoji_1F9EA },
    { 0x1F9EB, emoji_1F9EB },
    { 0x1F9EC, emoji_1F9EC },
    { 0x1F9ED, emoji_1F9ED },
    { 0x1F9EE, emoji_1F9EE },
    { 0x1F9EF, emoji_1F9EF },
    { 0x1F9F0, emoji_1F9F0 },
    { 0x1F9F1, emoji_1F9F1 },
    { 0x1F9F2, emoji_1F9F2 },
    { 0x1F9F3, emoji_1F9F3 },
    { 0x1F9F4, emoji_1F9F4 },
    { 0x1F9F5, emoji_1F9F5 },
    { 0x1F9F6, emoji_1F9F6 },
    { 0x1F9F7, emoji_1F9F7 },
    { 0x1F9F8, emoji_1F9F8 },
    { 0x1F9F9, emoji_1F9F9 },
    { 0x1F9FA, emoji_1F9FA },
    { 0x1F9FB, emoji_1F9FB },
    { 0x1F9FC, emoji_1F9FC },
    { 0x1F9FD, emoji_1F9FD },
    { 0x1F9FE, emoji_1F9FE },
    { 0x1F9FF, emoji_1F9FF },
    { 0x1FA70, emoji_1FA70 },
    { 0x1FA71, emoji_1FA71 },
    { 0x1FA72, emoji_1FA72 },
    { 0x1FA73, emoji_1FA73 },
    { 0x1FA74, emoji_1FA74 },
    { 0x1FA75, emoji_1FA75 },
    { 0x1FA76, emoji_1FA76 },
    { 0x1FA77, emoji_1FA77 },
    { 0x1FA78, emoji_1FA78 },
    { 0x1FA79, emoji_1FA79 },
    { 0x1FA7A, emoji_1FA7A },
    { 0x1FA7B, emoji_1FA7B },
    { 0x1FA7C, emoji_1FA7C },
    { 0x1FA80, emoji_1FA80 },
    { 0x1FA81, emoji_1FA81 },
    { 0x1FA82, emoji_1FA82 },
    { 0x1FA83, emoji_1FA83 },
    { 0x1FA84, emoji_1FA84 },
    { 0x1FA85, emoji_1FA85 },
    { 0x1FA86, emoji_1FA86 },
    { 0x1FA87, emoji_1FA87 },
    { 0x1FA88, emoji_1FA88 },
    { 0x1FA89, emoji_1FA89 },
    { 0x1FA8A, emoji_1FA8A },
    { 0x1FA8E, emoji_1FA8E },
    { 0x1FA8F, emoji_1FA8F },
    { 0x1FA90, emoji_1FA90 },
    { 0x1FA91, emoji_1FA91 },
    { 0x1FA92, emoji_1FA92 },
    { 0x1FA93, emoji_1FA93 },
    { 0x1FA94, emoji_1FA94 },
    { 0x1FA95, emoji_1FA95 },
    { 0x1FA96, emoji_1FA96 },
    { 0x1FA97, emoji_1FA97 },
    { 0x1FA98, emoji_1FA98 },
    { 0x1FA99, emoji_1FA99 },
    { 0x1FA9A, emoji_1FA9A },
    { 0x1FA9B, emoji_1FA9B },
    { 0x1FA9C, emoji_1FA9C },
    { 0x1FA9D, emoji_1FA9D },
    { 0x1FA9E, emoji_1FA9E },
    { 0x1FA9F, emoji_1FA9F },
    { 0x1FAA0, emoji_1FAA0 },
    { 0x1FAA1, emoji_1FAA1 },
    { 0x1FAA2, emoji_1FAA2 },
    { 0x1FAA3, emoji_1FAA3 },
    { 0x1FAA4, emoji_1FAA4 },
    { 0x1FAA5, emoji_1FAA5 },
    { 0x1FAA6, emoji_1FAA6 },
    { 0x1FAA7, emoji_1FAA7 },
    { 0x1FAA8, emoji_1FAA8 },
    { 0x1FAA9, emoji_1FAA9 },
    { 0x1FAAA, emoji_1FAAA },
    { 0x1FAAB, emoji_1FAAB },
    { 0x1FAAC, emoji_1FAAC },
    { 0x1FAAD, emoji_1FAAD },
    { 0x1FAAE, emoji_1FAAE },
    { 0x1FAAF, emoji_1FAAF },
    { 0x1FAB0, emoji_1FAB0 },
    { 0x1FAB1, emoji_1FAB1 },
    { 0x1FAB2, emoji_1FAB2 },
    { 0x1FAB3, emoji_1FAB3 },
    { 0x1FAB4, emoji_1FAB4 },
    { 0x1FAB5, emoji_1FAB5 },
    { 0x1FAB6, emoji_1FAB6 },
    { 0x1FAB7, emoji_1FAB7 },
    { 0x1FAB8, emoji_1FAB8 },
    { 0x1FAB9, emoji_1FAB9 },
    { 0x1FABA, emoji_1FABA },
    { 0x1FABB, emoji_1FABB },
    { 0x1FABC, emoji_1FABC },
    { 0x1FABD, emoji_1FABD },
    { 0x1FABE, emoji_1FABE },
    { 0x1FABF, emoji_1FABF },
    { 0x1FAC0, emoji_1FAC0 },
    { 0x1FAC1, emoji_1FAC1 },
    { 0x1FAC2, emoji_1FAC2 },
    { 0x1FAC3, emoji_1FAC3 },
    { 0x1FAC4, emoji_1FAC4 },
    { 0x1FAC5, emoji_1FAC5 },
    { 0x1FAC6, emoji_1FAC6 },
    { 0x1FAC8, emoji_1FAC8 },
    { 0x1FACD, emoji_1FACD },
    { 0x1FACE, emoji_1FACE },
    { 0x1FACF, emoji_1FACF },
    { 0x1FAD0, emoji_1FAD0 },
    { 0x1FAD1, emoji_1FAD1 },
    { 0x1FAD2, emoji_1FAD2 },
    { 0x1FAD3, emoji_1FAD3 },
    { 0x1FAD4, emoji_1FAD4 },
    { 0x1FAD5, emoji_1FAD5 },
    { 0x1FAD6, emoji_1FAD6 },
    { 0x1FAD7, emoji_1FAD7 },
    { 0x1FAD8, emoji_1FAD8 },
    { 0x1FAD9, emoji_1FAD9 },
    { 0x1FADA, emoji_1FADA },
    { 0x1FADB, emoji_1FADB },
    { 0x1FADC, emoji_1FADC },
    { 0x1FADF, emoji_1FADF },
    { 0x1FAE0, emoji_1FAE0 },
    { 0x1FAE1, emoji_1FAE1 },
    { 0x1FAE2, emoji_1FAE2 },
    { 0x1FAE3, emoji_1FAE3 },
    { 0x1FAE4, emoji_1FAE4 },
    { 0x1FAE5, emoji_1FAE5 },
    { 0x1FAE6, emoji_1FAE6 },
    { 0x1FAE7, emoji_1FAE7 },
    { 0x1FAE8, emoji_1FAE8 },
    { 0x1FAE9, emoji_1FAE9 },
    { 0x1FAEA, emoji_1FAEA },
    { 0x1FAEF, emoji_1FAEF },
    { 0x1FAF0, emoji_1FAF0 },
    { 0x1FAF1, emoji_1FAF1 },
    { 0x1FAF2, emoji_1FAF2 },
    { 0x1FAF3, emoji_1FAF3 },
    { 0x1FAF4, emoji_1FAF4 },
    { 0x1FAF5, emoji_1FAF5 },
    { 0x1FAF6, emoji_1FAF6 },
    { 0x1FAF7, emoji_1FAF7 },
    { 0x1FAF8, emoji_1FAF8 },
    { 0xFE4E5, emoji_FE4E5 },
    { 0xFE4E6, emoji_FE4E6 },
    { 0xFE4E7, emoji_FE4E7 },
    { 0xFE4E8, emoji_FE4E8 },
    { 0xFE4E9, emoji_FE4E9 },
    { 0xFE4EA, emoji_FE4EA },
    { 0xFE4EB, emoji_FE4EB },
    { 0xFE4EC, emoji_FE4EC },
    { 0xFE4ED, emoji_FE4ED },
    { 0xFE4EE, emoji_FE4EE },
    { 0xFE82C, emoji_FE82C },
    { 0xFE82E, emoji_FE82E },
    { 0xFE82F, emoji_FE82F },
    { 0xFE830, emoji_FE830 },
    { 0xFE831, emoji_FE831 },
    { 0xFE832, emoji_FE832 },
    { 0xFE833, emoji_FE833 },
    { 0xFE834, emoji_FE834 },
    { 0xFE835, emoji_FE835 },
    { 0xFE836, emoji_FE836 },
    { 0xFE837, emoji_FE837 },
};

const size_t BUILTIN_EMOJIS_NUM = sizeof(BUILTIN_EMOJIS) / sizeof(BUILTIN_EMOJIS[0]);

const uint8_t* builtin_emoji_lookup(uint32_t code) {
    if (BUILTIN_EMOJIS_NUM == 0) return nullptr;
    size_t low = 0;
    size_t high = BUILTIN_EMOJIS_NUM - 1;
    while (low <= high) {
        size_t mid = low + (high - low) / 2;
        if (BUILTIN_EMOJIS[mid].code == code) {
            return BUILTIN_EMOJIS[mid].bitmap;
        } else if (BUILTIN_EMOJIS[mid].code < code) {
            low = mid + 1;
        } else {
            if (mid == 0) break;
            high = mid - 1;
        }
    }
    return nullptr;
}
